[{"word": "commercial", "definition": "adj. \u5546\u4e1a\u7684\uff0c\u5546\u52a1\u7684\uff1b\u5546\u4e1a\u5316\u7684\uff0c\u4ee5\u83b7\u5229\u4e3a\u76ee\u7684\u7684\uff1b\u7531\u5e7f\u544a\u5546\u652f\u4ed8\u7684\uff1b\uff08\u5316\u5b66\u5236\u54c1\uff09\u5927\u91cf\u4f9b\u5e94\u4e14\u7eaf\u5ea6\u4e0d\u9ad8\u7684", "pronounce": "[k\u0259\u02c8m\u025c\u02d0\u0283(\u0259)l]", "sentence_en": "We hope it will be a commercial success.", "sentence_zh": "\u6211\u4eec\u5e0c\u671b\u5b83\u4f1a\u662f\u4e00\u6b21\u5546\u4e1a\u6210\u529f\u3002"}, {"word": "decline", "definition": "v. \u4e0b\u964d\uff0c\u8870\u9000\uff1b\u62d2\u7edd\uff0c\u8c22\u7edd\uff1b\u53d8\u683c\uff0c\u8bcd\u5f62\u53d8\u5316", "pronounce": "[d\u026a\u02c8kla\u026an]", "sentence_en": "The industry has slid into decline.", "sentence_zh": "\u8fd9\u4e2a\u884c\u4e1a\u5df2\u6210\u8870\u9000\u4e4b\u52bf\u3002"}, {"word": "descend", "definition": "v. \u4e0b\u6765\uff0c\u4e0b\u964d\uff1b\u4e0b\u503e\uff0c\u4e0b\u659c\uff1b\u964d\u4e34\uff0c\u6765\u4e34\uff1b\uff08\u60c5\u7eea\u3001\u6c14\u6c1b\u7b49\uff09\u7b3c\u7f69\uff1b\u7a81\u7136\u5230\u6765\uff0c\u7a81\u7136\u9020\u8bbf\uff1b\u964d\u4f4e\u8eab\u4efd\uff0c\u5815\u843d\uff1b\u8870\u843d\uff0c\u9677\u5165\uff1b\u9057\u4f20", "pronounce": "[d\u026a\u02c8send]", "sentence_en": "The pilots were told to descend to 2-2,000 feet.", "sentence_zh": "\u98de\u884c\u5458\u88ab\u544a\u77e5\u8981\u5c06\u98de\u673a\u4e0b\u964d\u52302-2000\u82f1\u5c3a\u3002"}, {"word": "pollution", "definition": "n. \u6c61\u67d3\uff1b\u6c61\u67d3\u7269\uff1b\u566a\u97f3\u6c61\u67d3\uff0c\uff08\u591c\u95f4\u6270\u4eba\u7684\uff09\u5f3a\u70c8\u706f\u5149", "pronounce": "[p\u0259\u02c8lu\u02d0\u0283(\u0259)n]", "sentence_en": "Pollution can aggravate asthma.", "sentence_zh": "\u6c61\u67d3\u4f1a\u4f7f\u6c14\u5598\u52a0\u91cd\u3002"}, {"word": "cozy", "definition": "adj. \u8212\u9002\u7684\uff0c\u6e29\u6696\u7684\uff1b\u53cb\u597d\u7684\uff0c\u4eb2\u5bc6\u65e0\u95f4\u7684\uff1b\u5bc6\u5207\u7684\uff0c\u4e92\u76f8\u52fe\u7ed3\u7684\uff1b\u8f7b\u6613\u5f97\u5230\u7684\uff08\u4f46\u4e0d\u4e00\u5b9a\u662f\u6070\u5f53\u7684\uff09\uff1b\u4e0d\u63d0\u51fa\uff08\u6216\u4e0d\u63a5\u53d7\uff09\u6311\u6218\u7684", "pronounce": "[\u02c8k\u0259\u028azi]", "sentence_en": "This cozy workplace no longer exists here.", "sentence_zh": "\u8fd9\u4e2a\u8212\u9002\u7684\u5de5\u4f5c\u73af\u5883\u5df2\u7ecf\u4e0d\u590d\u5b58\u5728\u4e86\u3002"}]