[{"word": "abandon", "definition": "v. \u629b\u5f03\uff0c\u9057\u5f03\uff1b\uff08\u56e0\u5371\u9669\uff09\u79bb\u5f00\uff0c\u820d\u5f03\uff1b\u4e2d\u6b62\uff0c\u4e0d\u518d\u6709\uff1b\u653e\u5f03\uff08\u4fe1\u5ff5\u3001\u4fe1\u4ef0\u6216\u770b\u6cd5\uff09\uff1b\u9677\u5165\uff0c\u6c89\u6e4e\u4e8e\uff08\u67d0\u79cd\u60c5\u611f\uff09", "pronounce": "[\u0259\u02c8b\u00e6nd\u0259n]", "sentence_en": "Abandon hope all ye who enter here.", "sentence_zh": "\u6c5d\u7b49\u8fdb\u5165\u6b64\u5730\uff0c\u987b\u5f03\u7edd\u5e0c\u671b\u3002"}, {"word": "ability", "definition": "n. \u80fd\u529b\uff0c\u80fd\u591f\uff1b\u624d\u80fd\uff0c\u6280\u80fd\uff0c\u672c\u9886", "pronounce": "[\u0259\u02c8b\u026al\u0259ti]", "sentence_en": "No one doubted his ability.", "sentence_zh": "\u6ca1\u6709\u4eba\u6000\u7591\u4ed6\u7684\u80fd\u529b\u3002"}, {"word": "abnormal", "definition": "adj. \u53cd\u5e38\u7684\uff0c\u5f02\u5e38\u7684\uff0c\u53d8\u6001\u7684\uff1b\u4e0d\u89c4\u5219\u7684", "pronounce": "[\u00e6b\u02c8n\u0254\u02d0m(\u0259)l]", "sentence_en": "They thought his behaviour was abnormal.", "sentence_zh": "\u4ed6\u4eec\u8ba4\u4e3a\u4ed6\u884c\u4e3a\u53cd\u5e38\u3002"}, {"word": "aboard", "definition": "adv. \u5728\uff08\u8239\u3001\u98de\u673a\u3001\u706b\u8f66\u7b49\uff09\u4e0a\uff1b\u4e0a\uff08\u8239\u3001\u98de\u673a\u3001\u706b\u8f66\u7b49\uff09\uff1b\u9a91\u5728\uff08\u9a6c\uff09\u4e0a\uff0c\u8de8\u4e0a\uff08\u9a6c\uff09\uff1b\uff08\u68d2\u7403\uff09\u5728\u5792\u4e0a\uff1b\u52a0\u5165\uff0c\u52a0\u76df", "pronounce": "[\u0259\u02c8b\u0254\u02d0d]", "sentence_en": "She invited 750 people aboard the luxury yacht, the Savarona.", "sentence_zh": "\u5979\u9080\u8bf7\u4e86750\u4eba\u767b\u4e0a\u8fd9\u8258\u8c6a\u534e\u6e38\u8247\uff0c\u8428\u74e6\u7f57\u7eb3\u53f7\u3002"}, {"word": "abroad", "definition": "adv. \u5728\u56fd\u5916\uff0c\u5230\u56fd\u5916\uff1b<\u65e7>\u5728\u5ba4\u5916\uff0c\u5230\u5ba4\u5916\uff1b<\u6b63\u5f0f> \u5e7f\u4e3a\u6d41\u4f20\uff0c\u5e7f\u4e3a\u4eba\u77e5\uff1b\u884c\u52a8\u81ea\u7531\uff1b<\u53e4> \u672a\u51fb\u4e2d\u76ee\u6807\uff0c\u51fa\u9519", "pronounce": "[\u0259\u02c8br\u0254\u02d0d]", "sentence_en": "He had been abroad many times.", "sentence_zh": "\u4ed6\u66fe\u591a\u6b21\u51fa\u56fd\u3002"}, {"word": "absence", "definition": "n. \u7f3a\u5e2d\uff0c\u7f3a\u52e4\uff0c\u4e0d\u5728\uff1b\u7f3a\u4e4f\uff0c\u6ca1\u6709\uff1b\u7f3a\u5e2d\u671f\u95f4\uff0c\u4f11\u5047\u671f\u95f4\uff1b\u4e0d\u6ce8\u610f", "pronounce": "[\u02c8\u00e6bs\u0259ns]", "sentence_en": "His absence went unremarked.", "sentence_zh": "\u6ca1\u6709\u4eba\u6ce8\u610f\u5230\u4ed6\u4e0d\u5728\u573a\u3002"}, {"word": "absent", "definition": "adj. \u7f3a\u52e4\u7684\uff0c\u7f3a\u5e2d\u7684\uff1b\u4e0d\u5b58\u5728\u7684\uff0c\u7f3a\u4e4f\u7684\uff1b\u5fc3\u4e0d\u5728\u7109\u7684\uff0c\u51fa\u795e\u7684\uff1b\u4e0d\u4e0e\u5b50\u5973\u4e00\u8d77\u4f4f\u7684", "pronounce": "[\u02c8\u00e6bs\u0259nt]", "sentence_en": "\"Nothing,\" Rosie said in an absent way.", "sentence_zh": "\u201c\u6ca1\u4ec0\u4e48\uff0c\u201d\u7f57\u831c\u5fc3\u4e0d\u5728\u7109\u5730\u8bf4\u3002"}, {"word": "abstract", "definition": "adj. \u62bd\u8c61\u7684\uff0c\u7eaf\u6982\u5ff5\u7684\uff1b\uff08\u827a\u672f\uff09\u62bd\u8c61\u6d3e\u7684\uff1b\u7406\u8bba\u4e0a\u7684\uff0c\u4e0d\u5207\u5b9e\u9645\u7684", "pronounce": "[\u02c8\u00e6bstr\u00e6kt]", "sentence_en": "Abstract art is an acquired taste.", "sentence_zh": "\u8981\u6162\u6162\u57f9\u517b\u624d\u4f1a\u6b23\u8d4f\u62bd\u8c61\u827a\u672f\u3002"}, {"word": "abundant", "definition": "adj. \u5927\u91cf\u7684\uff0c\u4e30\u5bcc\u7684\uff0c\u5145\u8db3\u7684", "pronounce": "[\u0259\u02c8b\u028cnd\u0259nt]", "sentence_en": "There is an abundant supply of cheap labour.", "sentence_zh": "\u6709\u4e30\u5bcc\u7684\u5ec9\u4ef7\u52b3\u52a8\u529b\u4f9b\u5e94\u3002"}, {"word": "abuse", "definition": "v. \u8650\u5f85\uff1b\u6ee5\u7528\uff0c\u8f9c\u8d1f\uff1b\u8fb1\u9a82\uff1b\u7cdf\u8e4b\uff08\u67d0\u7269\uff09\uff1b\u6027\u4fb5\u72af", "pronounce": "[\u0259\u02c8bju\u02d0s]", "sentence_en": "Rival fans hurled abuse at each other.", "sentence_zh": "\u4e24\u5e2e\u5bf9\u7acb\u7684\u7403\u8ff7\u76f8\u4e92\u9ad8\u58f0\u8fb1\u9a82\u3002"}, {"word": "access", "definition": "n. \u5165\u53e3\uff0c\u901a\u9053\uff1b\u83b7\u5f97\u7684\u673a\u4f1a\uff0c\u4f7f\u7528\u6743\uff1b\uff08\u5bf9\u8ba1\u7b97\u673a\u5b58\u50a8\u5668\u7684\uff09\u8bbf\u95ee\uff0c\u5b58\u53d6\uff1b\uff08\u60c5\u611f\uff09\u7206\u53d1\uff0c\u53d1\u4f5c\uff1b\u63a2\u89c6\u6743", "pronounce": "[\u02c8\u00e6kses]", "sentence_en": "Does the hotel have wheelchair access ?", "sentence_zh": "\u8fd9\u5bb6\u65c5\u9986\u6709\u8f6e\u6905\u901a\u9053\u5417\uff1f"}, {"word": "accompany", "definition": "v. \u966a\u4f34\uff0c\u966a\u540c\uff1b\u4f34\u968f\uff0c\u4e0e\u2026\u2026\u4e00\u8d77\u53d1\u751f\uff1b\u4e3a\u2026\u2026\u4f34\u594f\uff08\u6216\u4f34\u5531\uff09\uff1b\u9644\u5e26\uff0c\u8865\u5145", "pronounce": "[\u0259\u02c8k\u028cmp\u0259ni]", "sentence_en": "Ken agreed to accompany me on a trip to Africa.", "sentence_zh": "\u80af\u540c\u610f\u966a\u6211\u53bb\u975e\u6d32\u65c5\u884c\u3002"}, {"word": "accomplish", "definition": "v. \u5b8c\u6210\uff0c\u5b9e\u73b0", "pronounce": "[\u0259\u02c8k\u028cmpl\u026a\u0283]", "sentence_en": "If we'd all work together, I think we could accomplish our goal.", "sentence_zh": "\u5982\u679c\u6211\u4eec\u9f50\u5fc3\u534f\u529b\uff0c\u6211\u60f3\u6211\u4eec\u80fd\u5b9e\u73b0\u6211\u4eec\u7684\u76ee\u6807\u3002"}, {"word": "account", "definition": "n. \u8d26\u6237\uff0c\u6237\u5934\uff1b\u5ba2\u6237\uff0c\u8001\u4e3b\u987e\uff1b\u7f51\u7edc\u8d26\u53f7\uff1b\u63cf\u8ff0\uff0c\u62a5\u9053\uff1b\u8d26\u76ee\uff1b\u8d26\u5355\uff1b\u8d4a\u8d2d\u8d26\uff0c\u8d4a\u8d2d\uff1b\u7406\u7531\uff0c\u89e3\u91ca\uff1b\u91cd\u8981\u6027\uff1b\uff08\u5b9a\u671f\u7ed3\u4ed8\u7684\uff09\u4ea4\u6613\u5408\u540c\uff1b\u6f14\u594f\uff08\u97f3\u4e50\uff09\uff1b<\u82f1>\u8d26\u671f\u4ea4\u6613\u671f", "pronounce": "[\u0259\u02c8ka\u028ant]", "sentence_en": "I don't have a bank account.", "sentence_zh": "\u6211\u6ca1\u6709\u94f6\u884c\u8d26\u6237\u3002"}, {"word": "accuse", "definition": "v. \u63a7\u544a\uff0c\u6307\u63a7\uff1b\u6307\u8d23\uff0c\u8c34\u8d23\uff0c\u5f52\u548e\u4e8e", "pronounce": "[\u0259\u02c8kju\u02d0z]", "sentence_en": "He laughs loudly when I accuse him of fibbing.", "sentence_zh": "\u6211\u6307\u63a7\u4ed6\u6492\u8c0e\u65f6\uff0c\u4ed6\u7b11\u5f97\u5f88\u5927\u58f0\u3002"}, {"word": "accustom", "definition": "v. \u4f7f\u4e60\u60ef\u4e8e\uff0c\u4f7f\u9002\u5e94\u4e8e", "pronounce": "[\u0259\u02c8k\u028cst\u0259m]", "sentence_en": "She tried to accustom herself to the tight bandages.", "sentence_zh": "\u5979\u5c1d\u8bd5\u7740\u4f7f\u81ea\u5df1\u4e60\u60ef\u90a3\u4e9b\u7d27\u7ef7\u7684\u7ef7\u5e26\u3002"}, {"word": "accustomed", "definition": "adj. \u4e60\u60ef\u7684\uff0c\u9002\u5e94\u7684\uff1b\u60ef\u5e38\u7684\uff0c\u901a\u5e38\u7684\uff1b\uff08\u773c\u775b\u5bf9\u5149\u7ebf\u53d8\u5316\uff09\u4e60\u60ef\u4e86\u7684\uff0c\u9002\u5e94\u4e86\u7684", "pronounce": "[\u0259\u02c8k\u028cst\u0259md]", "sentence_en": "Some are so accustomed to pigging out, they can't cut back.", "sentence_zh": "\u6709\u4e9b\u4eba\u4e60\u60ef\u66b4\u996e\u66b4\u98df\u4e86\uff0c\u4ed6\u4eec\u4e0d\u53ef\u80fd\u7f29\u51cf\u98df\u91cf\u3002"}, {"word": "achieve", "definition": "v. \uff08\u7ecf\u52aa\u529b\uff09\u8fbe\u5230\uff0c\u53d6\u5f97\uff0c\u5b9e\u73b0\uff1b\u83b7\u5f97\u6210\u529f", "pronounce": "[\u0259\u02c8t\u0283i\u02d0v]", "sentence_en": "The medicine did not achieve the desired effect.", "sentence_zh": "\u8fd9\u79cd\u836f\u672a\u8fbe\u5230\u9884\u671f\u6548\u679c\u3002"}, {"word": "achievement", "definition": "n. \u6210\u7ee9\uff0c\u6210\u5c31\uff1b\u5b8c\u6210\uff0c\u5b9e\u73b0\uff1b\uff08\u7eb9\u7ae0\uff09\u7eb9\u7ae0\u724c", "pronounce": "[\u0259\u02c8t\u0283i\u02d0vm\u0259nt]", "sentence_en": "It is an impressive achievement.", "sentence_zh": "\u8fd9\u662f\u4e00\u9879\u4ee4\u4eba\u656c\u4f69\u7684\u6210\u5c31\u3002"}, {"word": "acquaintance", "definition": "n. \u76f8\u8bc6\u7684\u4eba\uff0c\u6cdb\u6cdb\u4e4b\u4ea4\uff1b\u8ba4\u8bc6\uff0c\u76f8\u8bc6\uff1b\u6240\u77e5\uff0c\u4e86\u89e3", "pronounce": "[\u0259\u02c8kwe\u026ant\u0259ns]", "sentence_en": "I made the acquaintance of several musicians around that time.", "sentence_zh": "\u5927\u7ea6\u5728\u90a3\u6bb5\u65f6\u95f4\uff0c\u6211\u7ed3\u8bc6\u4e86\u51e0\u4f4d\u97f3\u4e50\u5bb6\u3002"}, {"word": "act", "definition": "v. \u884c\u52a8\uff1b\u4e3e\u52a8\uff0c\u8868\u73b0\uff1b\u5047\u88c5\uff1b\u8868\u6f14\uff0c\u6f14\u51fa\uff1b\u62c5\u4efb\uff1b\u8d77\u4f5c\u7528\uff1b\u4ee3\u7406\uff1b\uff08\u5fc3\u7406\u5206\u6790\uff09\u884c\u4e3a\u8868\u73b0", "pronounce": "[\u00e6kt]", "sentence_en": "Can you act as interpreter?", "sentence_zh": "\u4f60\u80fd\u62c5\u4efb\u53e3\u8bd1\u5417\uff1f"}, {"word": "action", "definition": "n. \u884c\u52a8\uff1b\u884c\u4e3a\uff1b\u6218\u6597\uff1b\u8bc9\u8bbc\uff1b<\u975e\u6b63\u5f0f>\u4ee4\u4eba\u6fc0\u52a8\u7684\u4e8b\uff1b\u52a8\u4f5c\uff1b\u60c5\u8282\uff1b\u60ca\u9669\u523a\u6fc0\u7684\u6d3b\u52a8\uff08\u6216\u4e8b\u4ef6\uff09\uff1b\u4f5c\u7528\uff1b\u5f00\u59cb\uff08\u7535\u5f71\u5bfc\u6f14\u5f00\u62cd\u7684\u6307\u4ee4\uff09\uff1b\u8d5a\u94b1\u7684\u673a\u4f1a\uff1b\u6027\u4ea4\uff1b\u8fd0\u8f6c\u65b9\u5f0f", "pronounce": "[\u02c8\u00e6k\u0283(\u0259)n]", "sentence_en": "Take whatever action is needed.", "sentence_zh": "\u91c7\u53d6\u4efb\u4f55\u5fc5\u8981\u7684\u884c\u52a8\u3002"}, {"word": "active", "definition": "adj. \u597d\u52a8\u7684\uff1b\u79ef\u6781\u4e3b\u52a8\u7684\uff1b\u5b9a\u671f\u8fdb\u884c\u7684\uff0c\u8d77\u4f5c\u7528\u7684\uff1b\uff08\u601d\u60f3\u7b49\uff09\u6d3b\u8dc3\u7684\uff1b\u5207\u5b9e\u7684\uff1b\uff08\u706b\u5c71\uff09\u6d3b\u7684\uff1b\u4e3b\u52a8\u8bed\u6001\u7684\uff1b\u6d3b\u6027\u7684\uff1b\uff08\u75be\u75c5\uff09\u6076\u5316\u7684\uff1b\u670d\u5f79\u7684\uff1b\u53c2\u6218\u7684\uff1b\uff08\u52a8\u8bcd\uff09\u8868\u52a8\u4f5c\u7684\uff1b\uff08\u7535\u8def\u7cfb\u7edf\uff09\u5728\u8fd0\u8f6c\u4e2d\u7684", "pronounce": "[\u02c8\u00e6kt\u026av]", "sentence_en": "They were both politically active.", "sentence_zh": "\u4ed6\u4eec\u4e24\u4eba\u5728\u653f\u6cbb\u4e0a\u90fd\u5f88\u79ef\u6781\u3002"}, {"word": "activity", "definition": "n. \u6d3b\u8dc3\u72b6\u51b5\uff0c\u70ed\u95f9\uff1b\u6d3b\u52a8\uff1b\uff08Activity\uff09\u70ed\u529b\u6d3b\u6027\uff0c\u6d3b\u5ea6", "pronounce": "[\u00e6k\u02c8t\u026av\u0259ti]", "sentence_en": "It was a period of intense activity.", "sentence_zh": "\u90a3\u662f\u6d3b\u52a8\u6fc0\u70c8\u7684\u65f6\u671f\u3002"}, {"word": "actress", "definition": "n. \u5973\u6f14\u5458", "pronounce": "[\u02c8\u00e6ktr\u0259s]", "sentence_en": "Her vocation is her work as an actress.", "sentence_zh": "\u5979\u9002\u5408\u7684\u804c\u4e1a\u5c31\u662f\u5f53\u6f14\u5458\u3002"}, {"word": "actually", "definition": "adv. \u5b9e\u9645\u4e0a\uff0c\u4e8b\u5b9e\u4e0a\uff1b\uff08\u7528\u4e8e\u5f00\u59cb\u65b0\u8bdd\u9898\uff09\u5176\u5b9e\uff1b\u7adf\u7136\uff0c\u5c45\u7136", "pronounce": "[\u02c8\u00e6kt\u0283u\u0259li]", "sentence_en": "They're not married, actually.", "sentence_zh": "\u4ed6\u4eec\u5b9e\u9645\u4e0a\u6ca1\u6709\u7ed3\u5a5a\u3002"}, {"word": "acute", "definition": "adj. \u4e25\u91cd\u7684\uff0c\u5371\u9669\u7684\uff1b\u6025\u6027\u7684\uff0c\u5267\u70c8\u7684\uff1b\u7075\u654f\u7684\uff1b\u654f\u9510\u7684\uff0c\u6709\u6d1e\u5bdf\u529b\u7684\uff1b\u9510\u89d2\u7684\uff1b\u5e26\u5c16\u97f3\u7b26\u7684\uff1b\uff08\u58f0\u97f3\uff09\u9ad8\u7684\uff0c\u5c16\u7684", "pronounce": "[\u0259\u02c8kju\u02d0t]", "sentence_en": "There is an acute shortage of water.", "sentence_zh": "\u6c34\u4e25\u91cd\u77ed\u7f3a\u3002"}, {"word": "add", "definition": "v. \u6dfb\u52a0\uff0c\u63ba\u5165\uff1b\uff08\u4f7f\uff09\u76f8\u52a0\uff0c\u52a0\uff1b\u589e\u52a0\uff1b\u589e\u6dfb\uff08\u67d0\u79cd\u7279\u6027\uff09\uff1b\u628a\u2026\u2026\u8ba1\u7b97\u5728\u5185\uff0c\u5305\u62ec\uff1b\u8865\u5145\u8bf4\uff0c\u7ee7\u7eed\u8bf4", "pronounce": "[\u02cce\u026a di\u02d0 \u02c8di\u02d0]", "sentence_en": "Add up all the money I owe you.", "sentence_zh": "\u628a\u6211\u6b20\u4f60\u7684\u94b1\u5168\u90e8\u52a0\u8d77\u6765\u3002"}, {"word": "addition", "definition": "n. \u589e\u52a0\u7269\uff0c\u65b0\u589e\u4eba\u5458\uff1b\u589e\u52a0\uff1b\u52a0\u6cd5\uff1b\uff08\u5efa\u7b51\u7269\u7684\uff09\u6269\u5efa\u90e8\u5206", "pronounce": "[\u0259\u02c8d\u026a\u0283(\u0259)n]", "sentence_en": "She's ready to learn simple addition and subtraction.", "sentence_zh": "\u5979\u51c6\u5907\u5b66\u4e60\u7b80\u5355\u7684\u52a0\u6cd5\u548c\u51cf\u6cd5\u3002"}, {"word": "additional", "definition": "adj. \u9644\u52a0\u7684\uff0c\u989d\u5916\u7684", "pronounce": "[\u0259\u02c8d\u026a\u0283\u0259n(\u0259)l]", "sentence_en": "The filming imposed an additional strain on her.", "sentence_zh": "\u5f71\u7247\u62cd\u6444\u4f7f\u5979\u627f\u53d7\u4e86\u989d\u5916\u7684\u538b\u529b\u3002"}, {"word": "address", "definition": "n. \u5730\u5740\uff0c\u4f4f\u5740\uff1b\u7f51\u5740\uff1b\u7535\u5b50\u90ae\u7bb1\u5730\u5740\uff1b\u6f14\u8bb2\uff0c\u6f14\u8bf4\uff1b\uff08\u7535\u5b50\u8868\u683c\u4e2d\u67d0\u4e2a\u5355\u5143\u683c\u7684\uff09\u4f4d\u7f6e\uff1b<\u53e4>\uff08\u5bf9\u4ed6\u4eba\u7684\uff09\u8c08\u5410\uff1b<\u53e4>\u8c26\u606d\uff08\u6216\u8109\u8109\u542b\u60c5\uff09\u7684\u65b9\u5f0f\uff1b<\u65e7>\u673a\u654f\uff0c\u8fc5\u901f\uff1b\u4f4d\u7f6e\u5b58\u50a8\u7f16\u7801", "pronounce": "[\u0259\u02c8dres]", "sentence_en": "They had no permanent address.", "sentence_zh": "\u4ed6\u4eec\u6ca1\u6709\u56fa\u5b9a\u7684\u5730\u5740\u3002"}, {"word": "adjust", "definition": "v. \u8c03\u6574\uff0c\u8c03\u8282\uff1b\u6574\u7406\uff08\u8863\u670d\uff09\uff1b\u9002\u5e94\uff0c\u4e60\u60ef\uff1b\uff08\u4fdd\u9669\u7406\u8d54\u65f6\uff09\u7406\u7b97\uff0c\u8bc4\u4f30\uff08\u635f\u5931\uff0c\u635f\u5bb3\uff09", "pronounce": "[\u0259\u02c8d\u0292\u028cst]", "sentence_en": "How did you adjust to college life?", "sentence_zh": "\u4f60\u662f\u600e\u4e48\u9002\u5e94\u5927\u5b66\u751f\u6d3b\u7684\uff1f"}, {"word": "administration", "definition": "n. \u7ba1\u7406\uff0c\u884c\u653f\uff1b\u7ba1\u7406\u90e8\u95e8\uff0c\u884c\u653f\u90e8\u95e8\uff1b\uff08\u67d0\u4e00\u4efb\u671f\u7684\uff09\u653f\u5e9c\uff1b\u6267\u884c\uff0c\u76d1\u7ba1\uff1b\uff08\u836f\u7684\uff09\u670d\u7528\uff0c\u914d\u7ed9\uff1b\u9057\u4ea7\u7ba1\u7406\uff0c\uff08\u503a\u52a1\u4eba\u3001\u5176\u4ed6\u4e2a\u4eba\u6216\u7834\u4ea7\u516c\u53f8\u7684\uff09\u8d44\u4ea7\u7ba1\u7406", "pronounce": "[\u0259d\u02ccm\u026an\u026a\u02c8stre\u026a\u0283(\u0259)n]", "sentence_en": "Too much time is spent on administration.", "sentence_zh": "\u592a\u591a\u7684\u65f6\u95f4\u82b1\u5728\u4e86\u7ba1\u7406\u5de5\u4f5c\u4e0a\u3002"}, {"word": "admire", "definition": "v. \u94a6\u4f69\uff0c\u4ef0\u6155\uff1b\u6b23\u8d4f\uff0c\u89c2\u8d4f", "pronounce": "[\u0259d\u02c8ma\u026a\u0259(r)]", "sentence_en": "I really admire your enthusiasm.", "sentence_zh": "\u6211\u786e\u5b9e\u94a6\u4f69\u4f60\u7684\u70ed\u60c5\u3002"}, {"word": "admission", "definition": "n. \u627f\u8ba4\uff0c\u4f9b\u8ba4\uff1b\u5141\u8bb8\u8fdb\u5165\uff08\u52a0\u5165\uff09\uff0c\u8fdb\u5165\u6743\uff1b\u5f55\u53d6\uff0c\u5f55\u53d6\u4eba\u6570\uff1b\u5165\u573a\u8d39\uff1b\u5165\u9662\u6cbb\u7597\uff08\u68c0\u67e5\uff09\uff1b\u5165\u573a\u4eba\u6570\uff1b\u5165\u9662\u75c5\u4eba", "pronounce": "[\u0259d\u02c8m\u026a\u0283(\u0259)n]", "sentence_en": "Admission is by invitation only.", "sentence_zh": "\u51ed\u8bf7\u67ec\u5165\u573a\u3002"}, {"word": "admit", "definition": "v. \uff08\u52c9\u5f3a\uff09\u627f\u8ba4\uff1b\u62db\u8ba4\uff0c\u62db\u4f9b\uff1b\u51c6\u8bb8\u8fdb\u5165\uff08\u67d0\u5904\uff09\uff1b\u63a5\u7eb3\uff0c\u63a5\u6536\uff08\u5165\u5b66\uff09\uff1b\u6536\u6cbb\uff0c\u63a5\u6536\u5165\u9662\uff1b\u627f\u8ba4\u2026\u2026\u6709\u6548\uff1b\u5bb9\u8bb8\uff0c\u4e3a\u2026\u2026\u7559\u6709\u4f59\u5730", "pronounce": "[\u0259d\u02c8m\u026at]", "sentence_en": "Admit it! You were terrified!", "sentence_zh": "\u627f\u8ba4\u4e86\u5427\uff01\u4f60\u5413\u574f\u4e86\uff01"}, {"word": "advance", "definition": "v. \uff08\u4f7f\uff09\u524d\u8fdb\uff0c\uff08\u4f7f\uff09\u5411\u524d\u79fb\u52a8\uff1b\u53d1\u5c55\uff0c\u8fdb\u6b65\uff1b\u9884\u4ed8\uff1b\u63d0\u524d\uff0c\u63d0\u65e9\uff1b\u4fc3\u8fdb\uff0c\u63a8\u52a8\uff1b\u63d0\u51fa\uff08\u60f3\u6cd5\u6216\u7406\u8bba\uff09\uff1b\u4e0a\u6da8\uff0c\u589e\u52a0\uff1b\u63d0\u62d4\uff0c\u664b\u5347", "pronounce": "[\u0259d\u02c8v\u0251\u02d0ns]", "sentence_en": "We will advance you the money.", "sentence_zh": "\u6211\u4eec\u5c06\u628a\u6b3e\u5b50\u9884\u4ed8\u7ed9\u4f60\u3002"}, {"word": "advanced", "definition": "adj. \u5148\u8fdb\u7684\uff1b\u9ad8\u7ea7\u7684\uff0c\u9ad8\u7b49\u7684\uff1b\u665a\u671f\u7684\uff0c\u72b6\u51b5\u4e0d\u4f73\u7684\uff1b\u9ad8\u9f84\u7684\uff1b\u65b0\u63d0\u51fa\uff08\u5c1a\u672a\u88ab\u5e7f\u6cdb\u63a5\u53d7\uff09\u7684", "pronounce": "[\u0259d\u02c8v\u0251\u02d0nst]", "sentence_en": "Oil shares advanced amid economic recovery hopes.", "sentence_zh": "\u5728\u4e00\u7247\u7ecf\u6d4e\u590d\u82cf\u7684\u5e0c\u671b\u4e2d\u77f3\u6cb9\u80a1\u7968\u4ef7\u683c\u4e0a\u6da8\u3002"}, {"word": "advantage", "definition": "n. \u6709\u5229\u6761\u4ef6\uff0c\u4f18\u52bf\uff1b\u4f18\u70b9\uff1b\u5229\u76ca\uff1b\uff08\u5c40\u672b\u5e73\u5206\u540e\uff09\u5360\u5148\uff0c\u4f18\u52bf\u5206", "pronounce": "[\u0259d\u02c8v\u0251\u02d0nt\u026ad\u0292]", "sentence_en": "His height gives him a clear advantage.", "sentence_zh": "\u4ed6\u7684\u8eab\u9ad8\u4f7f\u4ed6\u5177\u6709\u660e\u663e\u7684\u4f18\u52bf\u3002"}, {"word": "adventure", "definition": "n.  \u5192\u9669\uff08\u7ecf\u5386\uff09\uff0c\u5947\u9047\uff1b\u5192\u9669\u7684\u523a\u6fc0\uff0c\u5192\u9669\u6b32\uff1b<\u53e4>\u751f\u610f", "pronounce": "[\u0259d\u02c8vent\u0283\u0259(r)]", "sentence_en": "He set off in quest of adventure.", "sentence_zh": "\u4ed6\u51fa\u884c\u63a2\u9669\u53bb\u4e86\u3002"}, {"word": "adult", "definition": "n. \u6210\u5e74\u4eba\uff1b\u6210\u5e74\u52a8\u7269", "pronounce": "[\u02c8\u00e6d\u028clt; \u0259\u02c8d\u028clt]", "sentence_en": "Each ticket admits one adult.", "sentence_zh": "\u6bcf\u5f20\u7968\u53ea\u51c6\u8bb8\u4e00\u4f4d\u6210\u4eba\u5165\u573a\u3002"}, {"word": "advertisement", "definition": "n. \u5e7f\u544a\uff1b\uff08\u67d0\u4e00\u7c7b\u4e8b\u7269\u7684\uff09\u6d3b\u5e7f\u544a\uff1b\u5e7f\u544a\u6d3b\u52a8\uff0c\u5e7f\u544a\u5ba3\u4f20", "pronounce": "[\u0259d\u02c8v\u025c\u02d0t\u026asm\u0259nt]", "sentence_en": "The advertisement is for a men's fragrance.", "sentence_zh": "\u8fd9\u5219\u5e7f\u544a\u4ecb\u7ecd\u4e00\u6b3e\u7537\u58eb\u9999\u6c34\u3002"}, {"word": "advisable", "definition": "adj. \u660e\u667a\u7684\uff0c\u53ef\u53d6\u7684", "pronounce": "[\u0259d\u02c8va\u026az\u0259b(\u0259)l]", "sentence_en": "Early booking is advisable.", "sentence_zh": "\u65e9\u8ba2\u7968\u662f\u660e\u667a\u7684\u3002"}, {"word": "advise", "definition": "v. \u901a\u77e5\uff0c\u544a\u77e5\uff1b\u529d\u544a\uff0c\u5efa\u8bae", "pronounce": "[\u0259d\u02c8va\u026az]", "sentence_en": "I'd advise you not to tell him.", "sentence_zh": "\u6211\u529d\u4f60\u522b\u544a\u8bc9\u4ed6\u3002"}, {"word": "affect", "definition": "v. \u5f71\u54cd\uff1b\uff08\u75be\u75c5\uff09\u4fb5\u88ad\uff0c\u611f\u67d3\uff1b\uff08\u5728\u611f\u60c5\u4e0a\uff09\u6df1\u6df1\u6253\u52a8\uff0c\u9707\u64bc\uff1b<\u6b63\u5f0f> \u5047\u88c5\uff0c\u4f6f\u88c5", "pronounce": "[\u0259\u02c8fekt]", "sentence_en": "How will these changes affect us?", "sentence_zh": "\u8fd9\u4e9b\u53d8\u5316\u5bf9\u6211\u4eec\u4f1a\u6709\u4ec0\u4e48\u5f71\u54cd\uff1f"}, {"word": "affection", "definition": "n. \u559c\u7231\uff0c\u5173\u7231\uff1b\u7231\u604b\uff0c\u7231\u6155\u4e4b\u60c5\uff1b\u7cbe\u795e\u72b6\u51b5\uff0c\u611f\u60c5\uff1b\u75be\u60a3\uff0c\u75c5\uff1b\u5f71\u54cd", "pronounce": "[\u0259\u02c8fek\u0283n]", "sentence_en": "I still have affection for my old school.", "sentence_zh": "\u6211\u5bf9\u6bcd\u6821\u4f9d\u7136\u5f88\u6709\u611f\u60c5\u3002"}, {"word": "afford", "definition": "v. \u4e70\u5f97\u8d77\uff1b\u6709\uff08\u65f6\u95f4\uff09\u505a\u67d0\u4e8b\uff1b\u627f\u62c5\u5f97\u8d77\uff1b<\u6b63\u5f0f>\u63d0\u4f9b\uff0c\u7ed9\u4e88", "pronounce": "[\u0259\u02c8f\u0254\u02d0d]", "sentence_en": "I can afford it, but only just.", "sentence_zh": "\u8fd9\u4e1c\u897f\u6211\u521a\u597d\u4e70\u5f97\u8d77\u3002"}, {"word": "aggressive", "definition": "adj. \u597d\u6597\u7684\uff0c\u6311\u8845\u7684\uff1b\u79ef\u6781\u8fdb\u53d6\u7684\uff1b\u975e\u5e38\u4e25\u91cd\u7684\uff1b\u5f3a\u70c8\u7684", "pronounce": "[\u0259\u02c8\u0261res\u026av]", "sentence_en": "These fish are very aggressive.", "sentence_zh": "\u8fd9\u4e9b\u9c7c\u5341\u5206\u597d\u6597\u3002"}, {"word": "agony", "definition": "n. \u5267\u75db\uff0c\u521b\u75db\uff1b\u75db\u695a\uff0c\u82e6\u96be", "pronounce": "[\u02c8\u00e6\u0261\u0259ni]", "sentence_en": "I was bent double in agony.", "sentence_zh": "\u6211\u75db\u82e6\u5730\u5f2f\u4e0b\u4e86\u8170\u3002"}, {"word": "agreement", "definition": "n. \u534f\u8bae\uff0c\u534f\u5b9a\uff0c\u5951\u7ea6\uff1b\u5171\u8bc6\uff1b\u5e94\u5141\uff0c\u540c\u610f\uff1b\uff08\u5728\u6570\u3001\u6027\u6216\u4eba\u79f0\u65b9\u9762\u7684\uff09\u4e00\u81f4", "pronounce": "[\u0259\u02c8\u0261ri\u02d0m\u0259nt]", "sentence_en": "Her head nodded in agreement.", "sentence_zh": "\u5979\u70b9\u5934\u8868\u793a\u540c\u610f\u3002"}, {"word": "agriculture", "definition": "n. \u519c\u4e1a\uff0c\u519c\u5b66\uff0c\u519c\u827a", "pronounce": "[\u02c8\u00e6\u0261r\u026ak\u028clt\u0283\u0259(r)]", "sentence_en": "The conditions were unfavourable for agriculture.", "sentence_zh": "\u8fd9\u4e9b\u6761\u4ef6\u4e0d\u5229\u4e8e\u519c\u4e1a\u3002"}, {"word": "aid", "definition": "n. \u5e2e\u52a9\uff1b\u63f4\u52a9\uff0c\u6551\u52a9\uff1b\u8f85\u52a9\u7269\uff0c\u8f85\u52a9\u8bbe\u65bd\uff1b\u52a9\u624b\uff1b\u7279\u522b\u6d25\u8d34\uff0c\u56fd\u5e93\u7a0e", "pronounce": "[e\u026ad]", "sentence_en": "Food aid is urgently needed.", "sentence_zh": "\u8feb\u5207\u9700\u8981\u98df\u7269\u63f4\u52a9\u3002"}, {"word": "airline", "definition": "n. \u822a\u7a7a\u516c\u53f8\uff1b\u8f93\u6c14\u7ba1\uff08air line\uff09\uff1b\u822a\u7ebf", "pronounce": "[\u02c8e\u0259la\u026an]", "sentence_en": "The airline regrets any inconvenience.", "sentence_zh": "\u822a\u7a7a\u516c\u53f8\u5bf9\u6240\u9020\u6210\u7684\u4efb\u4f55\u4e0d\u4fbf\u8868\u793a\u6b49\u610f\u3002"}, {"word": "alphabet", "definition": "n. \u5b57\u6bcd\u8868\uff1b\u57fa\u672c\u8981\u7d20\uff1b\u521d\u6b65\uff0c\u5165\u95e8", "pronounce": "[\u02c8\u00e6lf\u0259bet]", "sentence_en": "'B' is the second letter of the alphabet.", "sentence_zh": "b\u662f\u5b57\u6bcd\u8868\u7684\u7b2c\u4e8c\u4e2a\u5b57\u6bcd\u3002"}, {"word": "alter", "definition": "v. \u6539\u53d8\uff0c\u6539\u52a8\uff1b\uff08\u4f7f\uff09\u53d8\u5316\uff1b\u6539\uff08\u670d\u88c5\uff09\uff1b\u6539\u5efa\uff08\u67d0\u5efa\u7b51\uff09\uff1b<\u7f8e>\u9609\u5272", "pronounce": "[\u02c8\u0254\u02d0lt\u0259(r)]", "sentence_en": "It doesn't alter the way I feel.", "sentence_zh": "\u8fd9\u5e76\u6ca1\u6709\u6539\u53d8\u6211\u7684\u611f\u53d7\u3002"}, {"word": "alternative", "definition": "n. \u53ef\u4f9b\u9009\u62e9\u7684\u4e8b\u7269\uff0c\u66ff\u4ee3\u7269", "pronounce": "[\u0254\u02d0l\u02c8t\u025c\u02d0n\u0259t\u026av]", "sentence_en": "There are alternative sources of nutrition to animal meat.", "sentence_zh": "\u6709\u80fd\u66ff\u4ee3\u52a8\u7269\u8089\u7c7b\u7684\u5176\u4ed6\u8425\u517b\u6765\u6e90\u3002"}, {"word": "although", "definition": "conj. \u867d\u7136\uff0c\u5c3d\u7ba1\uff1b\u4f46\u662f\uff0c\u7136\u800c", "pronounce": "[\u0254\u02d0l\u02c8\u00f0\u0259\u028a]", "sentence_en": "Although it is tasty, crab is very filling.", "sentence_zh": "\u8783\u87f9\u867d\u7136\u597d\u5403\uff0c\u4f46\u5f88\u5bb9\u6613\u8ba9\u4eba\u9971\u3002"}, {"word": "altitude", "definition": "n. \u6d77\u62d4\u9ad8\u5ea6\uff1b\u9ad8\u5730\uff1b\uff08\u5929\u4f53\u5728\u5730\u5e73\u7ebf\u4e0a\u7684\uff09\u5730\u5e73\u7eac\u5ea6\uff1b\u9876\u5782\u7ebf\uff1b\uff08\u7b49\u7ea7\u548c\u5730\u4f4d\u7b49\u7684\uff09\u9ad8\u7ea7", "pronounce": "[\u02c8\u00e6lt\u026atju\u02d0d]", "sentence_en": "They were flying at high altitude.", "sentence_zh": "\u4ed6\u4eec\u6b63\u5728\u9ad8\u7a7a\u98de\u884c\u3002"}, {"word": "altogether", "definition": "adv. \u5b8c\u5168\u5730\uff1b\u603b\u5171\uff1b\u603b\u4e4b", "pronounce": "[\u02cc\u0254\u02d0lt\u0259\u02c8\u0261e\u00f0\u0259(r)]", "sentence_en": "I don't altogether agree with you.", "sentence_zh": "\u6211\u4e0d\u5b8c\u5168\u540c\u610f\u4f60\u7684\u610f\u89c1\u3002"}, {"word": "amaze", "definition": "v. \u4f7f\u60ca\u5947\uff0c\u4f7f\u60ca\u6115", "pronounce": "[\u0259\u02c8me\u026az]", "sentence_en": "He never ceases to amaze me.", "sentence_zh": "\u4ed6\u603b\u8ba9\u6211\u60ca\u559c\u4e0d\u65ad\u3002"}, {"word": "ambition", "definition": "n. \u8ffd\u6c42\u7684\u76ee\u6807\uff0c\u62b1\u8d1f\uff1b\u96c4\u5fc3\uff0c\u91ce\u5fc3\uff1b\u5e72\u52b2", "pronounce": "[\u00e6m\u02c8b\u026a\u0283(\u0259)n]", "sentence_en": "It had been her lifelong ambition.", "sentence_zh": "\u8fd9\u662f\u5979\u7ec8\u8eab\u8ffd\u6c42\u7684\u76ee\u6807\u3002"}, {"word": "ambitious", "definition": "adj. \u6709\u62b1\u8d1f\u7684\uff0c\u91ce\u5fc3\u52c3\u52c3\u7684\uff1b\u8d39\u52b2\u7684\uff0c\u8270\u5de8\u7684\uff1b\u70ed\u671b\u7684", "pronounce": "[\u00e6m\u02c8b\u026a\u0283\u0259s]", "sentence_en": "He is ambitious and susceptible to flattery.", "sentence_zh": "\u4ed6\u96c4\u5fc3\u52c3\u52c3\uff0c\u800c\u4e14\u5f88\u559c\u6b22\u542c\u606d\u7ef4\u8bdd\u3002"}, {"word": "ambulance", "definition": "n. \u6025\u6551\u8f66\uff0c\u6551\u62a4\u8f66", "pronounce": "[\u02c8\u00e6mbj\u0259l\u0259ns]", "sentence_en": "An ambulance drove past.", "sentence_zh": "\u4e00\u8f86\u6551\u62a4\u8f66\u9a76\u4e86\u8fc7\u53bb\u3002"}, {"word": "amplify", "definition": "v. \u653e\u5927\uff0c\u6269\u5927\uff08\u58f0\u97f3\uff09\uff1b\u589e\u5f3a\uff0c\u52a0\u5f3a\uff1b\u8be6\u8ff0\uff0c\u8fdb\u4e00\u6b65\u9610\u660e\uff1b\u6269\u589e\uff08\u57fa\u56e0\uff0cDNA\u5e8f\u5217\uff09", "pronounce": "[\u02c8\u00e6mpl\u026afa\u026a]", "sentence_en": "This landscape seemed to trap and amplify sounds.", "sentence_zh": "\u8fd9\u79cd\u5730\u5f62\u597d\u50cf\u80fd\u805a\u62e2\u548c\u6269\u5927\u58f0\u97f3\u3002"}, {"word": "amuse", "definition": "v. \u9017\u4e50\uff0c\u9017\u7b11\uff1b\uff08\u63d0\u4f9b\uff09\u6d88\u9063\uff0c\uff08\u4f7f\uff09\u5a31\u4e50", "pronounce": "[\u0259\u02c8mju\u02d0z]", "sentence_en": "This will amuse you.", "sentence_zh": "\u8fd9\u4e2a\u4f1a\u9017\u4f60\u7b11\u7684\u3002"}, {"word": "angel", "definition": "n. \u5929\u4f7f\uff1b\u4ec1\u6148\u7684\u4eba\uff0c\u5584\u4eba\uff1b\u5b9d\u8d1d\uff0c\u4e56\u4e56\uff1b\uff08\u5c24\u6307\u4ec1\u6148\u7684\uff09\u7cbe\u7075\uff0c\u4fdd\u62a4\u795e\uff1b<\u975e\u6b63\u5f0f>\u4ed9\u6ce2\uff0c\u96f7\u8fbe\u56de\u54cd", "pronounce": "[\u02c8e\u026and\u0292l]", "sentence_en": "The angel appeared unto him in a dream.", "sentence_zh": "\u5728\u68a6\u4e2d\u5929\u4f7f\u51fa\u73b0\u5728\u4ed6\u9762\u524d\u3002"}, {"word": "anger", "definition": "n. \u6124\u6012\uff0c\u6012\u706b", "pronounce": "[\u02c8\u00e6\u014b\u0261\u0259(r)]", "sentence_en": "His eyes smouldered with anger.", "sentence_zh": "\u4ed6\u773c\u91cc\u5192\u7740\u5f3a\u538b\u7684\u6012\u706b\u3002"}, {"word": "angle", "definition": "n. \u89d2\uff1b\u503e\u659c\uff0c\u659c\u89d2\uff1b\u89d2\u5ea6\uff1b\u89c6\u89d2\uff0c\u7acb\u573a\uff1b<\u7f8e>\u4e0d\u53ef\u544a\u4eba\u7684\u52a8\u673a\uff1b<\u7f8e>\u8be1\u8ba1\uff0c\u72e1\u733e\u7684\u624b\u6bb5\uff1b\u89d2\u94c1\uff0c\u89d2\u94a2\uff1b<\u53e4>\u9c7c\u94a9", "pronounce": "[\u02c8\u00e6\u014b\u0261(\u0259)l]", "sentence_en": "Her leg was bent at an unnatural angle.", "sentence_zh": "\u5979\u7684\u817f\u5f2f\u66f2\u7684\u89d2\u5ea6\u53cd\u5e38\u3002"}, {"word": "ankle", "definition": "n. \u811a\u8e1d\uff0c\u8e1d\u5173\u8282", "pronounce": "[\u02c8\u00e6\u014bk(\u0259)l]", "sentence_en": "John twisted his ankle badly.", "sentence_zh": "\u7ea6\u7ff0\u7684\u811a\u8e1d\u4e25\u91cd\u626d\u4f24\u3002"}, {"word": "annoy", "definition": "v. \u4f7f\u607c\u6012\uff0c\u4f7f\u70e6\u607c\uff1b\u6253\u6270\uff0c\u9a9a\u6270\uff1b<\u53e4>\u4fb5\u6270", "pronounce": "[\u0259\u02c8n\u0254\u026a]", "sentence_en": "Does it annoy you if others don't seem to try hard enough?", "sentence_zh": "\u5982\u679c\u5176\u4ed6\u4eba\u505a\u5f97\u4f3c\u4e4e\u4e0d\u591f\u52aa\u529b\uff0c\u8fd9\u4f1a\u4f7f\u4f60\u70e6\u607c\u5417\uff1f"}, {"word": "apart", "definition": "adv. \uff08\u7a7a\u95f4\u6216\u65f6\u95f4\uff09\u76f8\u9694\uff0c\u76f8\u8ddd\uff1b\u62c6\u5f00\uff0c\u6210\u788e\u7247\uff1b\u89e3\u4f53\uff0c\u5d29\u6e83\uff1b\u5206\u5f00\uff0c\u5206\u79bb\uff1b\u4e0e\u4f17\u4e0d\u540c\u5730\uff0c\u72ec\u7279\u5730\uff1b\u9664\u4e86\u2026\u2026\u5916\uff1b\u8fdc\u8fdc\u5730", "pronounce": "[\u0259\u02c8p\u0251\u02d0t]", "sentence_en": "It's difficult to tell them apart.", "sentence_zh": "\u5f88\u96be\u628a\u4ed6\u4eec\u533a\u5206\u5f00\u6765\u3002"}, {"word": "apartment", "definition": "n. \u516c\u5bd3\u5957\u623f\uff1b\uff08\u603b\u7edf\u7b49\u8981\u4eba\u7684\uff09\u623f\u95f4\uff0c\u5957\u95f4", "pronounce": "[\u0259\u02c8p\u0251\u02d0tm\u0259nt]", "sentence_en": "They live in an apartment uptown.", "sentence_zh": "\u4ed6\u4eec\u4f4f\u5728\u5e02\u90ca\u7684\u4e00\u5957\u516c\u5bd3\u3002"}, {"word": "appeal", "definition": "n. \u547c\u5401\uff0c\u6073\u6c42\uff1b\u4e0a\u8bc9\uff0c\u7533\u8bc9\uff1b\u5438\u5f15\u529b\uff0c\u611f\u67d3\u529b\uff1b\uff08\u4e3a\u6148\u5584\u6216\u6b63\u4e49\u4e8b\u4e1a\u7684\uff09\u52df\u6350\uff1b\u542f\u53d1\uff0c\u6253\u52a8", "pronounce": "[\u0259\u02c8pi\u02d0l]", "sentence_en": "We intend to appeal the verdict.", "sentence_zh": "\u6211\u4eec\u6253\u7b97\u5bf9\u6b64\u88c1\u51b3\u63d0\u51fa\u7533\u8bc9\u3002"}, {"word": "appliance", "definition": "n. \u5bb6\u7528\u7535\u5668\uff0c\u88c5\u7f6e\uff1b<\u82f1>\u5e94\u7528\uff1b\u6d88\u9632\u8f66", "pronounce": "[\u0259\u02c8pla\u026a\u0259ns]", "sentence_en": "Before you buy a new appliance, talk to someone who owns one.", "sentence_zh": "\u8d2d\u4e70\u65b0\u7535\u5668\u4e4b\u524d\uff0c\u5148\u548c\u6709\u8fd9\u4e2a\u7535\u5668\u7684\u4eba\u8c08\u8c08\u3002"}, {"word": "applicable", "definition": "adj. \u9002\u7528\u7684\uff0c\u9002\u5f53\u7684", "pronounce": "[\u0259\u02c8pl\u026ak\u0259b(\u0259)l]", "sentence_en": "What is a reasonable standard for one family is not applicable for another.", "sentence_zh": "\u5bf9\u4e00\u4e2a\u5bb6\u5ead\u5408\u7406\u7684\u6807\u51c6\u5bf9\u4e8e\u53e6\u4e00\u4e2a\u5bb6\u5ead\u5e76\u4e0d\u9002\u7528\u3002"}, {"word": "application", "definition": "n. \u6b63\u5f0f\u7533\u8bf7\uff0c\u4e66\u9762\u7533\u8bf7\uff1b\u7533\u8bf7\u4e66\uff0c\u7533\u8bf7\u8868\uff1b\u6577\u7528\uff0c\u6d82\u62b9\uff1b\u5e94\u7528\uff0c\u5b9e\u65bd\uff1b\u6307\u79f0\uff1b\u5e94\u7528\u8f6f\u4ef6\uff1b\u52e4\u594b\uff0c\u52aa\u529b", "pronounce": "[\u02cc\u00e6pl\u026a\u02c8ke\u026a\u0283(\u0259)n]", "sentence_en": "Her application was hurried through.", "sentence_zh": "\u5979\u7684\u7533\u8bf7\u5f88\u5feb\u5f97\u5230\u4e86\u5904\u7406\u3002"}, {"word": "apply", "definition": "v. \u7533\u8bf7\uff1b\u6d82\uff0c\u6577\uff1b\u65bd\u52a0\uff0c\u5b9e\u65bd\uff1b\u5e94\u7528\uff0c\u8fd0\u7528\uff1b\u8e29\uff08\u5239\u8f66\uff09\uff1b\u9002\u7528\uff0c\u9002\u5408\uff1b\u6307\u79f0", "pronounce": "[\u0259\u02c8pla\u026a]", "sentence_en": "I am continuing to apply for jobs.", "sentence_zh": "\u6211\u5728\u7ee7\u7eed\u7533\u8bf7\u5de5\u4f5c\u3002"}, {"word": "appoint", "definition": "v. \u4efb\u547d\uff0c\u6307\u6d3e\uff1b\u7ea6\u5b9a\uff0c\u5b89\u6392\uff08\u65e5\u671f\u3001\u65f6\u95f4\uff09\uff1b\u88c5\u9970\uff0c\u5e03\u7f6e\uff08\u623f\u95f4\u6216\u7a7a\u95f4\uff09\uff1b<\u53e4>\u547d\u4ee4\uff0c\u9881\u5e03\u6cd5\u4ee4\uff1b\u53d7\u6743\u5904\u7f6e\uff08\u8d22\u4ea7\uff09", "pronounce": "[\u0259\u02c8p\u0254\u026ant]", "sentence_en": "It made sense to appoint a banker to this job.", "sentence_zh": "\u4efb\u547d\u4e00\u4f4d\u94f6\u884c\u5bb6\u505a\u8fd9\u9879\u5de5\u4f5c\u662f\u5408\u7406\u7684\u3002"}, {"word": "appointment", "definition": "n. \u7ea6\u4f1a\uff0c\u7ea6\u5b9a\uff1b\u4efb\u547d\uff0c\u59d4\u6d3e\uff1b\u804c\u52a1\uff0c\u804c\u4f4d\uff1b\u5bb6\u5177\uff0c\u9648\u8bbe", "pronounce": "[\u0259\u02c8p\u0254\u026antm\u0259nt]", "sentence_en": "When is your next appointment?", "sentence_zh": "\u4f60\u4e0b\u4e00\u6b21\u9884\u7ea6\u65f6\u95f4\u662f\u4ec0\u4e48\u65f6\u5019\uff1f"}, {"word": "appreciate", "definition": "v. \u6b23\u8d4f\uff0c\u9274\u8d4f\uff1b\u7406\u89e3\uff0c\u660e\u767d\uff1b\u611f\u8c22\uff0c\u611f\u6fc0\uff1b\u5347\u503c\uff0c\u589e\u503c", "pronounce": "[\u0259\u02c8pri\u02d0\u0283ie\u026at]", "sentence_en": "Anyone can appreciate our music.", "sentence_zh": "\u4efb\u4f55\u4eba\u90fd\u80fd\u6b23\u8d4f\u6211\u4eec\u7684\u97f3\u4e50\u3002"}, {"word": "approach", "definition": "v. \u9760\u8fd1\uff0c\u4e34\u8fd1\uff1b\u63a5\u6d3d\uff0c\u4ea4\u8c08\uff1b\u5bf9\u4ed8\uff0c\u5904\u7406\uff1b\u8fd1\u4f3c\uff0c\u63a5\u8fd1\u4e8e", "pronounce": "[\u0259\u02c8pr\u0259\u028at\u0283]", "sentence_en": "There's a certain novelty value in this approach.", "sentence_zh": "\u8fd9\u79cd\u65b9\u6cd5\u6709\u4e00\u5b9a\u7684\u65b0\u610f\u3002"}, {"word": "appropriate", "definition": "adj. \u5408\u9002\u7684\uff0c\u76f8\u79f0\u7684", "pronounce": "[\u0259\u02c8pr\u0259\u028apri\u0259t]", "sentence_en": "The appropriate word eluded him.", "sentence_zh": "\u4ed6\u60f3\u4e0d\u8d77\u6765\u90a3\u4e2a\u5408\u9002\u7684\u8bcd\u3002"}, {"word": "architecture", "definition": "n. \u5efa\u7b51\u8bbe\u8ba1\uff0c\u5efa\u7b51\u98ce\u683c\uff1b\u5efa\u7b51\u5b66\uff1b\u7ed3\u6784\uff1b\u8ba1\u7b97\u673a\u7684\u4f53\u7cfb\u7ed3\u6784\uff0c\u67b6\u6784", "pronounce": "[\u02c8\u0251\u02d0k\u026atekt\u0283\u0259(r)]", "sentence_en": "He began a new magazine on post-war architecture.", "sentence_zh": "\u4ed6\u521b\u529e\u4e86\u4e00\u4efd\u4e13\u8bba\u6218\u540e\u5efa\u7b51\u7684\u65b0\u6742\u5fd7\u3002"}, {"word": "argument", "definition": "n. \u4e89\u8bba\uff0c\u4e89\u5435\uff1b\u8bba\u636e\uff0c\u7406\u7531\uff1b\u8fa9\u8bba\uff0c\u8ba8\u8bba\uff1b\u81ea\u53d8\u6570\uff1b\u4e3b\u8bcd\uff0c\u53d7\u8bcd\uff1b<\u53e4>\u4e66\u7684\u5185\u5bb9\u63d0\u8981", "pronounce": "[\u02c8\u0251\u02d0\u0261jum\u0259nt]", "sentence_en": "She loves to win an argument.", "sentence_zh": "\u5979\u559c\u6b22\u5728\u8fa9\u8bba\u4e2d\u83b7\u80dc\u3002"}, {"word": "arise", "definition": "v. \u4ea7\u751f\uff0c\u51fa\u73b0\uff1b\u8d77\u6e90\uff08\u4e8e\uff09\uff0c\u7531\u2026\u2026\u5f15\u51fa\uff1b\u8d77\u5e8a\uff0c\u8d77\u7acb\uff1b\u4e0a\u5347", "pronounce": "[\u0259\u02c8ra\u026az]", "sentence_en": "Only a finite number of situations can arise.", "sentence_zh": "\u53ea\u6709\u6709\u9650\u7684\u51e0\u79cd\u60c5\u51b5\u53ef\u80fd\u4f1a\u51fa\u73b0\u3002"}, {"word": "artificial", "definition": "adj. \u4eba\u9020\u7684\uff0c\u4eba\u5de5\u7684\uff1b\u4eba\u4e3a\u7684\uff1b\u4e0d\u771f\u631a\u7684\uff0c\u77eb\u63c9\u9020\u4f5c\u7684", "pronounce": "[\u02cc\u0251\u02d0t\u026a\u02c8f\u026a\u0283(\u0259)l]", "sentence_en": "This food contains no artificial flavourings.", "sentence_zh": "\u8fd9\u79cd\u98df\u54c1\u4e0d\u542b\u4eba\u5de5\u8c03\u5473\u54c1\u3002"}, {"word": "artist", "definition": "n. \u827a\u672f\u5bb6\uff0c\u7f8e\u672f\u5bb6\uff1b\u8868\u6f14\u827a\u672f\u5bb6\uff1b\u5927\u5e08\uff0c\u884c\u5bb6", "pronounce": "[\u02c8\u0251\u02d0t\u026ast]", "sentence_en": "They got taken by a scam artist.", "sentence_zh": "\u4ed6\u4eec\u88ab\u4e00\u4e2a\u5047\u5192\u7684\u827a\u672f\u5bb6\u9a97\u4e86\u3002"}, {"word": "artistic", "definition": "adj. \u827a\u672f\u7684\uff0c\u827a\u672f\u5bb6\u7684\uff1b\u6709\u827a\u672f\u9274\u8d4f\u529b\u7684\uff0c\u6709\u827a\u672f\u5929\u8d4b\u7684\uff1b\u6709\u827a\u672f\u6027\u7684\uff0c\u7cbe\u7f8e\u7684", "pronounce": "[\u0251\u02d0\u02c8t\u026ast\u026ak]", "sentence_en": "She's the artistic type.", "sentence_zh": "\u5979\u662f\u827a\u672f\u5bb6\u4e00\u7c7b\u7684\u4eba\u3002"}, {"word": "aspect", "definition": "n. \u65b9\u9762\uff0c\u7279\u8272\uff1b\u671d\u5411\uff0c\u65b9\u4f4d\uff1b\u5916\u8868\uff0c\u5916\u89c2\uff1b\uff08\u52a8\u8bcd\u7684\uff09\u4f53", "pronounce": "[\u02c8\u00e6spekt]", "sentence_en": "They were royally received in every aspect.", "sentence_zh": "\u4ed6\u4eec\u5728\u5404\u4e2a\u65b9\u9762\u90fd\u53d7\u5230\u4e86\u9686\u91cd\u63a5\u5f85\u3002"}, {"word": "assign", "definition": "v. \u5206\u6d3e\uff0c\u5e03\u7f6e\uff08\u5de5\u4f5c\u3001\u4efb\u52a1\uff09\uff1b\u5206\u914d\uff08\u67d0\u7269\uff09\uff1b\u6307\u6d3e\uff0c\u6d3e\u9063\uff1b\u786e\u5b9a\uff08\u4ef7\u503c\u3001\u529f\u80fd\u3001\u65f6\u95f4\u3001\u5730\u70b9\uff09\uff1b\u8f6c\u8ba9\uff08\u8d22\u4ea7\u3001\u6743\u5229\uff09", "pronounce": "[\u0259\u02c8sa\u026an]", "sentence_en": "Influenced by old ideas, some units assign posts according to seniority.", "sentence_zh": "\u7531\u4e8e\u53d7\u65e7\u89c2\u5ff5\u7684\u5f71\u54cd\uff0c\u6709\u4e9b\u5355\u4f4d\u5206\u914d\u5de5\u4f5c\u6309\u8d44\u6392\u8f88\u3002"}, {"word": "assignment", "definition": "n. \u4f5c\u4e1a\uff0c\u4efb\u52a1\uff1b\uff08\u5de5\u4f5c\u7b49\u7684\uff09\u5206\u914d\uff0c\u6307\u6d3e\uff1b\uff08\u8d22\u4ea7\u3001\u6743\u5229\u7684\uff09\u8f6c\u8ba9", "pronounce": "[\u0259\u02c8sa\u026anm\u0259nt]", "sentence_en": "I had set myself a tough assignment.", "sentence_zh": "\u6211\u7ed9\u81ea\u5df1\u5b9a\u4e86\u4e00\u9879\u8270\u5de8\u4efb\u52a1\u3002"}, {"word": "assist", "definition": "v. \u5e2e\u52a9\uff0c\u534f\u52a9\uff1b<\u53e4>\u53c2\u52a0\uff0c\u51fa\u5e2d", "pronounce": "[\u0259\u02c8s\u026ast]", "sentence_en": "Anyone willing to assist can contact this number.", "sentence_zh": "\u51e1\u613f\u534f\u52a9\u8005\u53ef\u62e8\u6b64\u53f7\u7801\u8054\u7cfb\u3002"}, {"word": "assistant", "definition": "n. \u52a9\u7406\uff0c\u52a9\u624b\uff1b\u5e97\u5458\uff0c\u552e\u8d27\u5458", "pronounce": "[\u0259\u02c8s\u026ast\u0259nt]", "sentence_en": "The assistant pursed her lips.", "sentence_zh": "\u90a3\u5973\u52a9\u624b\u5658\u8d77\u4e86\u5634\u3002"}, {"word": "associate", "definition": "v. \u8054\u60f3\uff0c\u8054\u7cfb\uff1b\u652f\u6301\uff0c\u540c\u610f\uff1b\u4ea4\u5f80\uff0c\uff08\u5c24\u6307\uff09\u6df7\u5728\u4e00\u8d77", "pronounce": "[\u0259\u02c8s\u0259\u028asie\u026at]", "sentence_en": "Mr. Lin is associate director of the Institute.", "sentence_zh": "\u6797\u5148\u751f\u662f\u8be5\u7814\u7a76\u6240\u7684\u526f\u4e3b\u4efb\u3002"}, {"word": "association", "definition": "n. \u534f\u4f1a\uff0c\u793e\u56e2\uff0c\u8054\u76df\uff1b\u4ea4\u5f80\uff0c\u8054\u5408\uff1b\u8054\u7cfb\uff0c\u56e0\u679c\u5173\u7cfb\uff1b\u8054\u60f3", "pronounce": "[\u0259\u02ccs\u0259\u028asi\u02c8e\u026a\u0283(\u0259)n]", "sentence_en": "The association holds an annual reunion.", "sentence_zh": "\u8fd9\u4e2a\u534f\u4f1a\u6bcf\u5e74\u4e3e\u884c\u4e00\u6b21\u91cd\u805a\u4f1a\u3002"}, {"word": "assure", "definition": "v. \u4f7f\u786e\u4fe1\uff0c\u5411\u2026\u2026\u4fdd\u8bc1\uff1b\u786e\u4fdd\uff0c\u4f7f\u786e\u5b9a\uff1b\u7ed9\u2026\u2026\u4fdd\u9669", "pronounce": "[\u0259\u02c8\u0283\u028a\u0259(r)]", "sentence_en": "She's perfectly safe, I can assure you.", "sentence_zh": "\u6211\u53ef\u4ee5\u5411\u4f60\u4fdd\u8bc1\uff0c\u5979\u7edd\u5bf9\u5b89\u5168\u3002"}, {"word": "astonish", "definition": "v. \u4f7f\u5403\u60ca\uff0c\u4f7f\u60ca\u8bb6", "pronounce": "[\u0259\u02c8st\u0252n\u026a\u0283]", "sentence_en": "My news will astonish you.", "sentence_zh": "\u6211\u7684\u6d88\u606f\u4f1a\u4ee4\u4f60\u5341\u5206\u60ca\u8bb6\u3002"}, {"word": "astronaut", "definition": "n. \u5b87\u822a\u5458\uff0c\u592a\u7a7a\u4eba", "pronounce": "[\u02c8\u00e6str\u0259n\u0254\u02d0t]", "sentence_en": "Astronaut Pierre Thuot tried to latch the 15-foot robotic arm onto the satellite.", "sentence_zh": "\u5b87\u822a\u5458\u76ae\u57c3\u5c14\u00b7\u7d22\u7279\u60f3\u8981\u628a\u8fd9\u4e2a\u957f15\u82f1\u5c3a\u7684\u673a\u68b0\u624b\u5b89\u5230\u4eba\u9020\u536b\u661f\u4e0a\u3002"}, {"word": "Atlantic", "definition": "n. \u5927\u897f\u6d0b\uff1b\uff08\u5730\u8d28\uff09\u5927\u897f\u6d0b\u6c14\u5019\u671f", "pronounce": "[\u0259t\u02c8l\u00e6nt\u026ak]", "sentence_en": "Another low is moving in from the Atlantic.", "sentence_zh": "\u53e6\u4e00\u4e2a\u4f4e\u6c14\u538b\u533a\u6b63\u4ece\u5927\u897f\u6d0b\u903c\u8fd1\u3002"}, {"word": "attach", "definition": "v. \u7cfb\u4e0a\uff0c\u8d34\u4e0a\uff0c\u8fde\u63a5\uff1b\u9644\u4e0a\uff08\u9644\u4ef6\uff09\uff1b\u8d4b\u4e88\uff0c\u8ba4\u4e3a\u2026\u2026\u5177\u6709\uff1b \u548c\u2026\u2026\u5728\u4e00\u8d77\uff0c\u7f20\u7740\uff1b \u9644\u5e26\uff08\u6761\u4ef6)\uff1b\u9644\u5c5e\uff0c\u4f9d\u9644\uff1b\u4e0e\u2026\u2026\u6709\u5173\u8054\uff1b\u59d4\u6d3e\uff1b\u6263\u62bc\uff08\u503a\u52a1\u4eba\u6216\u5176\u8d22\u4ea7)\uff1b\u4f7f\u4f9d\u604b", "pronounce": "[\u0259\u02c8t\u00e6t\u0283]", "sentence_en": "They attach great importance to the project.", "sentence_zh": "\u4ed6\u4eec\u9ad8\u5ea6\u91cd\u89c6\u8fd9\u4e2a\u9879\u76ee\u3002"}, {"word": "attack", "definition": "v. \u6279\u8bc4\uff0c\u62a8\u51fb\uff1b\u4fb5\u8680\uff0c\u4fb5\u5bb3\uff1b\u5168\u529b\u5e94\u5bf9\uff0c\u594b\u529b\u5904\u7406\uff1b\u88ad\u51fb\uff0c\u653b\u51fb\uff1b\uff08\u4f53\u80b2\u6bd4\u8d5b\u4e2d\uff09\u8fdb\u653b", "pronounce": "[\u0259\u02c8t\u00e6k]", "sentence_en": "The attack on Charles was unjust.", "sentence_zh": "\u5bf9\u67e5\u5c14\u65af\u7684\u653b\u51fb\u662f\u4e0d\u516c\u6b63\u7684\u3002"}, {"word": "attain", "definition": "v. \u83b7\u5f97\uff0c\u5b9e\u73b0\uff1b\u8fbe\u5230", "pronounce": "[\u0259\u02c8te\u026an]", "sentence_en": "Students with high hope set themselves higher goals and know how to work to attain them.", "sentence_zh": "\u88ab\u5bc4\u4e88\u539a\u671b\u7684\u5b66\u751f\u4e3a\u81ea\u5df1\u8bbe\u5b9a\u66f4\u9ad8\u7684\u76ee\u6807\uff0c\u5e76\u77e5\u9053\u5982\u4f55\u52aa\u529b\u5b9e\u73b0\u8fd9\u4e9b\u76ee\u6807\u3002"}, {"word": "attempt", "definition": "v. \u52aa\u529b\uff0c\u5c1d\u8bd5", "pronounce": "[\u0259\u02c8tempt]", "sentence_en": "They made no attempt to escape.", "sentence_zh": "\u4ed6\u4eec\u6ca1\u6709\u4f01\u56fe\u9003\u8dd1\u3002"}, {"word": "attract", "definition": "v. \u5438\u5f15\uff1b\uff08\u7269\u4f53\u95f4\uff09\u4ea7\u751f\u5f15\u529b\uff1b\u5f15\u8d77\uff1b\u6709\u5438\u5f15\u529b", "pronounce": "[\u0259\u02c8tr\u00e6kt]", "sentence_en": "She tried to attract the waiter's attention.", "sentence_zh": "\u5979\u8bd5\u56fe\u5f15\u8d77\u670d\u52a1\u5458\u7684\u6ce8\u610f\u3002"}, {"word": "attraction", "definition": "n. \u6709\u5438\u5f15\u529b\u7684\u4e8b\u7269\uff1b\u5438\u5f15\u529b\uff1b\uff08\u4e24\u6027\u95f4\u7684\uff09\u5438\u5f15\uff1b\uff08\u7269\u4f53\u95f4\u7684\uff09\u5f15\u529b\uff1b\uff08\u9519\u8bef\u7684\uff09\u5f62\u6001\u540c\u5316", "pronounce": "[\u0259\u02c8tr\u00e6k\u0283(\u0259)n]", "sentence_en": "The main attraction at Giverny is Monet's garden.", "sentence_zh": "\u5409\u7ef4\u5c3c\u4e3b\u8981\u7684\u666f\u70b9\u662f\u83ab\u5948\u82b1\u56ed\u3002"}, {"word": "attractive", "definition": "adj. \u5438\u5f15\u4eba\u7684\uff0c\u6709\u5438\u5f15\u529b\u7684\uff1b\uff08\u4eba\uff09\u8ff7\u4eba\u7684\uff0c\u6709\u9b45\u529b\u7684\uff1b\u503c\u5f97\u8003\u8651\u7684\uff0c\u503c\u5f97\u505a\u7684\uff1b\uff08\u4e0e\uff09\u5f15\u529b\uff08\u6709\u5173\uff09\u7684", "pronounce": "[\u0259\u02c8tr\u00e6kt\u026av]", "sentence_en": "She's a very attractive woman.", "sentence_zh": "\u5979\u662f\u4e2a\u975e\u5e38\u8ff7\u4eba\u7684\u5973\u5b50\u3002"}, {"word": "attribute", "definition": "v. \u628a\u2026\u2026\u5f52\u56e0\u4e8e\uff1b\u8ba4\u4e3a\u662f\u2026\u2026\u6240\u4f5c\uff1b\u8ba4\u4e3a\u2026\u2026\u5177\u6709\u67d0\u79cd\u7279\u8d28", "pronounce": "[\u0259\u02c8tr\u026abju\u02d0t]", "sentence_en": "Each level should have exactly one caption attribute.", "sentence_zh": "\u6bcf\u4e2a\u7ea7\u522b\u90fd\u5e94\u8be5\u6709\u4e00\u4e2a\u6807\u9898\u5c5e\u6027\u3002"}, {"word": "audience", "definition": "n. \u89c2\u4f17\uff0c\u542c\u4f17\uff1b\u8bfb\u8005\uff1b\u89d0\u89c1\uff0c\u62dc\u89c1\uff1b\u62e5\u62a4\u8005", "pronounce": "[\u02c8\u0254\u02d0di\u0259ns]", "sentence_en": "The audience cheered and clapped.", "sentence_zh": "\u89c2\u4f17\u53c8\u662f\u559d\u5f69\u53c8\u662f\u9f13\u638c\u3002"}, {"word": "author", "definition": "n. \u4f5c\u8005\uff0c\u8457\u8005\uff1b\u4f5c\u5bb6\uff1b\u53d1\u8d77\u8005\uff0c\u521b\u59cb\u4eba\uff1b\u4f5c\u54c1", "pronounce": "[\u02c8\u0254\u02d0\u03b8\u0259(r)]", "sentence_en": "Who is your favourite author?", "sentence_zh": "\u4f60\u6700\u559c\u6b22\u54ea\u4f4d\u4f5c\u5bb6\uff1f"}, {"word": "authority", "definition": "n. \u4e13\u5bb6\uff0c\u6743\u5a01\u4eba\u58eb\uff1b\u884c\u653f\u7ba1\u7406\u673a\u6784\uff1b\u6743\u5229\uff0c\u6743\u9650\uff1b\u6743\u5a01\uff0c\u5a01\u4fe1\uff1b\u8bb8\u53ef\uff0c\u6388\u6743\uff1b\u5f53\u5c40\uff0c\u5b98\u65b9", "pronounce": "[\u0254\u02d0\u02c8\u03b8\u0252r\u0259ti]", "sentence_en": "She had an aura of authority.", "sentence_zh": "\u5979\u6709\u4e00\u79cd\u6743\u5a01\u6c14\u8d28\u3002"}, {"word": "auto", "definition": "adj. \u6c7d\u8f66\u7684", "pronounce": "[\u02c8\u0254\u02d0t\u0259\u028a]", "sentence_en": "The Auto Pact yoked Ontario into the United States economy.", "sentence_zh": "\u300a\u6c7d\u8f66\u534f\u5b9a\u300b\u5f3a\u884c\u5c06\u5b89\u5927\u7565\u7eb3\u5165\u4e86\u7f8e\u56fd\u7ecf\u6d4e\u4f53\u3002"}, {"word": "automatic", "definition": "adj. \u81ea\u52a8\u7684\uff1b\u5fc5\u7136\u7684\uff1b\u65e0\u610f\u8bc6\u7684\uff0c\u4e0d\u5047\u601d\u7d22\u7684", "pronounce": "[\u02cc\u0254\u02d0t\u0259\u02c8m\u00e6t\u026ak]", "sentence_en": "The automatic doors slid open.", "sentence_zh": "\u81ea\u52a8\u95e8\u6162\u6162\u5f00\u4e86\u3002"}, {"word": "automation", "definition": "n. \u81ea\u52a8\u5316", "pronounce": "[\u02cc\u0254\u02d0t\u0259\u02c8me\u026a\u0283(\u0259)n]", "sentence_en": "Automation meant the loss of many factory jobs.", "sentence_zh": "\u81ea\u52a8\u5316\u610f\u5473\u7740\u8bb8\u591a\u5de5\u5382\u5de5\u4eba\u5931\u4e1a\u3002"}, {"word": "automobile", "definition": "n. \u6c7d\u8f66", "pronounce": "[\u02c8\u0254\u02d0t\u0259m\u0259bi\u02d0l]", "sentence_en": "Thanks to the automobile, Americans soon had a freedom of movement previously unknown.", "sentence_zh": "\u7531\u4e8e\u6709\u4e86\u6c7d\u8f66\uff0c\u7f8e\u56fd\u4eba\u5f88\u5feb\u5c31\u83b7\u5f97\u4e86\u524d\u6240\u672a\u6709\u7684\u884c\u52a8\u81ea\u7531\u3002"}, {"word": "available", "definition": "adj. \u53ef\u7528\u7684\uff0c\u53ef\u83b7\u5f97\u7684\uff1b\u6709\u7a7a\u7684\uff0c\u6709\u95f2\u6687\u7684\uff1b\u672a\u5a5a\u7684\uff0c\u5355\u8eab\u7684", "pronounce": "[\u0259\u02c8ve\u026al\u0259b(\u0259)l]", "sentence_en": "This was the only room available.", "sentence_zh": "\u8fd9\u662f\u552f\u4e00\u53ef\u7528\u7684\u623f\u95f4\u3002"}, {"word": "awkward", "definition": "adj. \u4ee4\u4eba\u5c34\u5c2c\u7684\uff0c\u4f7f\u4eba\u96be\u582a\u7684\uff1b\u96be\u5bf9\u4ed8\u7684\uff0c\u96be\u5904\u7406\u7684\uff1b\u5c40\u4fc3\u4e0d\u5b89\u7684\uff1b\u4e0d\u65b9\u4fbf\u7684\uff1b\u7b28\u62d9\u7684\uff0c\u4e0d\u96c5\u89c2\u7684\uff1b\u4e0d\u8212\u9002\u7684", "pronounce": "[\u02c8\u0254\u02d0kw\u0259d]", "sentence_en": "15 is an awkward age.", "sentence_zh": "15\u5c81\u662f\u4e2a\u5c34\u5c2c\u7684\u5e74\u7eaa\u3002"}, {"word": "ban", "definition": "n. \u7981\u6b62\uff0c\u7981\u4ee4\uff1b\u9010\u51fa\u4ee4\uff1b<\u53f2>\u892b\u593a\u516c\u6c11\u6743\u7684\u5224\u51b3\uff1b<\u53e4>\u8bc5\u5492\uff1b\u5df4\u5c3c\uff08\u7f57\u9a6c\u5c3c\u4e9a\u8d27\u5e01\u5355\u4f4d\uff0c\u590d\u6570bani\uff09", "pronounce": "[b\u00e6n]", "sentence_en": "They wanted a total ban on handguns.", "sentence_zh": "\u4ed6\u4eec\u8981\u6c42\u5f7b\u5e95\u7981\u6b62\u62e5\u6709\u624b\u67aa\u3002"}, {"word": "bare", "definition": "adj. \u8d64\u88f8\u7684\uff1b\u5149\u79c3\u79c3\u7684\uff1b\u65e0\u906e\u76d6\u7684\uff0c\u65e0\u88c5\u9970\u7684\uff1b\u4ec5\u6700\u57fa\u672c\u7684", "pronounce": "[be\u0259(r)]", "sentence_en": "'Bear' and 'bare' are homophonous.", "sentence_zh": "bear\u548c bare\u662f\u540c\u97f3\u5f02\u5f62\u8bcd\u3002"}, {"word": "bargain", "definition": "n. \u4fbf\u5b9c\u8d27\uff0c\u51cf\u4ef7\u54c1\uff1b\u534f\u8bae\uff0c\u4ea4\u6613", "pronounce": "[\u02c8b\u0251\u02d0\u0261\u0259n]", "sentence_en": "He said he wasn't prepared to bargain.", "sentence_zh": "\u4ed6\u8bf4\u4ed6\u4e0d\u613f\u8ba8\u4ef7\u8fd8\u4ef7\u3002"}, {"word": "barrier", "definition": "n. \u969c\u788d\uff0c\u58c1\u5792\uff1b\u969c\u788d\u7269\uff0c\u5173\u5361\uff1b\u5206\u754c\u7ebf\uff0c\u5c4f\u969c\uff1b\u5927\u5173\uff0c\u754c\u9650", "pronounce": "[\u02c8b\u00e6ri\u0259(r)]", "sentence_en": "I realized I had to surmount the language barrier.", "sentence_zh": "\u6211\u8ba4\u8bc6\u5230\u6211\u5fc5\u987b\u5f97\u514b\u670d\u8bed\u8a00\u969c\u788d\u3002"}, {"word": "bear", "definition": "v. \u624b\u6301\uff0c\u643a\u5e26\uff1b\uff08\u8f66\uff0c\u8239\uff09\u8fd0\u8f93\uff0c\u8fd0\u9001\uff1b\u5199\u6709\uff0c\u523b\u6709\uff1b\u4ee5\uff08\u59d3\u540d\uff0c\u5934\u8854\uff09\u76f8\u79f0\uff1b\u89c1\u8bc1\uff0c\u4f5c\u8bc1\uff1b\u627f\u62c5\uff0c\u62c5\u8d1f\uff08\u8d23\u4efb\uff09\uff1b\u7ecf\u5f97\u8d77\uff1b\u627f\u53d7\uff0c\u5bb9\u5fcd\uff1b\u751f\u80b2\uff08\u5b69\u5b50\uff09\uff1b\uff08\u6811\uff0c\u690d\u7269\uff09\u7ed3\uff08\u679c\u5b9e\uff09\uff0c\u957f\u51fa\uff08\u82b1\uff09\uff1b\u62d0\u5f2f", "pronounce": "[be\u0259(r)]", "sentence_en": "He can't bear being laughed at.", "sentence_zh": "\u4ed6\u65e0\u6cd5\u5fcd\u53d7\u906d\u4eba\u5632\u7b11\u3002"}, {"word": "belong", "definition": "v. \u5e94\u5728\u2026\u2026\u5730\u65b9\uff0c\u5e94\u5904\u4e8e\u2026\u2026\u72b6\u51b5\uff1b\u9002\u5e94\uff0c\u5408\u5f97\u6765\uff1b\u5f52\u2026\u2026\u6240\u6709\uff1b\u662f\u2026\u2026\u7684\u6210\u5458\uff0c\u5c5e\u4e8e\uff08\u67d0\u56e2\u4f53\u6216\u7ec4\u7ec7\uff09\uff1b\u5c45\u4f4f", "pronounce": "[b\u026a\u02c8l\u0252\u014b]", "sentence_en": "Lions belong to the cat family.", "sentence_zh": "\u72ee\u5c5e\u4e8e\u732b\u79d1\u3002"}, {"word": "beneficial", "definition": "adj. \u6709\u76ca\u7684\uff0c\u6709\u5229\u7684\uff1b<\u6cd5\u5f8b>\uff08\u4e0e\uff09\u6743\u76ca\uff08\u6709\u5173\uff09\u7684\uff0c\u6709\u8d22\u4ea7\u4f7f\u7528\u6743\u7684", "pronounce": "[\u02ccben\u026a\u02c8f\u026a\u0283(\u0259)l]", "sentence_en": "A good diet is beneficial to health.", "sentence_zh": "\u826f\u597d\u7684\u996e\u98df\u6709\u76ca\u4e8e\u5065\u5eb7\u3002"}, {"word": "benefit", "definition": "n. \u597d\u5904\uff0c\u76ca\u5904\uff1b\u6551\u6d4e\u91d1\uff0c\u8865\u52a9\u91d1\uff1b\u989d\u5916\u5956\u52b1\uff0c\u4fdd\u9669\u91d1\uff1b\u6148\u5584\u6d3b\u52a8", "pronounce": "[\u02c8ben\u026af\u026at]", "sentence_en": "I've had the benefit of a good education.", "sentence_zh": "\u6211\u5f97\u76ca\u4e8e\u53d7\u8fc7\u826f\u597d\u6559\u80b2\u3002"}, {"word": "billion", "definition": "num. \u5341\u4ebf\uff1b<\u65e7>\u4e07\u4ebf", "pronounce": "[\u02c8b\u026alj\u0259n]", "sentence_en": "The new runway is a billion-dollar boondoggle.", "sentence_zh": "\u8fd9\u6761\u65b0\u8dd1\u9053\u662f\u4e00\u4e2a\u4ef7\u503c\u5341\u4ebf\u7f8e\u5143\u7684\u5e9f\u7269\u3002"}, {"word": "bind", "definition": "v. \u6346\u7ed1\uff0c\u7cfb\uff1b\u5305\u624e\uff1b\u4f7f\u7d27\u5bc6\u8054\u7cfb\uff1b\u8feb\u4f7f\uff0c\u4f7f\u8d1f\u6709\u4e49\u52a1\uff08\u6216\u8d23\u4efb\uff09\uff1b\uff08\u4f7f\uff09\u51dd\u7ed3\uff0c\uff08\u4f7f\uff09\u7c98\u5408\uff1b\u88c5\u8ba2\uff1b\u7ed9\u2026\u2026\u9576\u8fb9\uff0c\u7ed9\u2026\u2026\u6eda\u8fb9\uff1b\uff08\u91cf\u8bcd\uff09\u9002\u7528\u4e8e\uff08\u7ed9\u5b9a\u7684\u53d8\u91cf\uff09\uff1b\uff08\u89c4\u5219\uff0c\u8bed\u6cd5\u6761\u4ef6\uff09\u51b3\u5b9a\uff08\u5171\u6307\u540d\u8bcd\u8bcd\u7ec4\uff09\u4e4b\u95f4\u7684\u5173\u7cfb\uff1b\uff08\u98df\u7269\uff0c\u836f\u54c1\uff09\u4f7f\u4fbf\u79d8", "pronounce": "[ba\u026and]", "sentence_en": "Take him home and bind his wounds.", "sentence_zh": "\u5e26\u4ed6\u56de\u5bb6\uff0c\u5305\u624e\u4ed6\u7684\u4f24\u53e3\u3002"}, {"word": "biology", "definition": "n. \u751f\u7269\u5b66\uff1b\u751f\u547d\u673a\u7406\uff0c\u4f5c\u7528\u65b9\u5f0f\uff1b\u751f\u7406\u4e60\u6027\uff1b\uff08\u67d0\u4e2a\u5730\u533a\u7684\uff09\u751f\u7269", "pronounce": "[ba\u026a\u02c8\u0252l\u0259d\u0292i]", "sentence_en": "Biology is my favourite subject.", "sentence_zh": "\u751f\u7269\u662f\u6211\u6700\u559c\u6b22\u7684\u5b66\u79d1\u3002"}, {"word": "bitter", "definition": "adj. \u5473\u82e6\u7684\uff1b\u75db\u82e6\u7684\uff0c\u8f9b\u9178\u7684\uff1b\u6fc0\u70c8\u7684\uff0c\u5145\u6ee1\u654c\u610f\u7684\uff1b\u6124\u6124\u4e0d\u5e73\u7684\uff1b\u4e25\u5bd2\u7684\uff0c\u523a\u9aa8\u7684\uff1b\uff08\u5de7\u514b\u529b\uff09\u9ed1\u8272\u4e0d\u52a0\u7cd6\u7684", "pronounce": "[\u02c8b\u026at\u0259(r)]", "sentence_en": "The leaves taste rather bitter.", "sentence_zh": "\u8fd9\u4e9b\u53f6\u5b50\u5c1d\u8d77\u6765\u76f8\u5f53\u82e6\u3002"}, {"word": "bloom", "definition": "n. \u82b1\uff0c\u82b1\u6735\uff1b\u82b1\u671f\uff1b\u9752\u6625\u7115\u53d1\uff0c\u98ce\u534e\u6b63\u8302\uff1b\uff08\u80a4\u8272\u7684\uff09\u7ea2\u6da6\uff1b\uff08\u4e00\u4e9b\u6c34\u679c\u548c\u690d\u7269\u7684\uff09\u7c89\u8863\uff0c\u7c89\u971c\uff1b\uff08\u5c24\u6307\u97f3\u4e50\u5f55\u97f3\u4e2d\uff09\u9971\u6ee1\u54cd\u4eae\u7684\u58f0\u97f3\uff1b\u65b9\u576f", "pronounce": "[blu\u02d0m]", "sentence_en": "The daffodils were in full bloom.", "sentence_zh": "\u6c34\u4ed9\u82b1\u76db\u5f00\u4e86\u3002"}, {"word": "bold", "definition": "adj. \u5927\u80c6\u81ea\u4fe1\u7684\uff0c\u6562\u4e8e\u5192\u9669\u7684\uff1b\u5192\u5931\u7684\uff0c\u9c81\u83bd\u7684\uff1b\u660e\u663e\u7684\uff0c\u8f6e\u5ed3\u7a81\u51fa\u7684\uff1b\u7c97\u4f53\u7684\uff0c\u9ed1\u4f53\u7684\uff1b<\u6587>\u9661\u5ced\u7684", "pronounce": "[b\u0259\u028ald]", "sentence_en": "In 1960 this was a bold move.", "sentence_zh": "\u57281960\u5e74\uff0c\u8fd9\u662f\u4e00\u4e2a\u5927\u80c6\u7684\u4e3e\u52a8\u3002"}, {"word": "bond", "definition": "n. \u7ebd\u5e26\uff0c\u8054\u7cfb\uff1b\u516c\u503a\uff0c\u503a\u5238\uff1b\u7ed3\u5408\uff0c\u9ecf\u5408\uff1b\u627f\u8bfa\uff0c\u5951\u7ea6\uff1b\u67b7\u9501\uff0c\u684e\u688f", "pronounce": "[b\u0252nd]", "sentence_en": "She works for Bond & Green.", "sentence_zh": "\u5979\u5728\u90a6\u5fb7\u2014\u683c\u6797\u516c\u53f8\u5de5\u4f5c\u3002"}, {"word": "bother", "definition": "v. \u8d39\u5fc3\uff1b\uff08\u4f7f\uff09\u70e6\u607c\uff0c\uff08\u4f7f\uff09\u62c5\u5fc3\uff1b\u6253\u6270\uff0c\u70e6\u6270\uff1b\u4f7f\u4e0d\u8212\u670d\uff0c\u4f7f\u75bc\u75db", "pronounce": "[\u02c8b\u0252\u00f0\u0259(r)]", "sentence_en": "I hope I haven't been a bother.", "sentence_zh": "\u5e0c\u671b\u6211\u6ca1\u70e6\u6270\u4f60\u3002"}, {"word": "brighten", "definition": "v. \u4f7f\u660e\u4eae\uff0c\u4f7f\u9c9c\u8273\uff1b\u5f00\u989c\uff0c\u9ad8\u5174\uff1b\uff08\u4f7f\uff09\u597d\u8f6c\uff0c\uff08\u4f7f\uff09\u53d8\u5f97\u4e50\u89c2\uff1b\u4f7f\u751f\u8272\uff0c\u4e3a\u2026\u2026\u589e\u8f89\u6dfb\u5f69\uff1b\u653e\u6674", "pronounce": "[\u02c8bra\u026at(\u0259)n]", "sentence_en": "David spotted the pink silk lampshade in a shop and thought it would brighten up the room.", "sentence_zh": "\u5927\u536b\u5728\u4e00\u5bb6\u5546\u5e97\u53d1\u73b0\u4e86\u8fd9\u4e2a\u7c89\u8272\u7684\u4e1d\u7ef8\u706f\u7f69,\u4ed6\u60f3\u5b83\u4f1a\u4f7f\u623f\u95f4\u751f\u8f89\u3002"}, {"word": "brilliant", "definition": "adj. \u5de7\u5999\u7684\uff0c\u4f7f\u4eba\u5370\u8c61\u6df1\u7684\uff1b\u6210\u529f\u7684\uff0c\u8f89\u714c\u7684\uff1b\u806a\u9896\u7684\uff0c\u6280\u827a\u9ad8\u8d85\u7684\uff1b\u660e\u4eae\u7684\uff0c\u9c9c\u8273\u7684", "pronounce": "[\u02c8br\u026ali\u0259nt]", "sentence_en": "The sky was a brilliant blue.", "sentence_zh": "\u5929\u7a7a\u4e00\u7247\u851a\u84dd\u3002"}, {"word": "boom", "definition": "n. \u7e41\u8363\uff1b\u6d41\u884c\uff0c\u98ce\u9761\uff1b\u9686\u9686\u58f0\uff1b\u540a\u6746\uff1b\u5e06\u6841\uff1b\u6c34\u6805", "pronounce": "[bu\u02d0m]", "sentence_en": "He made a small fortune in the property boom.", "sentence_zh": "\u4ed6\u5728\u623f\u5730\u4ea7\u7e41\u8363\u671f\u53d1\u4e86\u4e00\u5c0f\u7b14\u8d22\u3002"}, {"word": "bull", "definition": "n. \u516c\u725b\uff1b\u96c4\u6027\u5927\u578b\u52a8\u7269\uff1b\u4e70\u7a7a\u8005\uff0c\u591a\u5934\uff1b\u6559\u7687\u8bcf\u4e66\uff0c\u6559\u7687\u8bad\u8c15\uff1b<\u975e\u6b63\u5f0f>\u5e9f\u8bdd\uff0c\u80e1\u8bf4\u516b\u9053\uff1b\u9776\u5fc3", "pronounce": "[b\u028al]", "sentence_en": "He was gored by a bull.", "sentence_zh": "\u4ed6\u88ab\u516c\u725b\u9876\u4f24\u3002"}, {"word": "burden", "definition": "n. \u8d1f\u62c5\uff0c\u8d23\u4efb\uff1b\u8d1f\u91cd\uff0c\u8d1f\u8377\uff1b\u8239\u7684\u8f7d\u91cd\u91cf\uff0c\u5428\u4f4d\uff1b\uff08\u6f14\u8bb2\u3001\u4e66\u6216\u8fa9\u8bba\u7684\uff09\u4e3b\u9898\uff0c\u4e3b\u65e8\uff08the burden\uff09", "pronounce": "[\u02c8b\u025c\u02d0d(\u0259)n]", "sentence_en": "Her death will be an impossible burden on Paul.", "sentence_zh": "\u5979\u7684\u53bb\u4e16\u4f1a\u6210\u4e3a\u4fdd\u7f57\u96be\u4ee5\u627f\u53d7\u7684\u8d1f\u62c5\u3002"}, {"word": "campaign", "definition": "n. \uff08\u6709\u8ba1\u5212\u7684\uff09\u6d3b\u52a8\uff0c\u8fd0\u52a8\uff1b\u6218\u5f79\uff0c\u6218\u6597", "pronounce": "[k\u00e6m\u02c8pe\u026an]", "sentence_en": "His campaign was not going well.", "sentence_zh": "\u4ed6\u7684\u7ade\u9009\u6d3b\u52a8\u8fdb\u5c55\u5f97\u4e0d\u987a\u5229\u3002"}, {"word": "cancer", "definition": "n. \u764c\u75c7\uff1b\u75fc\u75be\uff0c\u793e\u4f1a\u6076\u4e60\uff1b\u5de8\u87f9\u5bab\uff0c\u5de8\u87f9\u5ea7\uff08Cancer\uff09\uff1b\u51fa\u751f\u4e8e\u5de8\u87f9\u5bab\u65f6\u6bb5\uff08\u53736\u670822\u65e5\u81f37\u670822\u65e5\uff09\u7684\u4eba\uff08Cancer\uff09", "pronounce": "[\u02c8k\u00e6ns\u0259(r)]", "sentence_en": "He has terminal lung cancer.", "sentence_zh": "\u4ed6\u60a3\u6709\u665a\u671f\u80ba\u764c\u3002"}, {"word": "candidate", "definition": "n. \u5019\u9009\u4eba\uff0c\u7533\u8bf7\u8005\uff1b\u6709\u671b\u4f53\u9a8c\uff08\u5f97\u5230\uff09\u2026\u2026\u7684\u4eba\uff08\u7269\uff09\uff1b\u6295\u8003\u8005\uff0c\u8003\u751f\uff1b\u653b\u8bfb\u5b66\u4f4d\u8005", "pronounce": "[\u02c8k\u00e6nd\u026ad\u0259t]", "sentence_en": "Neither candidate won outright.", "sentence_zh": "\u4e24\u4e2a\u5019\u9009\u4eba\u8c01\u4e5f\u6ca1\u5e72\u8106\u5229\u843d\u5730\u83b7\u80dc\u3002"}, {"word": "capable", "definition": "adj. \u6709\u80fd\u529b\u7684\uff1b\u6709\u672c\u9886\u7684\uff0c\u80fd\u5e72\u7684\uff1b\u53ef\u4ee5\u2026\u2026\u7684\uff0c\u5bb9\u8bb8\u2026\u2026\u7684", "pronounce": "[\u02c8ke\u026ap\u0259b(\u0259)l]", "sentence_en": "She's a very capable speaker.", "sentence_zh": "\u5979\u662f\u4e00\u4e2a\u975e\u5e38\u6709\u80fd\u529b\u7684\u6f14\u8bf4\u8005\u3002"}, {"word": "capacity", "definition": "n. \u80fd\u529b\uff0c\u624d\u80fd\uff1b\u5bb9\u79ef\uff0c\u5bb9\u7eb3\u80fd\u529b\uff1b\u804c\u4f4d\uff0c\u804c\u8d23\uff1b\u529f\u7387\uff0c\u5bb9\u79ef\uff1b\u751f\u4ea7\u91cf\uff0c\u751f\u4ea7\u80fd\u529b", "pronounce": "[k\u0259\u02c8p\u00e6s\u0259ti]", "sentence_en": "Human beings have an infinite capacity for self-deception.", "sentence_zh": "\u4eba\u7c7b\u81ea\u6b3a\u7684\u80fd\u529b\u662f\u65e0\u7a77\u5c3d\u7684\u3002"}, {"word": "capital", "definition": "n. \u8d44\u672c\uff0c\u8d44\u91d1\uff1b\u8d44\u672c\u5bb6\uff0c\u8d44\u65b9\uff1b\u9996\u90fd\uff0c\u9996\u5e9c\uff0c\u7701\u4f1a\uff1b\u6d3b\u52a8\uff08\u6216\u751f\u4ea7\uff09\u4e2d\u5fc3\uff1b\u5927\u5199\u5b57\u6bcd\uff1b\u67f1\u9876\uff0c\u67f1\u5934", "pronounce": "[\u02c8k\u00e6p\u026at(\u0259)l]", "sentence_en": "Cairo is the capital of Egypt.", "sentence_zh": "\u5f00\u7f57\u662f\u57c3\u53ca\u7684\u9996\u90fd\u3002"}, {"word": "captain", "definition": "n. \u961f\u957f\uff0c\u9996\u9886\uff1b\u4e0a\u5c09\uff0c\u4e0a\u6821\uff1b\u8239\u957f\uff0c\u673a\u957f\uff1b<\u7f8e>\u8b66\u5c40\u526f\u5b98\uff0c\u6d88\u9632\u7f72\u4e2d\u961f\u957f", "pronounce": "[\u02c8k\u00e6pt\u026an]", "sentence_en": "This is the captain speaking.", "sentence_zh": "\u6211\u662f\u8239\u957f\u3002"}, {"word": "captive", "definition": "adj. \u88ab\u4fd8\u864f\u7684\uff0c\u88ab\u5708\u517b\u7684\uff1b\u53d7\u9650\u5236\u7684\uff0c\u53d7\u63a7\u5236\u7684\uff1b\uff08\u8bbe\u5907\uff0c\u670d\u52a1\uff09\u53d7\u5784\u65ad\u7684\uff1b\u88ab\u8ff7\u4f4f\u7684\uff0c\u88ab\u5438\u5f15\u7684", "pronounce": "[\u02c8k\u00e6pt\u026av]", "sentence_en": "They were taken captive by masked gunmen.", "sentence_zh": "\u4ed6\u4eec\u88ab\u8499\u9762\u7684\u6301\u67aa\u6b79\u5f92\u52ab\u6301\u4e86\u3002"}, {"word": "cargo", "definition": "n. \uff08\u8239\u6216\u98de\u673a\u88c5\u8f7d\u7684\uff09\u8d27\u7269", "pronounce": "[\u02c8k\u0251\u02d0\u0261\u0259\u028a]", "sentence_en": "The cargo was hoisted aboard by crane.", "sentence_zh": "\u8d27\u7269\u7531\u8d77\u91cd\u673a\u540a\u4e0a\u4e86\u8239\u3002"}, {"word": "cartoon", "definition": "n. \u6f2b\u753b\uff0c\u8bbd\u523a\u753b\uff1b\u52a8\u753b\u7247\uff0c\u5361\u901a\u7247\uff1b\u8349\u56fe\uff0c\u5e95\u56fe", "pronounce": "[k\u0251\u02d0\u02c8tu\u02d0n]", "sentence_en": "Mickey Mouse, Donald Duck, and other Disney cartoon characters gave endless delight to millions of children.", "sentence_zh": "\u7c73\u8001\u9f20\u3001\u5510\u8001\u9e2d\u53ca\u5176\u4ed6\u8fea\u65af\u5c3c\u5361\u901a\u5f62\u8c61\u7ed9\u6570\u767e\u4e07\u7684\u513f\u7ae5\u5e26\u6765\u4e86\u65e0\u5c3d\u7684\u6b22\u4e50\u3002"}, {"word": "carriage", "definition": "n. \uff08\u65e7\u65f6\u7684\uff09\u9a6c\u8f66\uff1b\uff08\u706b\u8f66\uff09\u8f66\u53a2\uff1b\u6ed1\u67b6\uff0c\u6258\u677f\uff1b\u70ae\u67b6\uff0c\u6258\u67b6\uff1b\u5a74\u513f\u8f66\uff1b\u8fd0\u8d39\uff0c\u8fd0\u8f93\uff1b\u4eea\u6001\uff0c\u59ff\u6001", "pronounce": "[\u02c8k\u00e6r\u026ad\u0292]", "sentence_en": "I fought my way into a carriage just before the doors closed.", "sentence_zh": "\u6211\u6b63\u597d\u5728\u8f66\u95e8\u5173\u95ed\u4e4b\u524d\u6324\u8fdb\u4e86\u4e00\u8282\u8f66\u53a2\u3002"}, {"word": "carrier", "definition": "n. \u642c\u8fd0\u4eba\uff0c\u8fd0\u8f93\u5de5\u5177\uff1b\u822a\u7a7a\u516c\u53f8\uff1b\u519b\u8f66\uff0c\u8fd0\u8f93\u8230\uff1b\u8d2d\u7269\u888b\uff1b\uff08\u81ea\u884c\u8f66\u7b49\u7684\uff09\u7f6e\u7269\u67b6\uff0c\u8f7d\u91cd\u67b6\uff1b\u5e26\u83cc\u8005\uff0c\u75c5\u6bd2\u643a\u5e26\u8005\uff0c\u75c5\u5a92\uff1b\u901a\u8baf\u516c\u53f8\uff1b\u8f7d\u4f53", "pronounce": "[\u02c8k\u00e6ri\u0259(r)]", "sentence_en": "They brought baby Michael along in a carrier.", "sentence_zh": "\u4ed6\u4eec\u628a\u5c0f\u8fc8\u514b\u5c14\u653e\u5728\u5a74\u513f\u8f66\u4e0a\u4e00\u8d77\u5e26\u6765\u4e86\u3002"}, {"word": "casual", "definition": "adj. \u4f11\u95f2\u7684\uff0c\u4fbf\u88c5\u7684\uff1b\u968f\u4fbf\u7684\uff0c\u975e\u6b63\u5f0f\u7684\uff1b\u6f2b\u4e0d\u7ecf\u5fc3\u7684\uff0c\u968f\u610f\u7684\uff1b\u4e34\u65f6\u7684\uff0c\u77ed\u671f\u7684\uff1b\u78b0\u5de7\u7684\uff0c\u5076\u7136\u7684\uff1b\u4e0d\u8ba4\u771f\u7684\uff0c\u9a6c\u864e\u7684\uff1b\u4e0d\u5b9a\u671f\u7684\uff0c\u5076\u5c14\u7684\uff1b\u611f\u60c5\u4e0d\u6df1\u7684\uff0c\u758f\u8fdc\u7684", "pronounce": "[\u02c8k\u00e6\u0292u\u0259l]", "sentence_en": "The boy was cheeky and casual.", "sentence_zh": "\u8fd9\u4e2a\u7537\u5b69\u563b\u76ae\u7b11\u8138\u3001\u968f\u968f\u4fbf\u4fbf\u3002"}, {"word": "centimetre", "definition": "n. \u5398\u7c73\uff0c\u516c\u5206", "pronounce": "[\u02c8sent\u026ami\u02d0t\u0259(r)]", "sentence_en": "A centimetre can be infinitely divided into smaller units.", "sentence_zh": "\u4e00\u5398\u7c73\u80fd\u88ab\u65e0\u7a77\u5c3d\u5730\u5206\u4e3a\u66f4\u5c0f\u7684\u5355\u4f4d\u3002"}, {"word": "central", "definition": "adj. \u4e2d\u592e\u7684\uff0c\u4e2d\u5fc3\u7684\uff1b\u8d77\u652f\u914d\u4f5c\u7528\u7684\uff0c\u6709\u63a7\u5236\u529b\u7684\uff1b\u6700\u91cd\u8981\u7684\uff0c\u4e3b\u8981\u7684", "pronounce": "[\u02c8sentr\u0259l]", "sentence_en": "The house has gas-fired central heating.", "sentence_zh": "\u8fd9\u6240\u623f\u5b50\u6709\u71c3\u6c14\u4e2d\u592e\u4f9b\u6696\u7cfb\u7edf\u3002"}, {"word": "century", "definition": "n. \u4e16\u7eaa\uff1b\u4e00\u767e\u5e74\uff1b\uff08\u677f\u7403\uff09\u4e00\u767e\u5206", "pronounce": "[\u02c8sent\u0283\u0259ri]", "sentence_en": "A new century was dawning.", "sentence_zh": "\u4e00\u4e2a\u65b0\u7684\u4e16\u7eaa\u5f00\u59cb\u4e86\u3002"}, {"word": "channel", "definition": "n. \u9891\u9053\uff0c\u7535\u89c6\u9891\u9053\uff1b\u7ba1\u9053\uff0c\u901a\u9053\uff0c\u822a\u9053\uff1b\u6e20\u9053\uff0c\u624b\u6bb5\uff1b\u6c9f\u6e20\uff0c\u6c9f\u69fd\uff1b\u6cb3\u5e8a\uff1b\u6d77\u5ce1\uff1b\u4fe1\u9053\uff1b\u7535\u5b50\u6c9f\u9053\uff1b\u8f93\u6db2\u9053", "pronounce": "[\u02c8t\u0283\u00e6n(\u0259)l]", "sentence_en": "The programme's on Channel 4.", "sentence_zh": "\u8fd9\u4e2a\u8282\u76ee\u57284\u9891\u9053\u3002"}, {"word": "character", "definition": "n. \u6027\u683c\uff0c\u54c1\u8d28\uff1b\u7279\u8272\uff0c\u7279\u5f81\uff1b\u4eba\u7269\uff0c\u89d2\u8272\uff1b\u52c7\u6c14\uff0c\u6bc5\u529b\uff1b\u67d0\u79cd\u4eba\uff0c\u53e4\u602a\u6709\u8da3\u7684\u4eba\uff1b\uff08\u4e66\u5199\u6216\u5370\u5237\uff09\u7b26\u53f7\uff0c\u6587\u5b57\uff0c\u5b57\u4f53\uff1b\u540d\u8a89\uff0c\u540d\u58f0", "pronounce": "[\u02c8k\u00e6r\u0259kt\u0259(r)]", "sentence_en": "She's a good judge of character.", "sentence_zh": "\u5979\u5f88\u5584\u4e8e\u9274\u5b9a\u522b\u4eba\u7684\u6027\u683c\u3002"}, {"word": "characteristic", "definition": "n. \u7279\u5f81\uff0c\u7279\u70b9\uff0c\u7279\u8272", "pronounce": "[\u02cck\u00e6r\u0259kt\u0259\u02c8r\u026ast\u026ak]", "sentence_en": "She spoke with characteristic enthusiasm.", "sentence_zh": "\u5979\u8bf4\u8bdd\u5e26\u7740\u7279\u6709\u7684\u70ed\u60c5\u3002"}, {"word": "charming", "definition": "adj. \u8ff7\u4eba\u7684\uff0c\u5bcc\u6709\u9b45\u529b\u7684\uff1b\uff08\u8868\u793a\u4e0d\u8d5e\u6210\uff09\u8ba8\u538c\u7684\uff0c\u771f\u591f\u53ef\u4ee5\u7684", "pronounce": "[\u02c8t\u0283\u0251\u02d0m\u026a\u014b]", "sentence_en": "I found his amiability charming.", "sentence_zh": "\u6211\u53d1\u73b0\u4ed6\u548c\u853c\u53ef\u4eb2\u6e29\u67d4\u8ff7\u4eba\u3002"}, {"word": "chase", "definition": "v. \u8ffd\u9010\uff0c\u8ffd\u8d76\uff1b\u5306\u5fd9\u8d76\u5f80\uff0c\u6025\u5954\uff1b\u8ffd\u6c42\uff0c\u52aa\u529b\u4e89\u53d6\uff1b\u6c42\u7231\uff1b\u9a71\u9010\uff0c\u8d76\u8d70\uff1b\u64a4\u804c\uff1b\u50ac\u4fc3\uff1b\u9542\u523b\uff0c\u96d5\u523b", "pronounce": "[t\u0283e\u026as]", "sentence_en": "The movie has a car chase to end all car chases.", "sentence_zh": "\u8fd9\u90e8\u5f71\u7247\u7684\u6c7d\u8f66\u8ffd\u9010\u573a\u9762\u975e\u5e38\u523a\u6fc0\u3002"}, {"word": "cheat", "definition": "v. \u6b3a\u9a97\uff0c\u884c\u9a97\uff1b\u4fa5\u5e78\u9003\u8131\uff0c\u9003\u907f\uff1b\u4f5c\u5f0a\uff1b\u5bf9\u914d\u5076\uff08\u6216\u4f34\u4fa3\uff09\u4e0d\u5fe0", "pronounce": "[t\u0283i\u02d0t]", "sentence_en": "He was a liar and a cheat.", "sentence_zh": "\u4ed6\u662f\u4e00\u4e2a\u8bf4\u8c0e\u7684\u4eba\uff0c\u4e00\u4e2a\u9a97\u5b50\u3002"}, {"word": "cheater", "definition": "n. \u9a97\u5b50\uff1b\u80cc\u53db\u8005\uff1b\u773c\u955c", "pronounce": "[\u02c8t\u0283i\u02d0t\u0259(r)]", "sentence_en": "He was a ladies' man. A cheater. A player.", "sentence_zh": "\u4ed6\u66fe\u662f\u4e2a\u82b1\u82b1\u516c\u5b50\uff0c\u4e00\u4e2a\u9a97\u5b50\uff0c\u4e00\u4e2a\u56db\u5904\u5bfb\u6b22\u4f5c\u4e50\u7684\u6d6a\u5b50\u3002"}, {"word": "childhood", "definition": "n.  \u7ae5\u5e74\uff0c\u5e7c\u5e74\u65f6\u4ee3", "pronounce": "[\u02c8t\u0283a\u026aldh\u028ad]", "sentence_en": "She had a pretty tough childhood.", "sentence_zh": "\u5979\u5ea6\u8fc7\u4e86\u4e00\u4e2a\u975e\u5e38\u8270\u82e6\u7684\u7ae5\u5e74\u3002"}, {"word": "childish", "definition": "adj. \u5b69\u5b50\u7684\uff0c\u5b69\u5b50\u822c\u7684\uff1b\u5e7c\u7a1a\u7684\uff0c\u5b69\u5b50\u6c14\u7684", "pronounce": "[\u02c8t\u0283a\u026ald\u026a\u0283]", "sentence_en": "She's just being childish and immature.", "sentence_zh": "\u5979\u771f\u662f\u5c0f\u5b69\u5b50\u6c14\uff0c\u592a\u5192\u5931\u4e86\u3002"}, {"word": "chill", "definition": "n. \u5bd2\u51b7\uff0c\u5bd2\u610f\uff1b\u7740\u51c9\uff0c\u53d7\u5bd2\uff1b\u5bb3\u6015\uff0c\u62c5\u5fc3\uff1b\u51b7\u6f20\uff0c\u654c\u610f\uff1b\u51b7\u6a21\uff0c\u51b7\u6a21\u90e8\u4ef6", "pronounce": "[t\u0283\u026al]", "sentence_en": "September is here, bringing with it a chill in the mornings.", "sentence_zh": "9\u6708\u5230\u4e86\uff0c\u5e26\u6765\u4e86\u6e05\u6668\u7684\u5bd2\u610f\u3002"}, {"word": "china", "definition": "n. \u74f7\uff0c\u74f7\u6599\uff1b\u74f7\u5668\uff0c\u74f7\u5236\u54c1\uff1b<\u82f1\uff0c\u975e\u6b63\u5f0f>\u670b\u53cb\uff1b\u4e2d\u56fd\uff08China\uff09", "pronounce": "[\u02c8t\u0283a\u026an\u0259]", "sentence_en": "China has always fascinated me.", "sentence_zh": "\u4e2d\u56fd\u4e00\u76f4\u4ee4\u6211\u5fc3\u9a70\u795e\u5f80\u3002"}, {"word": "Christian", "definition": "n. \u57fa\u7763\u5f92\uff0c\u4fe1\u5f92", "pronounce": "[\u02c8kr\u026ast\u0283\u0259n]", "sentence_en": "Most of my friends are Christian.", "sentence_zh": "\u6211\u5927\u591a\u6570\u670b\u53cb\u90fd\u4fe1\u5949\u57fa\u7763\u6559\u3002"}, {"word": "Christmas", "definition": "n. \u5723\u8bde\u8282\uff1b\u5723\u8bde\u8282\u671f\u95f4", "pronounce": "[\u02c8kr\u026asm\u0259s]", "sentence_en": "Christmas is a time of reunion.", "sentence_zh": "\u5723\u8bde\u8282\u662f\u56e2\u805a\u7684\u65e5\u5b50\u3002"}, {"word": "circumstance", "definition": "n. \u6761\u4ef6\uff0c\u60c5\u51b5\uff0c\u73af\u5883\uff1b\u5883\u51b5\uff0c\u7ecf\u6d4e\u72b6\u51b5\uff1b\u8be6\u60c5\uff0c\u539f\u59d4\uff1b\u547d\u8fd0\uff0c\u5883\u9047", "pronounce": "[\u02c8s\u025c\u02d0k\u0259mst\u0259ns]", "sentence_en": "I know I can trust her in any circumstance.", "sentence_zh": "\u6211\u77e5\u9053\u6211\u5728\u4efb\u4f55\u60c5\u51b5\u4e0b\u90fd\u80fd\u4fe1\u4efb\u5979\u3002"}, {"word": "citizen", "definition": "n. \u5e02\u6c11\uff0c\u57ce\u9547\u5c45\u6c11\uff1b\u516c\u6c11\uff0c\u56fd\u6c11", "pronounce": "[\u02c8s\u026at\u026az(\u0259)n]", "sentence_en": "She became a US citizen.", "sentence_zh": "\u5979\u6210\u4e86\u7f8e\u56fd\u516c\u6c11\u3002"}, {"word": "civil", "definition": "adj. \u516c\u6c11\u7684\uff0c\u56fd\u6c11\u7684\uff0c\u56fd\u5185\u7684\uff1b\u5e73\u6c11\u7684\uff0c\u6c11\u7528\u7684\uff1b\u6587\u660e\u7684\uff0c\u6709\u793c\u8c8c\u7684\uff1b\u6c11\u6cd5\u7684\uff08\u975e\u5211\u6cd5\u7684\uff09\uff0c\u6c11\u4e8b\u7684\uff1b\u4e60\u4fd7\u89c4\u5b9a\u7684\uff0c\u5386\u6cd5\u89c4\u5b9a\u7684", "pronounce": "[\u02c8s\u026av(\u0259)l]", "sentence_en": "We cannot take sides in a civil war.", "sentence_zh": "\u5185\u6218\u4e2d\uff0c\u6211\u4eec\u4e0d\u80fd\u652f\u6301\u4efb\u4f55\u4e00\u65b9\u3002"}, {"word": "civilization", "definition": "n. \u6587\u660e\uff1b\u6587\u660e\u793e\u4f1a\uff0c\u6587\u660e\u56fd\u5bb6\uff1b\u4eba\u7c7b\u793e\u4f1a\uff1b\u8212\u9002\u7684\u751f\u6d3b\u73af\u5883\uff1b\u6559\u5316\uff0c\u5f00\u5316", "pronounce": "[\u02ccs\u026av\u0259la\u026a\u02c8ze\u026a\u0283(\u0259)n]", "sentence_en": "Civilization is on the brink of apocalypse.", "sentence_zh": "\u6587\u660e\u5df2\u6fd2\u4e34\u6bc1\u706d\u7684\u8fb9\u7f18\u3002"}, {"word": "civilize", "definition": "v. \u6559\u5316\uff0c\u718f\u9676\uff1b\u6539\u5584\uff0c\u6539\u8fdb\uff1b\u4f7f\u6587\u660e\uff0c\u4f7f\u5f00\u5316", "pronounce": "[\u02c8s\u026av\u0259la\u026az]", "sentence_en": "\"I think it would civilize people a bit more if they had decent conditions.\"\u2014\"I think you've hit the nail on the head.\"", "sentence_zh": "\u201c\u6211\u8ba4\u4e3a\u5982\u679c\u4eba\u4eec\u6709\u597d\u7684\u6761\u4ef6\uff0c\u5c31\u4f1a\u4f7f\u5176\u66f4\u6709\u6559\u517b\u4e00\u70b9\u3002\u201d\u2014\u201c\u6211\u60f3\u4f60\u8bf4\u5230\u70b9\u5b50\u4e0a\u4e86\u3002\u201d"}, {"word": "clarify", "definition": "v. \u6f84\u6e05\uff0c\u9610\u660e\uff1b\uff08\u901a\u8fc7\u52a0\u70ed\uff09\u4f7f\u51c0\u5316\uff0c\u4f7f\u7eaf\u51c0", "pronounce": "[\u02c8kl\u00e6r\u0259fa\u026a]", "sentence_en": "Thank you for writing and allowing me to clarify the present position.", "sentence_zh": "\u8c22\u8c22\u4f60\u6765\u4fe1\u5e76\u5141\u8bb8\u6211\u6f84\u6e05\u76ee\u524d\u7684\u72b6\u51b5\u3002"}, {"word": "cliff", "definition": "n. \u60ac\u5d16\uff0c\u5ced\u58c1", "pronounce": "[kl\u026af]", "sentence_en": "The car had toppled over the cliff.", "sentence_zh": "\u6c7d\u8f66\u4ece\u5c71\u5d16\u4e0a\u8dcc\u843d\u4e0b\u53bb\u4e86\u3002"}, {"word": "climax", "definition": "n. \u9ad8\u6f6e\uff0c\u9876\u70b9\uff1b\u6027\u9ad8\u6f6e\uff1b\uff08\u690d\u7269\u7fa4\u843d\u6f14\u66ff\u8fbe\u5230\u5e73\u8861\u7684\uff09\u9876\u6781\uff08\u7fa4\u843d\uff09\uff1b\u5c42\u8fdb\u6cd5", "pronounce": "[\u02c8kla\u026am\u00e6ks]", "sentence_en": "The music builds up to a rousing climax.", "sentence_zh": "\u97f3\u4e50\u9010\u6e10\u8fbe\u5230\u4e86\u4ee4\u4eba\u632f\u594b\u7684\u9ad8\u6f6e\u3002"}, {"word": "colleague", "definition": "n. \u540c\u4e8b\uff0c\u540c\u50da", "pronounce": "[\u02c8k\u0252li\u02d0\u0261]", "sentence_en": "They rated him highly as a colleague.", "sentence_zh": "\u4f5c\u4e3a\u540c\u4e8b\uff0c\u4ed6\u4eec\u5bf9\u4ed6\u8bc4\u4ef7\u751a\u9ad8\u3002"}, {"word": "collective", "definition": "adj. \u96c6\u4f53\u7684\uff0c\u5171\u540c\u7684\uff1b\u603b\u7684\uff0c\u96c6\u5408\u7684", "pronounce": "[k\u0259\u02c8lekt\u026av]", "sentence_en": "It was a collective decision.", "sentence_zh": "\u8fd9\u662f\u96c6\u4f53\u7684\u51b3\u5b9a\u3002"}, {"word": "colony", "definition": "n. \u6b96\u6c11\u5730\uff1b\u6b96\u6c11\u56e2\uff0c\u79fb\u6c11\u961f\uff1b\u805a\u96c6\u4eba\u7fa4\uff0c\u805a\u5c45\u5730\uff08\u533a\uff09\uff1b\u7fa4\u4f53\uff0c\u7fa4\u843d\uff1b\uff08\u7edf\u79f0\uff09\u82f1\u5c5e\u6b96\u6c11\u5730\uff1b\uff08\u7f8e\u56fd\u72ec\u7acb\u524d\u7684\uff09\u5317\u7f8e\u5341\u4e09\u5dde", "pronounce": "[\u02c8k\u0252l\u0259ni]", "sentence_en": "Different animals in the colony had different manifestations of the disease.", "sentence_zh": "\u540c\u4e00\u7fa4\u4f53\u7684\u4e0d\u540c\u52a8\u7269\u5bf9\u540c\u4e00\u75be\u75c5\u6709\u4e0d\u540c\u7684\u8868\u73b0\u5f62\u5f0f\u3002"}, {"word": "combination", "definition": "n. \u7ed3\u5408\u4f53\uff0c\u8054\u5408\u4f53\uff1b\u7ed3\u5408\uff0c\u8054\u5408\uff1b\uff08\u7528\u4e8e\u5f00\u9501\u7684\uff09\u6570\u7801\u7ec4\u5408\uff1b\u5316\u5408\u4f5c\u7528\uff1b\u4e24\u7528\uff08\u6216\u591a\u7528\u7684\uff09\u7269\u54c1\uff1b<\u65e7>\u886b\u88e4\u76f8\u8fde\u7684\u5185\u8863\uff1b\u7ec4\u5408\uff1b<\u82f1>\u9644\u8fb9\u8f66\u7684\u6469\u6258\u8f66", "pronounce": "[\u02cck\u0252mb\u026a\u02c8ne\u026a\u0283(\u0259)n]", "sentence_en": "His treatment was a combination of surgery, radiation and drugs.", "sentence_zh": "\u5bf9\u4ed6\u7684\u6cbb\u7597\u662f\u628a\u624b\u672f\u3001\u653e\u5c04\u548c\u836f\u7269\u6cbb\u7597\u7ed3\u5408\u4e3a\u4e00\u4f53\u3002"}, {"word": "combine", "definition": "v. \uff08\u4f7f\uff09\u7ed3\u5408\uff0c\u7ec4\u5408\uff1b\uff08\u4f7f\uff09\u5316\u5408\uff1b\u5408\u5e76\uff0c\u534f\u529b\uff1b\u517c\u6709\uff0c\u517c\u5907\uff1b\u517c\u505a\uff0c\u517c\u529e", "pronounce": "[k\u0259m\u02c8ba\u026an]", "sentence_en": "The trip will combine business with pleasure.", "sentence_zh": "\u6b64\u6b21\u65c5\u884c\u5c06\u628a\u51fa\u5dee\u548c\u5a31\u4e50\u7ed3\u5408\u8d77\u6765\u3002"}, {"word": "community", "definition": "n. \u793e\u533a\uff0c\u793e\u4f1a\uff1b\uff08\u7531\u540c\u56fd\u7c4d\u3001\u540c\u5b97\u6559\u7b49\u6784\u6210\u7684\uff09\u7fa4\u4f53\uff0c\u754c\uff1b\uff08\u591a\u4e2a\u56fd\u5bb6\u7684\uff09\u5171\u540c\u4f53\uff1b\u5f52\u5c5e\u611f\uff1b\uff08\u52a8\u690d\u7269\u7684\uff09\u7fa4\u843d", "pronounce": "[k\u0259\u02c8mju\u02d0n\u0259ti]", "sentence_en": "The sense of community is lost.", "sentence_zh": "\u56e2\u4f53\u610f\u8bc6\u6ca1\u6709\u4e86\u3002"}, {"word": "commemorate", "definition": "v. \u7eaa\u5ff5\uff0c\u7528\u4ee5\u7eaa\u5ff5", "pronounce": "[k\u0259\u02c8mem\u0259re\u026at]", "sentence_en": "A series of movies will be shown to commemorate the 30th anniversary of his death.", "sentence_zh": "\u4e3a\u7eaa\u5ff5\u4ed6\u901d\u4e1630\u5468\u5e74\uff0c\u6709\u4e00\u7cfb\u5217\u7684\u7535\u5f71\u8981\u4e0a\u6620\u3002"}, {"word": "companion", "definition": "n. \u540c\u4f34\uff0c\u4f34\u4fa3\uff1b\uff08\u53d7\u96c7\u7167\u6599\u8001\u4eba\u6216\u75c5\u4eba\u7684\uff09\u966a\u62a4\uff1b\u6210\u5bf9\u7684\u7269\u54c1\u4e4b\u4e00\uff1b\u540c\u7518\u5171\u82e6\u7684\u4f19\u4f34\uff1b\uff08\u7528\u4e8e\u4e66\u540d\uff09\u6307\u5357\uff0c\u624b\u518c\uff1b\u4f34\u661f\uff1b\u6700\u4f4e\u7ea7\u7235\u58eb", "pronounce": "[k\u0259m\u02c8p\u00e6nj\u0259n]", "sentence_en": "He was a good friend, a dependable companion.", "sentence_zh": "\u4ed6\u662f\u4e2a\u597d\u670b\u53cb\uff0c\u4e00\u4e2a\u53ef\u4ee5\u4fe1\u8d56\u7684\u540c\u4f34\u3002"}, {"word": "comparative", "definition": "n. \uff08\u5f62\u5bb9\u8bcd\u6216\u526f\u8bcd\u7684\uff09\u6bd4\u8f83\u7ea7\uff1b\u5bf9\u624b", "pronounce": "[k\u0259m\u02c8p\u00e6r\u0259t\u026av]", "sentence_en": "The comparative of \"pretty\" is \"prettier.\"", "sentence_zh": "\u7684\u6bd4\u8f83\u7ea7\u662f\u3002"}, {"word": "compare", "definition": "v. \u6bd4\u8f83\uff0c\u5bf9\u6bd4\uff1b\u628a\u2026\u2026\u6bd4\u4f5c\uff1b\uff08\u4e0e\u2026\u2026\uff09\u76f8\u6bd4\uff1b\u6784\u6210\uff08\u5f62\u5bb9\u8bcd\u6216\u526f\u8bcd\uff09\u7684\u6bd4\u8f83\u7ea7\u548c\u6700\u9ad8\u7ea7", "pronounce": "[k\u0259m\u02c8pe\u0259(r)]", "sentence_en": "The point of the lesson is to compare the two countries.", "sentence_zh": "\u672c\u8bfe\u7684\u76ee\u7684\u662f\u6bd4\u8f83\u8fd9\u4e24\u4e2a\u56fd\u5bb6\u3002"}, {"word": "comparison", "definition": "n. \u6bd4\u8f83\uff0c\u5bf9\u7167\uff1b\u76f8\u63d0\u5e76\u8bba\uff0c\u76f8\u6bd4\uff1b\u6bd4\u55bb\uff0c\u6bd4\u62df\uff1b\uff08\u526f\u8bcd\u6216\u5f62\u5bb9\u8bcd\u7684\uff09\u6bd4\u8f83\uff08\u53d8\u5316\uff09", "pronounce": "[k\u0259m\u02c8p\u00e6r\u026as(\u0259)n]", "sentence_en": "I enclose the two plans for comparison.", "sentence_zh": "\u5179\u9644\u4e0a\u4e24\u4efd\u8ba1\u5212\u4ee5\u4f9b\u6bd4\u8f83\u3002"}, {"word": "compete", "definition": "v. \u7ade\u4e89\uff0c\u5bf9\u6297\uff1b\u4e89\u593a\uff1b\u53c2\u52a0\u6bd4\u8d5b", "pronounce": "[k\u0259m\u02c8pi\u02d0t]", "sentence_en": "We can't compete with them on price.", "sentence_zh": "\u6211\u4eec\u5728\u4ef7\u683c\u4e0a\u65e0\u6cd5\u4e0e\u4ed6\u4eec\u7ade\u4e89\u3002"}, {"word": "competent", "definition": "adj. \u80fd\u5e72\u7684\uff0c\u80fd\u80dc\u4efb\u7684\uff1b\u5408\u683c\u7684\uff0c\u8fc7\u5f97\u53bb\u7684\uff1b\u7cbe\u795e\u6b63\u5e38\u7684\uff0c\u667a\u529b\u65e0\u7f3a\u9677\u7684\uff1b\u6709\u51b3\u5b9a\u6743\u7684\uff1b\u6709\u6cd5\u5b9a\u8d44\u683c\u7684\uff1b\u6d3b\u6027\u7684\uff0c\uff08\u5904\u4e8e\uff09\u611f\u53d7\u6001\u7684", "pronounce": "[\u02c8k\u0252mp\u026at\u0259nt]", "sentence_en": "He's very competent in his work.", "sentence_zh": "\u4ed6\u975e\u5e38\u80dc\u4efb\u81ea\u5df1\u7684\u5de5\u4f5c\u3002"}, {"word": "competition", "definition": "n. \u7ade\u4e89\uff1b\u6bd4\u8d5b\uff0c\u7ade\u8d5b\uff1b\u7ade\u4e89\u8005\uff0c\u5bf9\u624b", "pronounce": "[\u02cck\u0252mp\u0259\u02c8t\u026a\u0283(\u0259)n]", "sentence_en": "Competition for jobs is acute.", "sentence_zh": "\u6c42\u804c\u7ade\u4e89\u975e\u5e38\u6fc0\u70c8\u3002"}, {"word": "complain", "definition": "v. \u8bc9\u8bf4 \uff08\u75c5\u75db\uff09\uff1b<\u6587>\u60b2\u53f9\uff0c\u60b2\u9e23\uff1b\uff08\u6784\u9020\uff0c\u673a\u68b0\u88c5\u7f6e\uff09\uff08\u56e0\u62c9\u529b\u6216\u538b\u529b\uff09\u547b\u541f\uff0c\u54af\u5431\u4f5c\u54cd\uff1b\u62b1\u6028\uff0c\u6295\u8bc9", "pronounce": "[k\u0259m\u02c8ple\u026an]", "sentence_en": "All she ever does is complain.", "sentence_zh": "\u5979\u5c31\u4f1a\u62b1\u6028\u3002"}, {"word": "complaint", "definition": "n. \u62b1\u6028\uff0c\u6295\u8bc9\uff1b\u4e0d\u6ee1\u7684\u7f18\u7531\uff0c\u62b1\u6028\u7684\u95ee\u9898\uff1b\u75be\u75c5\uff0c\u4e0d\u9002", "pronounce": "[k\u0259m\u02c8ple\u026ant]", "sentence_en": "You have no grounds for complaint.", "sentence_zh": "\u4f60\u6ca1\u6709\u7406\u7531\u62b1\u6028\u3002"}, {"word": "compose", "definition": "v. \u7ec4\u6210\uff0c\u6784\u6210\uff1b\u4f5c\u66f2\uff1b\u64b0\u5199\uff08\u4fe1\u3001\u8bd7\u6216\u6f14\u8bb2\u7a3f\uff09\uff1b\u4f7f\u9547\u9759\uff0c\u4f7f\u5e73\u9759\uff1b\u4e3a\uff08\u7167\u7247\u3001\u56fe\u50cf\uff09\u6784\u56fe\uff1b\u6392\u7248\uff0c\u6392\u7a3f", "pronounce": "[k\u0259m\u02c8p\u0259\u028az]", "sentence_en": "Ten men compose the committee.", "sentence_zh": "\u59d4\u5458\u4f1a\u7531\u5341\u4eba\u7ec4\u6210\u3002"}, {"word": "composition", "definition": "n. \u6210\u5206\u6784\u6210\uff0c\u6210\u5206\uff1b\uff08\u97f3\u4e50\u3001\u827a\u672f\u3001\u8bd7\u6b4c\u7684\uff09\u4f5c\u54c1\uff1b\u521b\u4f5c\uff0c\u4f5c\u66f2\uff1b\u6784\u56fe\uff1b\u4f5c\u6587", "pronounce": "[\u02cck\u0252mp\u0259\u02c8z\u026a\u0283(\u0259)n]", "sentence_en": "We had to write a composition on the subject \"My Pet.\"", "sentence_zh": "\u6211\u4eec\u5f97\u5c31\u201c\u6211\u7684\u5ba0\u7269\u201d\u8fd9\u4e2a\u4e3b\u9898\u5199\u4e00\u7bc7\u4f5c\u6587\u3002"}, {"word": "comprehension", "definition": "n. \u7406\u89e3\u529b\uff0c\u9886\u609f\u529b\uff1b\uff08\u542c\u529b\u6216\u9605\u8bfb\uff09\u7406\u89e3\u6d4b\u8bd5\uff1b\u5305\u62ec\uff0c\u5305\u542b", "pronounce": "[\u02cck\u0252mpr\u026a\u02c8hen\u0283(\u0259)n]", "sentence_en": "This was utterly beyond her comprehension.", "sentence_zh": "\u8fd9\u5b8c\u5168\u8d85\u51fa\u4e86\u5979\u7684\u7406\u89e3\u529b\u3002"}, {"word": "comprehensive", "definition": "adj. \u7efc\u5408\u6027\u7684\uff0c\u5168\u9762\u7684\uff1b\u6709\u7406\u89e3\u529b\u7684", "pronounce": "[\u02cck\u0252mpr\u026a\u02c8hens\u026av]", "sentence_en": "Streaming within comprehensive schools is common practice.", "sentence_zh": "\u7efc\u5408\u4e2d\u5b66\u5e38\u628a\u5b66\u751f\u6309\u80fd\u529b\u5206\u73ed\u3002"}, {"word": "compress", "definition": "v. \uff08\u4f7f\uff09\u538b\u7d27\uff0c\u538b\u7f29\uff1b\u7cbe\u7b80\uff0c\u6d53\u7f29\uff1b\u538b\u7f29\uff08\u6587\u4ef6\uff09\uff1b\u7f29\u77ed\uff08\u65f6\u95f4\uff09", "pronounce": "[k\u0259m\u02c8pres]", "sentence_en": "This system uses powerful microchips to compress huge amounts of data onto a CD-ROM.", "sentence_zh": "\u8fd9\u4e00\u7cfb\u7edf\u4f7f\u7528\u529f\u80fd\u5f3a\u5927\u7684\u5fae\u82af\u7247\u6765\u628a\u5927\u91cf\u6570\u636e\u538b\u7f29\u5230CD-ROM\u4e0a\u3002"}, {"word": "compromise", "definition": "n. \u6298\u4e2d\uff0c\u59a5\u534f\uff1b\u59a5\u534f\u65b9\u6848\uff0c\u6298\u4e2d\u529e\u6cd5", "pronounce": "[\u02c8k\u0252mpr\u0259ma\u026az]", "sentence_en": "I refuse to compromise my principles.", "sentence_zh": "\u6211\u62d2\u7edd\u5728\u539f\u5219\u95ee\u9898\u4e0a\u59a5\u534f\u3002"}, {"word": "compute", "definition": "v. \u4f30\u7b97\uff0c\u8ba1\u7b97\uff1b<\u7f8e\uff0c\u975e\u6b63\u5f0f>\u4e0d\u5408\u60c5\u7406\uff0c\u8bb2\u4e0d\u901a\uff1b\u7528\u8ba1\u7b97\u673a\u8ba1\u7b97", "pronounce": "[k\u0259m\u02c8pju\u02d0t]", "sentence_en": "At the top of the list is the notion that intelligence is measured by your ability to solve complex problems; to read, write and compute at certain levels; and to resolve abstract equations quickly.", "sentence_zh": "\u6700\u91cd\u8981\u7684\u4e00\u70b9\u662f\uff0c\u667a\u529b\u662f\u901a\u8fc7\u4f60\u89e3\u51b3\u590d\u6742\u95ee\u9898\u7684\u80fd\u529b\u6765\u8861\u91cf\u7684\uff1b\u4e00\u5b9a\u7684\u8bfb\u5199\u548c\u8ba1\u7b97\u80fd\u529b\uff1b\u80fd\u5feb\u901f\u89e3\u51fa\u62bd\u8c61\u65b9\u7a0b\u3002"}, {"word": "concentrate", "definition": "v. \u96c6\u4e2d\u6ce8\u610f\u529b\uff0c\u805a\u7cbe\u4f1a\u795e\uff1b\u4f7f\u96c6\u4e2d\uff0c\u805a\u96c6\uff1b\u6d53\u7f29", "pronounce": "[\u02c8k\u0252ns(\u0259)ntre\u026at]", "sentence_en": "At work you need to be able to concentrate.", "sentence_zh": "\u5de5\u4f5c\u65f6\u4f60\u8981\u80fd\u4e13\u5fc3\u3002"}, {"word": "concentration", "definition": "n. \u4e13\u5fc3\uff0c\u4e13\u6ce8\uff1b\u5173\u6ce8\uff0c\u91cd\u89c6\uff1b\u96c6\u4e2d\uff0c\u805a\u96c6\uff1b\u542b\u91cf\uff0c\u6d53\u5ea6", "pronounce": "[\u02cck\u0252ns(\u0259)n\u02c8tre\u026a\u0283(\u0259)n]", "sentence_en": "Tiredness affects your powers of concentration.", "sentence_zh": "\u75b2\u52b3\u5f71\u54cd\u6ce8\u610f\u529b\u7684\u96c6\u4e2d\u3002"}, {"word": "concept", "definition": "n. \u6982\u5ff5\uff0c\u89c2\u5ff5", "pronounce": "[\u02c8k\u0252nsept]", "sentence_en": "Ten years on, the original concept was wearing well.", "sentence_zh": "\u5341\u5e74\u8fc7\u53bb\uff0c\u6700\u521d\u7684\u89c2\u5ff5\u4f9d\u7136\u9002\u7528\u3002"}]