[{"word": "excellent", "definition": "adj. \u6781\u597d\u7684\uff0c\u5353\u8d8a\u7684", "pronounce": "[\u02c8eks\u0259l\u0259nt]", "sentence_en": "The recording quality is excellent.", "sentence_zh": "\u5f55\u5236\u8d28\u91cf\u6781\u597d\u3002"}, {"word": "except", "definition": "prep. \u9664\u2026\u2026\u5916\uff0c\u4e0d\u5305\u62ec", "pronounce": "[\u026ak\u02c8sept]", "sentence_en": "We work every day except Sunday.", "sentence_zh": "\u6211\u4eec\u9664\u661f\u671f\u5929\u5916\u6bcf\u5929\u90fd\u5de5\u4f5c\u3002"}, {"word": "exception", "definition": "n. \u4f8b\u5916\uff0c\u9664\u5916", "pronounce": "[\u026ak\u02c8sep\u0283(\u0259)n]", "sentence_en": "There is one exception to this general principle.", "sentence_zh": "\u8fd9\u4e2a\u4e00\u822c\u6027\u539f\u5219\u6709\u4e00\u4f8b\u5916\u3002"}, {"word": "excess", "definition": "n. \u8d85\u8fc7\uff0c\u8fc7\u91cf\uff1b\u8d8a\u8f68\u884c\u4e3a\uff0c\u66b4\u884c\uff1b\u65e0\u8282\u5236\uff0c\u65e0\u5ea6\uff1b\uff08\u4fdd\u9669\u4e2d\u7684\uff09\u514d\u8d54\u989d", "pronounce": "[\u026ak\u02c8ses]", "sentence_en": "Excess food is stored as fat.", "sentence_zh": "\u591a\u4f59\u7684\u98df\u7269\u4f5c\u4e3a\u8102\u80aa\u8d2e\u5b58\u8d77\u6765\u3002"}, {"word": "excessive", "definition": "adj. \u8fc7\u5ea6\u7684\uff0c\u8fc7\u591a\u7684", "pronounce": "[\u026ak\u02c8ses\u026av]", "sentence_en": "Excessive conformity is usually caused by fear of disapproval.", "sentence_zh": "\u8fc7\u5206\u968f\u5927\u6d41\u901a\u5e38\u662f\u7531\u4e8e\u62c5\u5fc3\u4e0d\u88ab\u8ba4\u540c\u9020\u6210\u7684\u3002"}, {"word": "exchange", "definition": "n. \u4ea4\u6362\uff0c\u4e92\u6362\uff1b\u77ed\u6682\u7684\u4ea4\u8c08\uff0c\u4e89\u5435\uff1b\u4ea4\u6218\uff0c\u4ea4\u706b\uff1b\u5151\u6362\uff0c\u6c47\u5151\uff1b\u4ea4\u6d41\uff0c\u4e92\u8bbf\uff1b\u4ea4\u6613\u6240\uff1b\uff08\u5546\u54c1\u7684\uff09\u8c03\u6362\uff1b\u7535\u8bdd\u5c40\uff0c\u7535\u8bdd\u4ea4\u6362\u53f0\uff1b\u6362\u5b50\uff0c\u5151\u5b50", "pronounce": "[\u026aks\u02c8t\u0283e\u026and\u0292]", "sentence_en": "Shares soared on the New York stock exchange.", "sentence_zh": "\u7ebd\u7ea6\u8bc1\u5238\u4ea4\u6613\u6240\u80a1\u7968\u66b4\u6da8\u3002"}, {"word": "excite", "definition": "v. \u4f7f\u5174\u594b\uff0c\u4f7f\u6fc0\u52a8\uff1b\u5f15\u8d77\uff0c\u6fc0\u8d77\uff1b\u4f7f\uff08\u8eab\u4f53\u6216\u8eab\u4f53\u7cfb\u7edf\u67d0\u90e8\u4efd\uff09\u6d3b\u52a8\uff0c\u523a\u6fc0\u2026\u2026\u7684\u6d3b\u52a8\uff1b\u4f7f\u4ea7\u751f\u6027\u6b32", "pronounce": "[\u026ak\u02c8sa\u026at]", "sentence_en": "Daniel's early exposure to motor racing did not excite his interest.", "sentence_zh": "\u4e39\u5c3c\u5c14\u65e9\u671f\u5bf9\u8d5b\u8f66\u8fd0\u52a8\u7684\u63a5\u89e6\u5e76\u6ca1\u6709\u6fc0\u8d77\u4ed6\u7684\u5174\u8da3\u3002"}, {"word": "exciting", "definition": "adj. \u4ee4\u4eba\u5174\u594b\u7684\uff0c\u4ee4\u4eba\u6fc0\u52a8\u7684\uff1b\u60ca\u9669\u523a\u6fc0\u7684\uff08\u5c24\u6307\u65e0\u6cd5\u9884\u77e5\u4e0b\u4e00\u6b65\u5c06\u53d1\u751f\u4ec0\u4e48\uff09", "pronounce": "[\u026ak\u02c8sa\u026at\u026a\u014b]", "sentence_en": "\"Golly,\" he says, \"Isn't it exciting!\"", "sentence_zh": "\u4ed6\u8bf4\uff0c\u201c\u5929\u54ea\uff01\u8fd9\u771f\u662f\u592a\u4ee4\u4eba\u5174\u594b\u4e86\uff01\u201d"}, {"word": "exclaim", "definition": "v. \u547c\u558a\uff0c\u60ca\u53eb\uff0c\u5927\u58f0\u8bf4", "pronounce": "[\u026ak\u02c8skle\u026am]", "sentence_en": "The spectacular sunrise made us exclaim in surprise.", "sentence_zh": "\u58ee\u89c2\u7684\u65e5\u51fa\u8ba9\u6211\u4eec\u60ca\u53f9\u4e0d\u5df2\u3002"}, {"word": "exclude", "definition": "vt. \uff08\u6545\u610f\uff09\u4e0d\u5305\u62ec\uff0c\u628a\u2026\u2026\u6392\u9664\u5728\u5916\uff1b\u8ba4\u4e3a\u2026\u2026\u4e0d\u53ef\u80fd\uff0c\u6392\u9664\u2026\u2026\u7684\u53ef\u80fd\uff1b\u963b\u6321\uff1b\u5f00\u9664\uff08\u5b66\u751f\uff09\uff1b\u9632\u6b62\u2026\u2026\u7684\u53d1\u751f", "pronounce": "[\u026ak\u02c8sklu\u02d0d]", "sentence_en": "She gets very upset if I exclude her from anything.", "sentence_zh": "\u5982\u679c\u6709\u4ec0\u4e48\u4e8b\u6211\u5c06\u5979\u6392\u9664\u5728\u5916\uff0c\u5979\u5c31\u4f1a\u975e\u5e38\u96be\u8fc7\u3002"}, {"word": "exclusively", "definition": "adv. \u4ec5\u4ec5\uff0c\u5355\u72ec\u5730\uff0c\u4e13\u95e8\u5730\uff1b\u4f5c\u4e3a\u552f\u4e00\u7684\uff08\u6d88\u606f\uff09\u6765\u6e90", "pronounce": "[\u026ak\u02c8sklu\u02d0s\u026avli]", "sentence_en": "The proposals before the legislature include the creation of two special courts to deal exclusively with violent crimes.", "sentence_zh": "\u6446\u5728\u8bae\u4f1a\u9762\u524d\u7684\u63d0\u6848\u5305\u62ec\u5efa\u7acb\u4e24\u4e2a\u7279\u6b8a\u6cd5\u5ead\u4e13\u95e8\u5ba1\u7406\u66b4\u529b\u72af\u7f6a\u6848\u4ef6\u3002"}, {"word": "excuse", "definition": "n. \u501f\u53e3\uff0c\u6258\u8bcd\uff1b\u6b63\u5f53\u7406\u7531\uff1b\u5bbd\u6055\uff0c\u8d66\u514d\uff1b\u62d9\u52a3\u6837\u54c1\uff0c\u8e69\u811a\u8d27\uff1b<\u7f8e>\uff08\u533b\u751f\u6216\u7236\u6bcd\u4e3a\u5b66\u751f\u5199\u7684\uff09\u75c5\u5047\u6761\uff0c\u8bf7\u5047\u6761", "pronounce": "[\u026ak\u02c8skju\u02d0s]", "sentence_en": "She served up the usual excuse.", "sentence_zh": "\u5979\u7ed9\u51fa\u7684\u501f\u53e3\u8fd8\u662f\u8001\u4e00\u5957\u3002"}, {"word": "execute", "definition": "v. \u6267\u884c\uff0c\u5b9e\u65bd\uff1b\u5904\u51b3\uff1b\u5b8c\u6210\uff0c\u8868\u6f14\uff08\u9ad8\u96be\u5ea6\u52a8\u4f5c\uff09\uff1b\u5236\u4f5c\uff08\u827a\u672f\u4f5c\u54c1\uff09\uff1b\uff08\u8ba1\u7b97\u673a\uff09\u6267\u884c\u6307\u4ee4\uff08\u6216\u7a0b\u5e8f\uff09", "pronounce": "[\u02c8eks\u026akju\u02d0t]", "sentence_en": "We are going to execute our campaign plan to the letter.", "sentence_zh": "\u6211\u4eec\u5c06\u4e25\u683c\u6267\u884c\u6211\u4eec\u7684\u7ade\u9009\u65b9\u6848\u3002"}, {"word": "executive", "definition": "adj. \u884c\u653f\u7684\uff0c\u6709\u6267\u884c\u6743\u7684\uff1b\u9ad8\u6863\u7684\uff0c\u8c6a\u534e\u7684\uff1b\u4f9b\u4e3b\u7ba1\u4eba\u5458\u4f7f\u7528\u7684\uff1b\uff08\u6709\u5173\uff09\u7ecf\u8425\u7ba1\u7406\u7684\uff0c\u9886\u5bfc\u7684", "pronounce": "[\u026a\u0261\u02c8zekj\u0259t\u026av]", "sentence_en": "The heroine is a senior TV executive.", "sentence_zh": "\u5973\u4e3b\u4eba\u516c\u662f\u4e00\u4f4d\u7535\u89c6\u53f0\u9ad8\u7ea7\u4e3b\u7ba1\u3002"}, {"word": "exercise", "definition": "n. \u8fd0\u52a8\uff0c\u953b\u70bc\uff1b\uff08\u4e00\u5957\uff09\u52a8\u4f5c\uff0c\u4f53\u64cd\uff1b\u7ec3\u4e60\uff0c\u6f14\u7ec3\uff1b\u8fd0\u7528\uff1b\u6d3b\u52a8\uff0c\u4efb\u52a1\uff1b\u5178\u793c\uff1b\u5b97\u6559\u4eea\u5f0f\uff0c\u793c\u62dc", "pronounce": "[\u02c8eks\u0259sa\u026az]", "sentence_en": "Do you take regular exercise?", "sentence_zh": "\u4f60\u7ecf\u5e38\u953b\u70bc\u5417\uff1f"}, {"word": "exhaust", "definition": "v. \u4f7f\u7cbe\u75b2\u529b\u5c3d\uff1b\u8017\u5c3d\uff1b\u8be6\u5c3d\u8ba8\u8bba\uff1b\u6392\u653e\uff0c\u6392\u51fa\uff08\u6c14\u4f53\uff0c\u84b8\u6c7d\uff09", "pronounce": "[\u026a\u0261\u02c8z\u0254\u02d0st]", "sentence_en": "My car needs a new exhaust.", "sentence_zh": "\u6211\u7684\u6c7d\u8f66\u9700\u8981\u4e00\u4e2a\u65b0\u6392\u6c14\u7ba1\u3002"}, {"word": "exhibit", "definition": "v. \u8868\u73b0\u51fa\uff1b\u5356\u5f04\uff0c\u70ab\u8000\uff1b\u63d0\u51fa\uff08\u8bc1\u636e\u7b49\uff09\uff1b\u5c55\u89c8\uff0c\u5c55\u51fa", "pronounce": "[\u026a\u0261\u02c8z\u026ab\u026at]", "sentence_en": "This exhibit was kindly loaned by the artist's family.", "sentence_zh": "\u8fd9\u4ef6\u5c55\u54c1\u662f\u827a\u672f\u5bb6\u7684\u5bb6\u4eba\u60e0\u501f\u800c\u5c55\u51fa\u7684\u3002"}, {"word": "exhibition", "definition": "n. \u5c55\u89c8\uff0c\u5c55\u51fa\uff1b\u8868\u73b0\uff0c\u5c55\u793a\uff1b<\u7f8e>\u8868\u6f14\u8d5b\uff1b<\u82f1>\u5956\u5b66\u91d1", "pronounce": "[\u02cceks\u026a\u02c8b\u026a\u0283(\u0259)n]", "sentence_en": "The exhibition is held annually.", "sentence_zh": "\u8fd9\u4e2a\u5c55\u89c8\u6bcf\u5e74\u4e3e\u884c\u4e00\u6b21\u3002"}, {"word": "existence", "definition": "n. \u5b58\u5728\uff0c\u5b9e\u6709\uff1b\u751f\u5b58\uff0c\u751f\u6d3b\uff0c\u751f\u6d3b\u65b9\u5f0f\uff1b<\u53e4>\u5b58\u5728\u7269\uff0c\u5b9e\u4f53", "pronounce": "[\u026a\u0261\u02c8z\u026ast\u0259ns]", "sentence_en": "I lead a pretty mundane existence.", "sentence_zh": "\u6211\u8fc7\u7740\u76f8\u5f53\u5e73\u6de1\u7684\u751f\u6d3b\u3002"}, {"word": "expand", "definition": "v. \u6269\u5927\uff0c\u589e\u52a0\uff1b\u6269\u5c55\uff0c\u53d1\u5c55\uff1b\u7ec6\u8c08\uff0c\u8be6\u8ff0\uff1b\u53d8\u5f97\u66f4\u81ea\u4fe1\uff08\u5584\u8c08\uff09\uff1b\uff08\u5b87\u5b99\uff09\u81a8\u80c0", "pronounce": "[\u026ak\u02c8sp\u00e6nd]", "sentence_en": "We have to expand the size of the image.", "sentence_zh": "\u6211\u4eec\u4e0d\u5f97\u4e0d\u6269\u5927\u56fe\u50cf\u7684\u5c3a\u5bf8\u3002"}, {"word": "expansion", "definition": "n. \u6269\u5927\uff0c\u6269\u5f20\uff1b\u6269\u5145\uff0c\u5c55\u5f00\uff1b\u6269\u5f20\u7269\uff1b\u81a8\u80c0", "pronounce": "[\u026ak\u02c8sp\u00e6n\u0283(\u0259)n]", "sentence_en": "The company intends a slow-down in expansion.", "sentence_zh": "\u516c\u53f8\u51c6\u5907\u653e\u6162\u6269\u5c55\u901f\u5ea6\u3002"}, {"word": "expect", "definition": "v. \u671f\u5f85\uff1b\u9884\u8ba1\uff1b\u8981\u6c42\uff0c\u6307\u671b\uff1b\u8ba4\u4e3a\uff1b\u6000\u5b55", "pronounce": "[\u026ak\u02c8spekt]", "sentence_en": "Women expect fidelity from their men.", "sentence_zh": "\u5973\u4eba\u671f\u671b\u6765\u81ea\u5979\u4eec\u7537\u4eba\u7684\u5fe0\u8d1e\u3002"}, {"word": "expectation", "definition": "n. \u671f\u5f85\uff0c\u9884\u671f\uff1b\u671f\u671b\uff0c\u6307\u671b", "pronounce": "[\u02ccekspek\u02c8te\u026a\u0283(\u0259)n]", "sentence_en": "There was an air of expectation and great curiosity.", "sentence_zh": "\u6709\u7740\u4e00\u79cd\u671f\u5f85\u548c\u597d\u5947\u7684\u611f\u89c9\u3002"}, {"word": "expense", "definition": "n. \u4ee3\u4ef7\uff0c\u8d39\u7528\uff1b\u4e1a\u52a1\u8d39\u7528\uff0c\u62a5\u9500\uff08expenses\uff09\uff1b\u9700\u8981\u82b1\u94b1\u7684\u4e1c\u897f\uff0c\u82b1\u9500\u7684\u4e1c\u897f", "pronounce": "[\u026ak\u02c8spens]", "sentence_en": "He can comfortably afford the extra expense.", "sentence_zh": "\u4ed6\u652f\u4ed8\u8fd9\u4e9b\u989d\u5916\u7684\u8d39\u7528\u6beb\u65e0\u95ee\u9898\u3002"}, {"word": "expensive", "definition": "adj. \u82b1\u94b1\u591a\u7684\uff0c\u6602\u8d35\u7684\uff1b\uff08\u9519\u8bef\u6216\u51b3\u5b9a\uff09\u4ee3\u4ef7\u9ad8\u7684", "pronounce": "[\u026ak\u02c8spens\u026av]", "sentence_en": "Food was scarce and expensive.", "sentence_zh": "\u98df\u7269\u532e\u4e4f\u800c\u4e14\u6602\u8d35\u3002"}, {"word": "expert", "definition": "n. \u4e13\u5bb6\uff0c\u80fd\u624b\uff0c\u6743\u5a01", "pronounce": "[\u02c8eksp\u025c\u02d0t]", "sentence_en": "He considers himself an expert.", "sentence_zh": "\u4ed6\u8ba4\u4e3a\u81ea\u5df1\u662f\u4e13\u5bb6\u3002"}, {"word": "explain", "definition": "v. \u89e3\u91ca\uff0c\u8bf4\u660e\uff1b\u8bf4\u660e\uff08\u2026\u2026\u7684\uff09\u539f\u56e0\uff0c\u89e3\u91ca\uff08\u2026\u2026\u7684\uff09\u7406\u7531", "pronounce": "[\u026ak\u02c8sple\u026an]", "sentence_en": "It's pretty hard to explain.", "sentence_zh": "\u8fd9\u4e8b\u5f88\u96be\u89e3\u91ca\u6e05\u695a\u3002"}, {"word": "explanation", "definition": "n. \u89e3\u91ca\uff0c\u8bf4\u660e\uff1b\u89e3\u91ca\u6027\u8bf4\u6cd5\uff0c\u8bf4\u660e\u6027\u6587\u5b57\uff1b\u7406\u7531\uff0c\u539f\u56e0", "pronounce": "[\u02ccekspl\u0259\u02c8ne\u026a\u0283(\u0259)n]", "sentence_en": "There was a logical explanation.", "sentence_zh": "\u5b58\u5728\u4e00\u4e2a\u5408\u7406\u7684\u89e3\u91ca\u3002"}, {"word": "export", "definition": "v. \u51fa\u53e3\uff1b\u4f20\u64ad\uff0c\u8f93\u51fa\uff1b\uff08\u5728\u8ba1\u7b97\u673a\u4e2d\uff09\u5bfc\u51fa\uff0c\u8f93\u51fa", "pronounce": "[\u026ak\u02c8sp\u0254\u02d0t; \u02c8eksp\u0254\u02d0t]", "sentence_en": "Ghana's main export is cocoa.", "sentence_zh": "\u52a0\u7eb3\u7684\u4e3b\u8981\u51fa\u53e3\u4ea7\u54c1\u662f\u53ef\u53ef\u3002"}, {"word": "expose", "definition": "v. \u66b4\u9732\uff0c\u4f7f\u663e\u9732\uff1b\u4f7f\u9762\u4e34\uff0c\u4f7f\u906d\u53d7\uff08\u5371\u9669\u6216\u4e0d\u5feb\uff09\uff1b\u63ed\u9732\uff0c\u63ed\u53d1\uff1b\u63a5\u89e6\uff0c\u4f53\u9a8c\uff1b\u9732\u51fa\uff0c\u663e\u9732\uff08\u611f\u60c5\uff09\uff1b\u4f7f\uff08\u80f6\u5377\uff09\u66dd\u5149\uff1b\u5f53\u4f17\u66b4\u9732\u81ea\u5df1\u7684\u6027\u5668\u5b98\uff0c\u9732\u9634\uff08expose oneself\uff09\uff1b\u5f03\uff08\u5a74\u5b69\uff09\u4e8e\u6237\u5916\u8ba9\u5176\u6b7b\u53bb", "pronounce": "[\u026ak\u02c8sp\u0259\u028az]", "sentence_en": "Altman strips away the pretense and mythology to expose the film industry as a business like any other.", "sentence_zh": "\u5965\u5c14\u7279\u66fc\u63ed\u7a7f\u4f2a\u88c5\u548c\u795e\u8bdd\uff0c\u628a\u7535\u5f71\u4e1a\u66b4\u9732\u6210\u50cf\u5176\u4ed6\u4efb\u4f55\u884c\u4e1a\u4e00\u6837\u3002"}, {"word": "exposure", "definition": "n. \u66b4\u9732\uff0c\u63a5\u89e6\uff1b\u66dd\u5149\uff0c\u63ed\u53d1\uff1b\u62a5\u9053\uff0c\u5ba3\u4f20\uff1b\u5355\u5f20\u80f6\u7247\uff1b\u66dd\u5149\u65f6\u95f4\uff0c\u66dd\u5149\u91cf\uff1b\u53d7\u51bb\uff1b\u671d\u5411", "pronounce": "[\u026ak\u02c8sp\u0259\u028a\u0292\u0259(r)]", "sentence_en": "Exposure to the sun ages the skin.", "sentence_zh": "\u592a\u9633\u66dd\u6652\u4f1a\u4f7f\u76ae\u80a4\u7c97\u8001\u3002"}, {"word": "express", "definition": "v. \u8868\u8fbe\uff0c\u8868\u9732\uff1b\u8868\u73b0\uff0c\u4f53\u73b0\uff1b\uff08\u7528\u6570\u5b66\u65b9\u6cd5\uff09\u8868\u793a\uff1b\u538b\u69a8\uff0c\u6324\u538b\u51fa\uff08\u7a7a\u6c14\u6216\u6db2\u4f53\uff09\uff1b\u7279\u5feb\u53d1\u8fd0", "pronounce": "[\u026ak\u02c8spres]", "sentence_en": "Words cannot express my sorrow.", "sentence_zh": "\u8bed\u8a00\u4e0d\u80fd\u8868\u8fbe\u6211\u7684\u60b2\u4f24\u3002"}, {"word": "expression", "definition": "n. \u8868\u8fbe\uff0c\u8868\u793a\uff1b\u8868\u60c5\uff0c\u795e\u60c5\uff1b\uff08\u8868\u6f14\u3001\u6b4c\u5531\u6216\u6f14\u594f\u65f6\u7684\uff09\u60c5\u611f\u8868\u73b0\uff1b\u8bcd\u8bed\uff0c\u63aa\u8bcd\uff1b\u5f0f\uff0c\u8868\u8fbe\u5f0f\uff1b\u6324\u538b", "pronounce": "[\u026ak\u02c8spre\u0283(\u0259)n]", "sentence_en": "Her expression suddenly altered.", "sentence_zh": "\u5979\u7684\u8868\u60c5\u7a81\u7136\u53d8\u4e86\u3002"}, {"word": "extend", "definition": "v. \u5ef6\u4f38\uff1b\u6269\u5927\uff0c\u5ef6\u957f\uff1b\u6301\u7eed\uff1b\u5305\u62ec\uff0c\u6ce2\u53ca\uff1b\u63d0\u4f9b\uff0c\u8868\u793a\uff1b\u4f38\u51fa\uff1b\u4f7f\u7aed\u5c3d\u5168\u529b\uff1b\u5bf9\u2026\u2026\u4f30\u4ef7\uff1b\u7ee7\u627f\uff08\u9762\u5411\u5bf9\u8c61\u8bed\u8a00\u4e2d\u7684\u4e00\u79cd\u6982\u5ff5\uff09", "pronounce": "[\u026ak\u02c8stend]", "sentence_en": "The caves extend for some 12 miles.", "sentence_zh": "\u8fd9\u4e9b\u6d1e\u7a74\u5ef6\u4f38\u7ea612\u82f1\u91cc\u3002"}, {"word": "extension", "definition": "n. \u5ef6\u4f38\uff0c\u6269\u5c55\uff1b\u5c55\u671f\uff0c\u5ef6\u957f\u671f\uff1b\u6269\u5efa\u90e8\u5206\uff0c\u5ef6\u4f38\u90e8\u5206\uff1b\uff08\u7535\u8bdd\uff09\u5206\u673a\uff1b\u6269\u5c55\u540d\uff1b\uff08\u4e3a\u975e\u5168\u65e5\u5236\u5b66\u751f\u5f00\u8bbe\u7684\uff09\u8fdb\u4fee\u90e8\uff1b\u7275\u4f38\uff08\u672f\uff09\uff1b\u5916\u5ef6\uff1b\u5e7f\u5ef6\uff08\u6027\uff09", "pronounce": "[\u026ak\u02c8sten\u0283(\u0259)n]", "sentence_en": "They've built an extension on.", "sentence_zh": "\u4ed6\u4eec\u8fdb\u884c\u4e86\u4e00\u9879\u6269\u5efa\u3002"}, {"word": "extensive", "definition": "adj. \u5e7f\u9614\u7684\uff1b\u5e7f\u6cdb\u7684\uff1b\u5de8\u5927\u7684\uff0c\u5927\u91cf\u7684\uff1b\uff08\u519c\u4e1a\uff09\u7c97\u653e\uff08\u7ecf\u8425\uff09\u7684", "pronounce": "[\u026ak\u02c8stens\u026av]", "sentence_en": "Extensive repair work is being carried out.", "sentence_zh": "\u5927\u89c4\u6a21\u7684\u4fee\u7f2e\u5de5\u4f5c\u6b63\u5728\u8fdb\u884c\u3002"}, {"word": "extent", "definition": "n. \u7a0b\u5ea6\uff1b\u8303\u56f4\uff0c\u957f\u5ea6", "pronounce": "[\u026ak\u02c8stent]", "sentence_en": "That's true, to a certain extent.", "sentence_zh": "\u5728\u4e00\u5b9a\u7a0b\u5ea6\u4e0a\u7684\u786e\u5982\u6b64\u3002"}, {"word": "exterior", "definition": "adj. \u5916\u90e8\u7684\uff0c\u5916\u9762\u7684\uff1b\u5916\u8868\u7684\uff0c\u8868\u9762\u7684\uff1b\uff08\u7535\u5f71\u573a\u666f\uff09\u5916\u90e8\u62cd\u6444\u7684", "pronounce": "[\u026ak\u02c8st\u026a\u0259ri\u0259(r)]", "sentence_en": "The exterior of the house needs painting.", "sentence_zh": "\u623f\u5b50\u5916\u5899\u9700\u8981\u6cb9\u6f06\u3002"}, {"word": "external", "definition": "adj. \u5916\u90e8\u7684\uff0c\u5916\u9762\u7684\uff1b\u5bf9\u5916\u7684\uff0c\u4e0e\u5916\u56fd\u6709\u5173\u7684\uff1b\u5916\u6765\u7684\uff0c\u5916\u8058\u7684\uff1b\uff08\u836f\u54c1\u7b49\u7c7b\u4f3c\u7269\u8d28\uff09\u5916\u7528\u7684", "pronounce": "[\u026ak\u02c8st\u025c\u02d0n(\u0259)l]", "sentence_en": "An external auditor will verify the accounts.", "sentence_zh": "\u5916\u90e8\u5ba1\u8ba1\u5458\u5c06\u6838\u5b9e\u8fd9\u4e9b\u8d26\u76ee\u3002"}, {"word": "extraordinary", "definition": "adj. \u5f02\u4e4e\u5bfb\u5e38\u7684\uff0c\u4ee4\u4eba\u60ca\u5947\u7684\uff1b\u975e\u51e1\u7684\uff0c\u5353\u8d8a\u7684\uff1b\u7279\u522b\u7684\uff0c\u4e34\u65f6\u7684\uff1b\u7279\u5927\uff08\u6216\u591a\uff09\u7684\uff1b\u7279\u6d3e\u7684\uff0c\u7279\u547d\u7684", "pronounce": "[\u026ak\u02c8str\u0254\u02d0d(\u0259)n(\u0259)ri]", "sentence_en": "She is a designer of extraordinary versatility.", "sentence_zh": "\u5979\u662f\u4f4d\u7279\u522b\u591a\u624d\u591a\u827a\u7684\u8bbe\u8ba1\u5e08\u3002"}, {"word": "extreme", "definition": "adj. \u6781\u5927\u7684\uff0c\u6781\u5ea6\u7684\uff1b\u6781\u7aef\u7684\uff0c\u4e25\u91cd\u7684\uff1b\u8fc7\u5206\u7684\uff0c\u504f\u6fc0\u7684\uff1b\u5c3d\u5934\u7684\uff0c\u672b\u7aef\u7684\uff1b\u6781\u9650\u7684\uff0c\u4ece\u4e8b\u6781\u9650\u8fd0\u52a8\u7684", "pronounce": "[\u026ak\u02c8stri\u02d0m]", "sentence_en": "His views tend towards the extreme.", "sentence_zh": "\u4ed6\u7684\u89c2\u70b9\u8d8b\u4e8e\u504f\u6fc0\u3002"}, {"word": "extremely", "definition": "adv. \u6781\u5ea6\uff0c\u975e\u5e38", "pronounce": "[\u026ak\u02c8stri\u02d0mli]", "sentence_en": "This species is extremely rare.", "sentence_zh": "\u8fd9\u4e00\u7269\u79cd\u6781\u4e3a\u7f55\u89c1\u3002"}, {"word": "eyesight", "definition": "n. \u76ee\u529b\uff0c\u89c6\u529b", "pronounce": "[\u02c8a\u026asa\u026at]", "sentence_en": "His eyesight is getting dim.", "sentence_zh": "\u4ed6\u7684\u89c6\u529b\u8d8a\u6765\u8d8a\u5dee\u3002"}, {"word": "facility", "definition": "n. \u8bbe\u65bd\uff0c\u8bbe\u5907\uff1b\u536b\u751f\u95f4\uff1b\u5929\u8d4b\uff0c\u624d\u80fd\uff1b\uff08\u673a\u5668\u7b49\u7684\uff09\u7279\u522b\u88c5\u7f6e\uff0c\uff08\u670d\u52a1\u7b49\u7684\uff09\u7279\u8272\uff1b\uff08\u7528\u4f5c\u67d0\u79cd\u7528\u9014\u7684\uff09\u573a\u6240", "pronounce": "[f\u0259\u02c8s\u026al\u0259ti]", "sentence_en": "There may be a cost to such facility.", "sentence_zh": "\u8fd9\u79cd\u7684\u8bbe\u5907\u53ef\u80fd\u4f1a\u4ea7\u751f\u6210\u672c\u3002"}, {"word": "faculty", "definition": "n. \u673a\u80fd\uff1b\u5929\u8d4b\uff0c\u624d\u80fd\uff1b\uff08\u9ad8\u7b49\u9662\u6821\u7684\uff09\u7cfb\uff0c\u9662\uff1b<\u7f8e> \u5168\u4f53\u6559\u5458\uff1b<\u65e7>\uff08\u67d0\u884c\u4e1a\uff0c\u5c24\u6307\u533b\u5b66\u884c\u4e1a\u7684\uff09\u5168\u4f53\u4ece\u4e1a\u4eba\u5458\uff1b\uff08\u5c24\u6307\u6765\u81ea\u6559\u4f1a\u5f53\u6743\u8005\u7684\uff09\u7279\u8bb8\u8bc1\uff0c\u8bb8\u53ef\u8bc1", "pronounce": "[\u02c8f\u00e6k(\u0259)lti]", "sentence_en": "The faculty agreed on a change in the requirements.", "sentence_zh": "\u5168\u4f53\u6559\u5458\u540c\u610f\u6539\u53d8\u8981\u6c42\u3002"}, {"word": "fade", "definition": "v. \u9010\u6e10\u6d88\u5931\uff1b\uff08\u4f7f\uff09\u892a\u8272\uff0c\uff08\u4f7f\uff09\u53d8\u6697\uff1b\u67af\u840e\uff0c\u51cb\u8c22\uff1b\u53d8\u5f97\u865a\u5f31\uff1b\u9000\u6b65\uff1b\uff08\u8f66\u8f86\u7684\u5239\u8f66\u56e0\u6469\u64e6\u53d1\u70ed\u800c\uff09\u6682\u65f6\u5931\u7075\uff1b\uff08\u4f7f\uff09\uff08\u7535\u5f71\u6216\u7535\u89c6\u753b\u9762\uff09\u6de1\u5165\uff08\u6216\u6de1\u51fa\uff09\u53e6\u4e00\u753b\u9762\uff1b\u53d8\u5f97\u9ed8\u9ed8\u65e0\u95fb\uff0c\u53d8\u5f97\u65e0\u5173\u7d27\u8981\uff1b\uff08\u9ad8\u5c14\u592b\u7403\uff09\u504f\u79bb\u76f4\u7ebf\uff1b<\u7f8e\uff0c\u975e\u6b63\u5f0f>\u63a5\u53d7\uff08\u63b7\u9ab0\u5b50\u8005\uff09\u7684\u6253\u8d4c", "pronounce": "[fe\u026ad]", "sentence_en": "The colour in this material does not fade.", "sentence_zh": "\u8fd9\u5e03\u6599\u4e0d\u892a\u8272\u3002"}, {"word": "failure", "definition": "n. \u5931\u8d25\uff1b\u5931\u8d25\u7684\u4eba\uff08\u6216\u4f01\u4e1a\u3001\u4e8b\u7269\uff09\uff1b\u672a\u505a\u5230\uff1b\u7f3a\u4e4f\uff0c\u4e0d\u8db3\uff1b\u6545\u969c\uff0c\u8870\u9000\uff1b\u516c\u53f8\u5012\u95ed\uff1b\u6b49\u6536\uff1b\u7a81\u7136\u5931\u53bb", "pronounce": "[\u02c8fe\u026alj\u0259(r)]", "sentence_en": "I felt foolish and a failure.", "sentence_zh": "\u6211\u81ea\u89c9\u662f\u4e2a\u611a\u8822\u7684\u5931\u8d25\u8005\u3002"}, {"word": "faith", "definition": "n. \u4fe1\u4efb\uff0c\u4fe1\u5fc3\uff0c\u4fe1\u5ff5\uff1b\u5b97\u6559\uff1b\u5b97\u6559\u4fe1\u4ef0\uff1b\u5fe0\u8bda", "pronounce": "[fe\u026a\u03b8]", "sentence_en": "Faith is stronger than reason.", "sentence_zh": "\u4fe1\u4ef0\u6bd4\u7406\u667a\u66f4\u6709\u529b\u3002"}, {"word": "faithful", "definition": "adj. \u5fe0\u5b9e\u7684\uff0c\u5fe0\u8bda\u7684\uff1b\u5982\u5b9e\u7684\uff0c\u5fe0\u4e8e\u539f\u4e8b\uff08\u7269\uff09\u7684\uff1b\u5fe0\u8d1e\u7684\uff1b\u53ef\u4fe1\u4efb\u7684\uff0c\u53ef\u4fe1\u8d56\u7684", "pronounce": "[\u02c8fe\u026a\u03b8f(\u0259)l]", "sentence_en": "The officers died faithful to the honour of a soldier.", "sentence_zh": "\u519b\u5b98\u4eec\u6000\u7740\u5bf9\u519b\u4eba\u6c14\u8282\u7684\u5fe0\u8bda\u800c\u6350\u8eaf\u3002"}, {"word": "fame", "definition": "n. \u540d\u8a89\uff0c\u540d\u6c14", "pronounce": "[fe\u026am]", "sentence_en": "Fame hasn't really changed him.", "sentence_zh": "\u540d\u58f0\u5e76\u6ca1\u6709\u4f7f\u4ed6\u6709\u4e1d\u6beb\u6539\u53d8\u3002"}, {"word": "familiar", "definition": "adj. \u719f\u6089\u7684\uff1b\u5e38\u89c1\u7684\uff0c\u666e\u901a\u7684\uff1b\u975e\u6b63\u5f0f\u7684\uff0c\u968f\u548c\u7684\uff1b\u8fc7\u5206\u4eb2\u5bc6\u7684\uff0c\u968f\u4fbf\u7684", "pronounce": "[f\u0259\u02c8m\u026ali\u0259(r)]", "sentence_en": "He was humming a familiar tune.", "sentence_zh": "\u4ed6\u4f4e\u58f0\u54fc\u7740\u4e00\u652f\u719f\u6089\u7684\u5c0f\u66f2\u3002"}, {"word": "famine", "definition": "n. \u9965\u8352\uff0c\u9965\u9991\uff1b\u532e\u4e4f\uff0c\u77ed\u7f3a\uff1b<\u53e4>\u9965\u997f", "pronounce": "[\u02c8f\u00e6m\u026an]", "sentence_en": "Famine hit that benighted country once more.", "sentence_zh": "\u9965\u8352\u518d\u6b21\u88ad\u51fb\u4e86\u90a3\u4e2a\u843d\u540e\u7684\u56fd\u5bb6\u3002"}, {"word": "famous", "definition": "adj. \u8457\u540d\u7684\uff0c\u51fa\u540d\u7684\uff1b<\u975e\u6b63\u5f0f>\u6781\u597d\u7684\uff0c\u4e86\u4e0d\u8d77\u7684", "pronounce": "[\u02c8fe\u026am\u0259s]", "sentence_en": "His books are world-famous.", "sentence_zh": "\u4ed6\u7684\u8457\u4f5c\u4e3e\u4e16\u95fb\u540d\u3002"}, {"word": "fancy", "definition": "v. <\u82f1\uff0c\u975e\u6b63\u5f0f> \u559c\u6b22\uff0c\u60f3\u8981\uff1b<\u82f1\uff0c\u975e\u6b63\u5f0f> \u7231\u604b\uff0c\u7231\u6155\uff1b<\u82f1\uff0c\u975e\u6b63\u5f0f> \u8ba4\u4e3a\u2026\u2026\u4f1a\u6210\u529f\uff08\u8d62\uff09\uff1b<\u6587> \u8ba4\u4e3a\uff0c\u60f3\u8c61\uff1b<\u82f1\uff0c\u975e\u6b63\u5f0f>\u81ea\u8d1f\uff0c\u81ea\u547d\u4e0d\u51e1\uff08fancy oneself\uff09\uff1b<\u82f1> \uff08\u8868\u793a\u60ca\u5947\u6216\u9707\u60ca\uff09\u771f\u60f3\u4e0d\u5230\uff0c\u7adf\u7136\uff1b\u7231\u604b\uff0c\u7231\u6155\uff08\u5e38\u7528\u4e8e\u82f1\u5f0f\u53e3\u8bed\u4e2d\uff09\uff1b <\u82f1\uff0c\u975e\u6b63\u5f0f>\u559c\u6b22\uff0c\u60f3\u8981\uff08\u5e38\u7528\u4e8e\u82f1\u5f0f\u53e3\u8bed\u4e2d\uff09\uff1b<\u82f1\uff0c\u975e\u6b63\u5f0f>\u7231\u604b\uff0c\u7231\u6155\uff08\u5e38\u7528\u4e8e\u82f1\u5f0f\u53e3\u8bed\u4e2d\uff09\uff1b<\u82f1\uff0c\u975e\u6b63\u5f0f>\u8ba4\u4e3a\u2026\u2026\u4f1a\u6210\u529f\uff08\u8d62\uff09", "pronounce": "[\u02c8f\u00e6nsi]", "sentence_en": "So you fancy yourself as the boss someday?", "sentence_zh": "\u90a3\u4e48\u4f60\u8ba4\u4e3a\u81ea\u5df1\u6709\u4e00\u5929\u4f1a\u6210\u8001\u677f\uff1f"}, {"word": "fare", "definition": "n. \u4ea4\u901a\u8d39\u7528\uff1b\u4e58\u5ba2\uff1b\u996d\u83dc\uff1b\u5e38\u89c1\u7684\u4e1c\u897f\uff1b\u4f9b\u5927\u4f17\u4f7f\u7528\u7684\u4e1c\u897f\uff08\u5c24\u6307\u5a31\u4e50\u6d3b\u52a8\uff09", "pronounce": "[fe\u0259(r)]", "sentence_en": "He could barely afford the fare.", "sentence_zh": "\u4ed6\u51e0\u4e4e\u4ed8\u4e0d\u8d77\u8f66\u8d39\u3002"}, {"word": "fashionable", "definition": "adj. \u6d41\u884c\u7684\uff0c\u65f6\u9ae6\u7684\uff1b\u6709\u94b1\u4eba\u5149\u987e\u7684", "pronounce": "[\u02c8f\u00e6\u0283(\u0259)n\u0259b(\u0259)l]", "sentence_en": "It became fashionable to eat certain kinds of fish.", "sentence_zh": "\u5403\u67d0\u4e9b\u79cd\u7c7b\u7684\u9c7c\u53d8\u5f97\u65f6\u9ae6\u4e86\u3002"}, {"word": "fatal", "definition": "adj. \u81f4\u547d\u7684\uff1b\u5bfc\u81f4\u5931\u8d25\u7684\uff0c\u707e\u96be\u6027\u7684", "pronounce": "[\u02c8fe\u026at(\u0259)l]", "sentence_en": "There was a fatal flaw in the plan.", "sentence_zh": "\u8ba1\u5212\u4e2d\u6709\u4e00\u4e2a\u81f4\u547d\u7684\u7f3a\u9677\u3002"}, {"word": "favour", "definition": "n. \u652f\u6301\uff0c\u559c\u7231\uff1b\u5e2e\u5fd9\uff0c\u6069\u60e0\uff1b\u504f\u7231\uff1b\u5c0f\u793c\u7269\uff1b\u540c\u610f\u6027\u4ea4", "pronounce": "[\u02c8fe\u026av\u0259(r)]", "sentence_en": "The court found in her favour.", "sentence_zh": "\u6cd5\u5ead\u5224\u51b3\u5bf9\u5979\u6709\u5229\u3002"}, {"word": "favourable", "definition": "adj. \u6709\u5229\u7684\uff0c\u9002\u5b9c\u7684\uff1b\u79f0\u8d5e\u7684\uff0c\u8d5e\u6210\u7684\uff1b\uff08\u4ef7\u683c\uff09\u4f18\u60e0\u7684\uff0c\u5408\u7406\u7684\uff1b\u6709\u5409\u5146\u7684\uff0c\u524d\u666f\u4e50\u89c2\u7684\uff1b\uff08\u98ce\uff09\u671d\u7740\u884c\u8fdb\u65b9\u5411\u5439\u7684", "pronounce": "[\u02c8fe\u026av\u0259r\u0259b(\u0259)l]", "sentence_en": "They offered me a loan on very favourable terms.", "sentence_zh": "\u4ed6\u4eec\u63d0\u51fa\u4ee5\u5341\u5206\u4f18\u60e0\u7684\u6761\u4ef6\u8d37\u6b3e\u7ed9\u6211\u3002"}, {"word": "favourite", "definition": "adj. \u7279\u522b\u53d7\u559c\u7231\u7684", "pronounce": "[\u02c8fe\u026av\u0259r\u026at]", "sentence_en": "What's your favourite colour?", "sentence_zh": "\u4f60\u6700\u559c\u6b22\u7684\u989c\u8272\u662f\u4ec0\u4e48\uff1f"}, {"word": "federal", "definition": "adj. \u8054\u90a6\uff08\u5236\uff09\u7684\uff1b\uff08\u4e0e\uff09\u8054\u90a6\u653f\u5e9c\uff08\u6709\u5173\u7684\uff09\u7684\uff1b\u4e2d\u592e\u96c6\u6743\u5f0f\u7684\uff1b\uff08\u7f8e\u56fd\u5185\u6218\u65f6\u671f\uff09\u5317\u90e8\u8054\u90a6\u653f\u5e9c\u7684", "pronounce": "[\u02c8fed\u0259r\u0259l]", "sentence_en": "Today is Presidents' Day, a federal holiday.", "sentence_zh": "\u4eca\u5929\u662f\u603b\u7edf\u7eaa\u5ff5\u65e5\uff0c\u4e00\u4e2a\u8054\u90a6\u5047\u65e5\u3002"}, {"word": "fee", "definition": "n. \u8d39\u7528\uff0c\u916c\u91d1\uff1b\u4f1a\u8d39\uff0c\u5165\u573a\u8d39\uff1b\u5c01\u5730\uff0c\u91c7\u9091", "pronounce": "[fi\u02d0]", "sentence_en": "He threatens to dock her fee.", "sentence_zh": "\u4ed6\u5a01\u80c1\u8981\u6263\u5979\u7684\u8d39\u7528\u3002"}, {"word": "feed", "definition": "v. \u9972\u517b\uff0c\u5582\u517b\uff0c\u4e3a\u2026\u2026\u63d0\u4f9b\u98df\u7269\uff1b\u4ee5\u2026\u2026\u4e3a\u98df\u7269\uff0c\u5403\u98df\uff1b\u63d0\u4f9b\uff08\u610f\u89c1\u6216\u4fe1\u606f\u7b49\uff09\uff0c\u704c\u8f93\uff1b\u65bd\u80a5\uff1b\u6dfb\u52a0\u71c3\u6599\uff1b\u628a\u2026\u2026\u653e\u8fdb\u673a\u5668\uff0c\u5c06\u2026\u2026\u585e\u8fdb\u673a\u5668\uff1b\u52a0\u6df1\uff0c\u5f3a\u5316\uff1b\u4f7f\uff08\u7f13\u6162\u5e73\u7a33\u5730\uff09\u79fb\u52a8\uff0c\u4f7f\u7a7f\u8fc7\uff08\u6709\u9650\u7684\u7a7a\u95f4\uff09\uff1b<\u975e\u6b63\u5f0f>\u7ef4\u6301\uff0c\u6ee1\u8db3\uff08\u4e60\u60ef\uff09\uff1b\u4f20\u7403\uff1b\u6d41\u5165\uff0c\u8fdb\u5165", "pronounce": "[fi\u02d0d]", "sentence_en": "Slugs and snails feed at night.", "sentence_zh": "\u86de\u8753\u548c\u8717\u725b\u591c\u95f4\u8fdb\u98df\u3002"}, {"word": "feedback", "definition": "n. \u53cd\u9988\u610f\u89c1\uff1b\uff08\u4fe1\u53f7\u8fd4\u56de\u7535\u5b50\u97f3\u54cd\u7cfb\u7edf\u6240\u81f4\u7684\uff09\u566a\u58f0\uff1b\uff08\u8fd4\u56de\u673a\u5668\u3001\u7cfb\u7edf\u6216\u8005\u7a0b\u5e8f\u7684\uff09\u8fd4\u56de\u4fe1\u606f\uff0c\u8fd4\u56de\u7535\u6d41", "pronounce": "[\u02c8fi\u02d0db\u00e6k]", "sentence_en": "The teacher will give you feedback on the test.", "sentence_zh": "\u8001\u5e08\u4f1a\u5bf9\u4f60\u7684\u6d4b\u9a8c\u63d0\u4f9b\u53cd\u9988\u4fe1\u606f\u3002"}, {"word": "fellow", "definition": "n. \u5c0f\u4f19\u5b50\uff0c\u5bb6\u4f19\uff1b\u540c\u4f34\uff0c\u540c\u4e8b\uff0c\u540c\u5b66\uff1b\u7814\u7a76\u5458\uff1b\u7537\u670b\u53cb\uff1b\uff08\u7814\u7a76\u671f\u95f4\u9886\u53d6\u6d25\u8d34\u7684\uff09\u7814\u7a76\u751f\uff1b<\u82f1>\uff08\u5927\u5b66\u7684\uff09\u8463\u4e8b\uff1b\uff08\u5b66\u672f\u6216\u4e13\u4e1a\u56e2\u4f53\uff09\u4f1a\u5458\uff1b\u5bf9\u7b49\u8005\uff0c\u5bf9\u624b", "pronounce": "[\u02c8fel\u0259\u028a]", "sentence_en": "He was a young fellow, very green, very immature.", "sentence_zh": "\u4ed6\u662f\u4e2a\u5e74\u8f7b\u7684\u5bb6\u4f19\uff0c\u6ca1\u4ec0\u4e48\u7ecf\u9a8c\uff0c\u5f88\u4e0d\u6210\u719f\u3002"}, {"word": "female", "definition": "adj. \u5973\u6027\u7684\uff0c\u5987\u5973\u7684\uff1b\u5973\u6027\u7279\u6709\u7684\uff1b\u7531\u5973\u6027\u7ec4\u6210\u7684\uff1b\u5185\u5b54\u7684\uff1b\u96cc\u6027\u7684\uff0c\u6bcd\u7684\uff1b\u96cc\u854a\u7684", "pronounce": "[\u02c8fi\u02d0me\u026al]", "sentence_en": "Oestrogen is a female sex hormone.", "sentence_zh": "\u96cc\u6fc0\u7d20\u662f\u4e00\u79cd\u96cc\u6027\u8377\u5c14\u8499\u3002"}, {"word": "fierce", "definition": "adj. \uff08\u52a8\u4f5c\u6216\u60c5\u611f\uff09\u5f3a\u70c8\u7684\uff0c\u6fc0\u70c8\u7684\uff1b\uff08\u4eba\u6216\u52a8\u7269\uff09\u51f6\u731b\u7684\uff0c\u72c2\u6012\u7684\uff1b\uff08\u5929\u6c14\u7b49\uff09\u72c2\u66b4\u7684\uff0c\u6076\u52a3\u7684", "pronounce": "[f\u026a\u0259s]", "sentence_en": "He launched a fierce attack on the Democrats.", "sentence_zh": "\u4ed6\u5bf9\u6c11\u4e3b\u515a\u4eba\u53d1\u52a8\u4e86\u731b\u70c8\u7684\u653b\u51fb\u3002"}, {"word": "figure", "definition": "n. \u6570\u5b57\uff0c\u6570\u76ee\uff0c\u6570\u503c\uff1b\u6570\u5b57\u7b26\u53f7\uff0c\u4f4d\u6570\uff1b\u8eab\u6750\uff0c\u4f53\u578b\uff1b\uff08\u8fdc\u5904\u7684\uff09\u4eba\u5f71\uff1b\uff08\u91cd\u8981\u7684\uff09\u4eba\u7269\uff1b\uff08\u7ed8\u753b\u6216\u6a21\u578b\u4e2d\uff09\u4eba\u50cf\uff1b\uff08\u4e66\u4e2d\u7684\uff09\u56fe\u3001\u8868\uff1b\uff08\u6570\u5b66\uff09\u56fe\u5f62\uff1b\u4ef7\u683c\uff0c\u91d1\u989d", "pronounce": "[\u02c8f\u026a\u0261\u0259(r)]", "sentence_en": "My uncle was a Falstaffian figure.", "sentence_zh": "\u6211\u7684\u53d4\u53d4\u662f\u4e2a\u798f\u65af\u5854\u592b\u5f0f\u7684\u4eba\u7269\u3002"}, {"word": "fill", "definition": "v. \uff08\u4f7f\uff09\u5145\u6ee1\uff0c\u5360\u6ee1\uff1b\u5835\u585e\uff0c\u586b\u8865\uff1b\u6ee1\u8db3\uff1b\uff08\u58f0\u97f3\u3001\u6c14\u5473\u6216\u5149\uff09\u904d\u53ca\uff0c\u5f25\u6f2b\uff1b\u62c5\u4efb\uff0c\u5145\u4efb\uff1b\uff08\u611f\u60c5\uff09\u5145\u76c8\u4e8e\uff1b\u6253\u53d1\uff0c\u5360\u636e\uff08\u65f6\u95f4\uff09\uff1b\uff08\u5e06\uff09\u8fce\u98ce\uff08\u6216\u53d7\u98ce\uff09\u9f13\u8d77\uff08\u6216\u5f20\u5f00\uff09\uff1b\u4f7f\u5403\u9971\uff0c\u586b\u9971\u2026\u2026\u7684\u809a\u5b50\uff1b(\u6309\u8ba2\u5355)\u4f9b\u8d27\uff0c(\u6309\u836f\u65b9)\u914d\u836f\uff1b\uff08\u7528\u540a\u724c\u7684\u65b9\u6cd5\uff09\u51d1\u6210\uff0c\u505a\u6210\uff08\u4e00\u624b\u597d\u724c\uff09", "pronounce": "[f\u026al]", "sentence_en": "Dentists fill teeth and repair broken ones.", "sentence_zh": "\u7259\u533b\u8865\u7259\u5e76\u4fee\u7406\u574f\u7259\u3002"}, {"word": "final", "definition": "adj. \u6700\u7ec8\u7684\uff0c\u7ed3\u675f\u7684\uff1b(\u51fa\u73b0\u6b21\u5e8f)\u6700\u540e\u7684\uff0c\u672b\u5c3e\u7684\uff1b\u51b3\u5b9a\u6027\u7684\uff0c\u4e0d\u53ef\u53d8\u66f4\u7684\uff1b\u65e0\u6bd4\u7684\uff0c\u6781\u5ea6\u7684", "pronounce": "[\u02c8fa\u026an(\u0259)l]", "sentence_en": "The judges' decision is final.", "sentence_zh": "\u88c1\u5224\u7684\u51b3\u5b9a\u4e3a\u6700\u7ec8\u51b3\u5b9a\u3002"}, {"word": "finally", "definition": "adv. \u7ec8\u4e8e\uff1b\u603b\u4e4b\uff0c\u6700\u540e\uff1b\u51b3\u5b9a\u6027\u5730\uff0c\u4e0d\u53ef\u53d8\u66f4\u5730", "pronounce": "[\u02c8fa\u026an\u0259li]", "sentence_en": "Finally she drifted into sleep.", "sentence_zh": "\u6700\u540e\u5979\u4e0d\u77e5\u4e0d\u89c9\u5730\u7761\u7740\u4e86\u3002"}, {"word": "finance", "definition": "n. \u8d22\u653f\uff0c\u91d1\u878d\uff1b\u8d44\u91d1\uff0c\u8d22\u6e90\uff1b\u8d22\u52a1\u4e8b\u52a1\uff0c\u7ecf\u6d4e\u60c5\u51b5", "pronounce": "[\u02c8fa\u026an\u00e6ns]", "sentence_en": "Finance is Mark's area.", "sentence_zh": "\u8d22\u52a1\u662f\u9a6c\u514b\u8d1f\u8d23\u7684\u8303\u56f4\u3002"}, {"word": "financial", "definition": "adj. \u8d22\u653f\u7684\uff0c\u91d1\u878d\u7684\uff1b<\u6fb3\u65b0\uff0c\u975e\u6b63\u5f0f>\u6709\u94b1\u7684\uff1b<\u6fb3\u65b0>\uff08\u4ff1\u4e50\u90e8\u6216\u793e\u56e2\u6210\u5458\uff09\u5df2\u7f34\u8d39\u7684", "pronounce": "[fa\u026a\u02c8n\u00e6n\u0283(\u0259)l]", "sentence_en": "It's not just a financial matter.", "sentence_zh": "\u8fd9\u4e0d\u53ea\u662f\u4e2a\u8d22\u52a1\u95ee\u9898\u3002"}, {"word": "finding", "definition": "n.  \u7ed3\u679c\uff0c\u53d1\u73b0\uff1b\u5224\u51b3\uff0c\u88c1\u51b3\uff1b<\u7f8e>\uff08\u5236\u4f5c\u670d\u88c5\u3001\u978b\u5b50\u6216\u9996\u9970\u7528\u7684\uff09\u4e00\u5e94\u5c0f\u7269\u4ef6\uff08\u6216\u5c0f\u5de5\u5177\uff09", "pronounce": "[\u02c8fa\u026and\u026a\u014b]", "sentence_en": "He was finding the river lonesome.", "sentence_zh": "\u4ed6\u53d1\u73b0\u8fd9\u6761\u6cb3\u5f88\u504f\u50fb\u3002"}, {"word": "fine", "definition": "adj. \u4ee4\u4eba\u6ee1\u610f\u7684\uff0c\u53ef\u4ee5\u63a5\u53d7\u7684\uff1b\u503c\u5f97\u5d07\u656c\u7684\uff1b\u5065\u5eb7\u7684\uff0c\u8eab\u4f53\u597d\u7684\uff1b\u4f18\u8d28\u7684\uff0c\u51fa\u8272\u7684\uff0c\u7f8e\u597d\u7684\uff1b\u6674\u6717\u7684\uff1b\u7ea4\u7ec6\u7684\uff0c\u7ec6\u5c0f\u7684\uff1b\u7cbe\u7f8e\u7684\uff0c\u7cbe\u5de7\u7684\uff1b\u7ec6\u5fae\u7684\uff0c\u7ec6\u5bc6\u7684\uff1b<\u975e\u6b63\u5f0f>\u7cdf\u7cd5\u7684\uff1b\u77eb\u9970\u7684\uff0c\u534e\u800c\u4e0d\u5b9e\u7684", "pronounce": "[fa\u026an]", "sentence_en": "'That's fine,' he replied amiably.", "sentence_zh": "\u201c\u90a3\u5f88\u597d\u3002\u201d\u4ed6\u4eb2\u5207\u53cb\u597d\u5730\u56de\u7b54\u9053\u3002"}, {"word": "finger", "definition": "n. \u624b\u6307\uff1b\uff08\u624b\u5957\u7684\uff09\u624b\u6307\u90e8\u5206\uff1b\uff08\u9152\u5728\u676f\u4e2d\u7684\u6df1\u5ea6\uff09\u4e00\u6307\u5bbd\uff1b\u6307\u72b6\u7269\uff1b\u7ad6\u4e2d\u6307\uff1b\u6307\u9488", "pronounce": "[\u02c8f\u026a\u014b\u0261\u0259(r)]", "sentence_en": "Harrison dislocated a finger.", "sentence_zh": "\u54c8\u91cc\u68ee\u8ba9\u4e00\u6839\u624b\u6307\u8131\u81fc\u4e86\u3002"}, {"word": "fisherman", "definition": "n. \u6e14\u592b\uff1b\u6e14\u4eba", "pronounce": "[\u02c8f\u026a\u0283\u0259m\u0259n]", "sentence_en": "The fisherman rowed us back to the shore.", "sentence_zh": "\u6e14\u592b\u5212\u8239\u5c06\u6211\u4eec\u9001\u56de\u5230\u5cb8\u4e0a\u3002"}, {"word": "flavour", "definition": "n. \u7279\u8272\uff0c\u7279\u70b9\uff1b\u8c03\u5473\u54c1\uff0c\u8c03\u5473\u9999\u6599\uff1b<\u975e\u6b63\u5f0f>\u79cd\u7c7b\uff1b\u884d\u751f\u7cfb\u7edf\uff1b\u5473\uff0c\u5473\u9053", "pronounce": "[\u02c8fle\u026av\u0259(r)]", "sentence_en": "The ham had a smoky flavour.", "sentence_zh": "\u8fd9\u706b\u817f\u6563\u53d1\u7740\u4e00\u79cd\u70df\u718f\u7684\u9999\u5473\u3002"}, {"word": "flee", "definition": "v. \u9003\u79bb\uff0c\u9003\u907f\uff0c\u9003\u8dd1", "pronounce": "[fli\u02d0]", "sentence_en": "He was caught trying to flee the country.", "sentence_zh": "\u4ed6\u8bd5\u56fe\u9003\u79bb\u8be5\u56fd\u65f6\u88ab\u6293\u4f4f\u4e86\u3002"}, {"word": "flesh", "definition": "n. \uff08\u4eba\u6216\u52a8\u7269\u7684\uff09\u8089\uff1b\uff08\u4eba\u4f53\u7684\uff09\u76ae\u80a4\uff1b\u679c\u8089\uff1b\u8089\u4f53", "pronounce": "[fle\u0283]", "sentence_en": "Tigers are flesh-eating animals.", "sentence_zh": "\u864e\u662f\u98df\u8089\u52a8\u7269\u3002"}, {"word": "flourish", "definition": "v. \u7e41\u8363\uff0c\u660c\u76db\uff1b\u6325\u52a8\uff1b\uff08\u690d\u7269\u6216\u52a8\u7269\uff09\u957f\u52bf\u597d\uff0c\u8301\u58ee\u6210\u957f", "pronounce": "[\u02c8fl\u028cr\u026a\u0283]", "sentence_en": "These plants flourish in a damp climate.", "sentence_zh": "\u8fd9\u4e9b\u690d\u7269\u5728\u6f6e\u6e7f\u7684\u6c14\u5019\u4e0b\u957f\u52bf\u8302\u76db\u3002"}, {"word": "flow", "definition": "v. \u6d41\u52a8\uff0c\u6d41\u6dcc\uff1b\uff08\u4eba\uff0c\u7269\uff09\u6d8c\u5411\uff0c\u6d8c\u8fdb\uff1b\u987a\u7545\u5730\u79fb\u52a8\uff1b\u6301\u7eed\u62b5\u8fbe\uff0c\u6301\u7eed\u4f9b\u5e94\uff08\u6216\u751f\u4ea7\uff09\uff1b\uff08\u4fe1\u606f\uff09\u4f20\u64ad\uff0c\uff08\u8d44\u91d1\uff09\u6d41\u901a\uff1b\u98d8\u5782\uff0c\u98d8\u62c2\uff1b\u5f3a\u70c8\u611f\u5230\uff1b\uff08\u8bf4\u8bdd\u6216\u601d\u60f3\uff09\u6d41\u7545\uff1b\u5f15\u53d1\uff0c\u6765\u81ea\uff1b\u5145\u6ee1\uff0c\u6ee1\u662f\uff1b\u5927\u91cf\u559d\uff0c\u7545\u996e\uff1b\u6da8\u6f6e\uff1b\u6c38\u4e45\u6027\u53d8\u5f62\uff1b<\u975e\u6b63\u5f0f>\u6765\u6708\u7ecf", "pronounce": "[fl\u0259\u028a]", "sentence_en": "This valve regulates the flow of water.", "sentence_zh": "\u8fd9\u4e2a\u9600\u95e8\u8c03\u8282\u6c34\u6d41\u3002"}, {"word": "flu", "definition": "n. \u6d41\u884c\u6027\u611f\u5192\uff0c\u6d41\u611f", "pronounce": "[flu\u02d0]", "sentence_en": "I was stuck at home with flu.", "sentence_zh": "\u6211\u56e0\u6d41\u611f\u88ab\u56f0\u5728\u4e86\u5bb6\u91cc\u3002"}, {"word": "fluent", "definition": "adj. \uff08\u8bf4\u8bdd\uff09\u6d41\u5229\u7684\uff1b\uff08\u8868\u8fbe\u601d\u60f3\uff09\u719f\u7ec3\u7684\uff0c\u6d41\u7545\u7684\uff1b\uff08\u505a\u4e8b\uff09\u5a34\u719f\u7684\uff1b\u7545\u6d41\u7684\uff0c\u80fd\u6d41\u52a8\u7684", "pronounce": "[\u02c8flu\u02d0\u0259nt]", "sentence_en": "She's fluent in French and German. She also speaks a little Italian.", "sentence_zh": "\u5979\u7684\u6cd5\u8bed\u548c\u5fb7\u8bed\u8bb2\u5f97\u6d41\u5229\uff0c\u4e5f\u4f1a\u8bf4\u4e00\u70b9\u610f\u5927\u5229\u8bed\u3002"}, {"word": "fluid", "definition": "n. \u6d41\u4f53\uff0c\u6db2\u4f53", "pronounce": "[\u02c8flu\u02d0\u026ad]", "sentence_en": "The plant exudes a sticky fluid.", "sentence_zh": "\u8fd9\u79cd\u690d\u7269\u5206\u6ccc\u51fa\u4e00\u79cd\u9ecf\u6db2\u3002"}, {"word": "focus", "definition": "n. \u91cd\u70b9\uff0c\u4e2d\u5fc3\u70b9\uff1b\u5173\u6ce8\uff0c\u6ce8\u610f\uff1b\u9707\u6e90\uff1b\u76ee\u7684\uff0c\u610f\u56fe\uff1b\u7126\u8ddd\uff1b\u75c5\u7076\uff1b\u8c03\u7126\u88c5\u7f6e\uff1b\u76ee\u7684\u660e\u786e\uff0c\u4e13\u6ce8\uff1b\uff08\u692d\u5706\u3001\u629b\u7269\u7ebf\u7b49\u66f2\u7ebf\u7684\uff09\u7126\u70b9", "pronounce": "[\u02c8f\u0259\u028ak\u0259s]", "sentence_en": "He prefers to focus on the positive.", "sentence_zh": "\u4ed6\u66f4\u613f\u610f\u5173\u6ce8\u79ef\u6781\u9762\u3002"}, {"word": "fond", "definition": "adj. \u559c\u7231\u7684\uff0c\u559c\u6b22\u505a\u2026\u2026\u7684\uff1b\u7f8e\u597d\u7684\uff0c\u6109\u60a6\u7684\uff1b\u6148\u7231\u7684\uff0c\u6df1\u60c5\u7684\uff1b\u5929\u771f\u7684\uff0c\u4e0d\u5207\u5b9e\u9645\u7684", "pronounce": "[f\u0252nd]", "sentence_en": "I'm not overly fond of pasta.", "sentence_zh": "\u6211\u4e0d\u600e\u4e48\u592a\u559c\u7231\u610f\u5927\u5229\u9762\u98df\u3002"}, {"word": "forecast", "definition": "v. \u9884\u6d4b\uff0c\u9884\u62a5", "pronounce": "[\u02c8f\u0254\u02d0k\u0251\u02d0st]", "sentence_en": "Snow is forecast for tomorrow.", "sentence_zh": "\u9884\u62a5\u660e\u5929\u6709\u96ea\u3002"}, {"word": "forehead", "definition": "n. \u524d\u989d", "pronounce": "[\u02c8f\u0254\u02d0hed; \u02c8f\u0252r\u026ad]", "sentence_en": "He had a scar on his forehead.", "sentence_zh": "\u4ed6\u524d\u989d\u4e0a\u6709\u4e2a\u4f24\u75a4\u3002"}, {"word": "foremost", "definition": "adj. \u6700\u524d\u7684\uff0c\u6700\u91cd\u8981\u7684", "pronounce": "[\u02c8f\u0254\u02d0m\u0259\u028ast]", "sentence_en": "It is first and foremost a trade agreement.", "sentence_zh": "\u5b83\u9996\u5148\u662f\u4e00\u9879\u8d38\u6613\u534f\u5b9a\u3002"}, {"word": "form", "definition": "v. \uff08\u4f7f\uff09\u51fa\u73b0\uff1b\uff08\u4f7f\uff09\uff08\u5173\u7cfb\u3001\u4e60\u60ef\u6216\u60f3\u6cd5\uff09\u5f62\u6210\uff1b\u6784\u6210\uff0c\u662f\u2026\u2026\u7684\u7ec4\u6210\u90e8\u5206\uff1b\u9676\u51b6\uff0c\u57f9\u517b\uff1b\u7ec4\u7ec7\uff0c\u5efa\u7acb", "pronounce": "[f\u0254\u02d0m]", "sentence_en": "He hates violence in any form.", "sentence_zh": "\u4ed6\u618e\u6076\u4efb\u4f55\u5f62\u5f0f\u7684\u66b4\u529b\u3002"}, {"word": "formal", "definition": "adj. \u5e84\u91cd\u7684\uff0c\u5408\u4e4e\u793c\u4eea\u7684\uff1b\uff08\u8bed\u8a00\uff09\u6b63\u5f0f\u7684\uff0c\u89c4\u8303\u7684\uff1b\u5408\u6cd5\u7684\uff1b\u6574\u9f50\u7684\uff0c\u5e03\u7f6e\u4e95\u7136\u7684\uff1b\u6b63\u7edf\u7684\uff0c\u62d8\u8c28\u7684\uff1b\uff08\u6559\u80b2\u6216\u57f9\u8bad\uff09\u6b63\u89c4\u7684\uff1b\u5f62\u5f0f\u4e0a\u7684\uff0c\u8868\u9762\u7684\uff1b\u5b98\u65b9\u7684\uff0c\u516c\u5f00\u7684", "pronounce": "[\u02c8f\u0254\u02d0m(\u0259)l]", "sentence_en": "He wore formal evening dress.", "sentence_zh": "\u4ed6\u7a7f\u4e86\u6b63\u5f0f\u7684\u665a\u793c\u670d\u3002"}, {"word": "formation", "definition": "n. \u7ec4\u6210\u7269\uff1b\u6784\u6210\uff1b\u5f62\u6210\uff0c\u4ea7\u751f\uff1b\u7f16\u961f\uff0c\u961f\u5f62\uff1b\uff08\u793e\u4f1a\u3001\u653f\u6cbb\u7b49\u7684\uff09\u5f62\u6001", "pronounce": "[f\u0254\u02d0\u02c8me\u026a\u0283(\u0259)n]", "sentence_en": "He was flying in formation with seven other jets.", "sentence_zh": "\u4ed6\u548c\u53e6\u59167\u67b6\u55b7\u6c14\u5f0f\u98de\u673a\u7f16\u961f\u98de\u884c\u3002"}, {"word": "former", "definition": "adj. \u65e7\u65f6\u7684\uff1b\u4ee5\u524d\u7684\uff0c\u524d\u2026\u2026\uff1b\uff08\u4e24\u8005\u4e2d\uff09\u524d\u8005\u7684", "pronounce": "[\u02c8f\u0254\u02d0m\u0259(r)]", "sentence_en": "The former option would be much more sensible.", "sentence_zh": "\u524d\u4e00\u79cd\u9009\u62e9\u8981\u660e\u667a\u5f97\u591a\u3002"}, {"word": "fortnight", "definition": "n. \u4e24\u661f\u671f", "pronounce": "[\u02c8f\u0254\u02d0tna\u026at]", "sentence_en": "I hope to be back in a fortnight.", "sentence_zh": "\u6211\u5e0c\u671b\u4e24\u5468\u540e\u56de\u6765\u3002"}, {"word": "fortune", "definition": "n. \u65f6\u8fd0\uff0c\u547d\u8fd0\uff1b\u597d\u8fd0\uff0c\u673a\u9047\uff1b\u8d22\u5bcc\uff0c\u5de8\u6b3e\uff1b\u672a\u6765\uff0c\u524d\u9014", "pronounce": "[\u02c8f\u0254\u02d0t\u0283u\u02d0n]", "sentence_en": "How had he amassed his fortune?", "sentence_zh": "\u4ed6\u662f\u5982\u4f55\u805a\u96c6\u8d77\u4ed6\u7684\u8d22\u5bcc\u7684\uff1f"}, {"word": "fountain", "definition": "n. \u55b7\u6cc9\uff1b\u55b7\u5c04\uff1b\u5929\u7136\u6cc9\uff1b\u6e90\u6cc9\uff1b\uff08\u7eb9\u7ae0\uff09\u94f6\u84dd\u76f8\u95f4\u6ce2\u72b6\u7eb9\u5706\u76fe", "pronounce": "[\u02c8fa\u028ant\u0259n]", "sentence_en": "Located off-centre in the irregularly shaped lake was a fountain.", "sentence_zh": "\u5728\u90a3\u4e2a\u5f62\u72b6\u4e0d\u89c4\u5219\u7684\u6e56\u7684\u4e2d\u5fc3\u4e4b\u5916\uff0c\u6709\u4e00\u4e2a\u55b7\u6cc9\u3002"}, {"word": "freedom", "definition": "n. \u81ea\u7531\u6743\uff0c\u81ea\u4e3b\u6743\uff1b\uff08\u72b6\u6001\uff09\u81ea\u7531\uff0c\u81ea\u4e3b\uff1b\u884c\u52a8\u81ea\u7531\uff08\u6307\u4e0d\u5728\u72f1\u4e2d\uff09\uff1b\u6446\u8131\uff0c\u514d\u53d7\uff1b\u81ea\u7531\u4f7f\u7528\u6743\uff1b<\u82f1>\u8363\u8a89\u5e02\u6c11\u79f0\u53f7\uff1b<\u53e4>\uff08\u8bb2\u8bdd\uff0c\u884c\u4e3a\uff09\u8fc7\u5206\u4eb2\u5bc6\uff0c\u653e\u8086\uff1b\u76f4\u7387\uff0c\u5766\u7387", "pronounce": "[\u02c8fri\u02d0d\u0259m]", "sentence_en": "He burbles on about freedom.", "sentence_zh": "\u4ed6\u6ed4\u6ed4\u4e0d\u7edd\u5730\u8c08\u8bba\u7740\u81ea\u7531\u3002"}, {"word": "frontier", "definition": "n. \u8fb9\u5883\uff0c\u56fd\u754c\uff1b(\u5e38sing.) \u897f\u90e8\u8fb9\u7586\uff0c\u8fb9\u8fdc\u5730\u533a\uff1b\uff08\u5c24\u6307\u77e5\u8bc6\u7684\uff09\u524d\u6cbf\uff0c\u65b0\u9886\u57df\uff1b\u897f\u90e8\u8fb9\u7586\uff0c\u8fb9\u8fdc\u5730\u533a", "pronounce": "[\u02c8fr\u028cnt\u026a\u0259(r)]", "sentence_en": "Rugged individualism forged America's frontier society.", "sentence_zh": "\u575a\u5b9a\u7684\u4e2a\u4eba\u4e3b\u4e49\u94f8\u5c31\u4e86\u7f8e\u56fd\u8fd9\u4e2a\u524d\u6cbf\u793e\u4f1a\u3002"}, {"word": "fulfil", "definition": "v. \u5b9e\u73b0\uff1b\u8fbe\u5230\uff0c\u5b8c\u6210\uff1b\u5c65\u884c\uff0c\u6267\u884c\uff1b\u4f7f\u6ee1\u8db3\uff0c\u4f7f\u6709\u6210\u5c31\u611f\uff1b<\u65e7>\u7ed3\u675f\uff08\u4e00\u6bb5\u65f6\u95f4\uff09\uff0c\u5b8c\u6210\uff08\u4e00\u4ef6\u5de5\u4f5c\uff09", "pronounce": "[f\u028al\u02c8f\u026al]", "sentence_en": "Without them you will not be able to fulfil the tasks you have before you.", "sentence_zh": "\u6ca1\u6709\u4ed6\u4eec\u4f60\u5c06\u4e0d\u80fd\u5b8c\u6210\u4f60\u9762\u524d\u7684\u4efb\u52a1\u3002"}, {"word": "further", "definition": "adv. \u66f4\u8fdc\u5730\uff0c\u518d\u5f80\u524d\u5730\uff1b\u8fdb\u4e00\u6b65\uff1b\u6b64\u5916\uff0c\u800c\u4e14", "pronounce": "[\u02c8f\u025c\u02d0\u00f0\u0259(r)]", "sentence_en": "Let's consider this point further.", "sentence_zh": "\u8ba9\u6211\u4eec\u66f4\u6df1\u5165\u5730\u8003\u8651\u8fd9\u4e00\u70b9\u3002"}, {"word": "furthermore", "definition": "adv. \u6b64\u5916\uff0c\u800c\u4e14", "pronounce": "[\u02ccf\u025c\u02d0\u00f0\u0259\u02c8m\u0254\u02d0(r)]", "sentence_en": "Furthermore, they claim that any such interference is completely ineffective.", "sentence_zh": "\u6b64\u5916\uff0c\u4ed6\u4eec\u58f0\u79f0\u4efb\u4f55\u6b64\u7c7b\u5e72\u6d89\u90fd\u662f\u5b8c\u5168\u65e0\u6548\u7684\u3002"}, {"word": "gain", "definition": "v. \u83b7\u5f97\uff0c\u8d62\u5f97\uff1b\u53d7\u76ca\uff1b\u589e\u52a0\uff0c\u589e\u957f\uff1b\uff08\u7ecf\u8fc7\u52aa\u529b\uff09\u5230\u8fbe\uff1b\uff08\u949f\u8868\uff09\u8d70\u5feb\uff1b\u6301\u7403\u524d\u8fdb\uff0c\u63a8\u8fdb\uff08\u4e00\u6bb5\u8ddd\u79bb\uff09", "pronounce": "[\u0261e\u026an]", "sentence_en": "Regular exercise helps prevent weight gain.", "sentence_zh": "\u7ecf\u5e38\u953b\u70bc\u6709\u52a9\u4e8e\u9632\u6b62\u4f53\u91cd\u589e\u52a0\u3002"}, {"word": "gap", "definition": "n. \u7f1d\u9699\uff0c\u7f3a\u53e3\uff1b\uff08\u65f6\u95f4\u4e0a\u7684\uff09\u95f4\u9694\uff1b\u7a7a\u767d\uff0c\u7f3a\u6f0f\uff1b\u9694\u9602\uff0c\u5dee\u8ddd", "pronounce": "[\u0261\u00e6p]", "sentence_en": "His death left an enormous gap in my life.", "sentence_zh": "\u4ed6\u53bb\u4e16\u7ed9\u6211\u7684\u751f\u6d3b\u7559\u4e0b\u5de8\u5927\u7684\u7a7a\u767d\u3002"}, {"word": "gasoline", "definition": "n. <\u7f8e>\u6c7d\u6cb9\uff08=gasolene\uff09", "pronounce": "[\u02c8\u0261\u00e6s\u0259li\u02d0n]", "sentence_en": "I siphoned the gasoline out of the car into a can.", "sentence_zh": "\u6211\u7528\u8679\u5438\u7ba1\u628a\u6c7d\u8f66\u91cc\u7684\u6c7d\u6cb9\u62bd\u5230\u6876\u91cc\u3002"}, {"word": "general", "definition": "adj. \u603b\u4f53\u7684\uff0c\u666e\u904d\u7684\uff1b\u4e00\u822c\u7684\uff0c\u5e38\u89c4\u7684\uff1b\u5927\u81f4\u7684\uff0c\u5927\u6982\u7684\uff1b\u7efc\u5408\u7684\uff0c\u5e7f\u6cdb\u7684\uff1b\u9996\u5e2d\u7684\uff0c\u603b\u7ba1\u7684", "pronounce": "[\u02c8d\u0292en(\u0259)r\u0259l]", "sentence_en": "The General refused to be flustered.", "sentence_zh": "\u5c06\u519b\u6ca1\u6709\u88ab\u6405\u5f97\u614c\u4e71\u4e0d\u5b89\u3002"}, {"word": "generally", "definition": "adv. \u7b3c\u7edf\u5730\uff0c\u5927\u6982\uff1b\u901a\u5e38\uff0c\u666e\u904d\u5730", "pronounce": "[\u02c8d\u0292en(\u0259)r\u0259li]", "sentence_en": "The plan was generally welcomed.", "sentence_zh": "\u8fd9\u4e2a\u8ba1\u5212\u53d7\u5230\u666e\u904d\u7684\u6b22\u8fce\u3002"}, {"word": "generate", "definition": "v. \u4ea7\u751f\uff0c\u5f15\u8d77", "pronounce": "[\u02c8d\u0292en\u0259re\u026at]", "sentence_en": "The research methods of social science generate two kinds of data.", "sentence_zh": "\u793e\u4f1a\u79d1\u5b66\u7684\u7814\u7a76\u65b9\u6cd5\u751f\u6210\u4e24\u7c7b\u6570\u636e\u3002"}, {"word": "generation", "definition": "n. \u4e00\u4ee3\uff08\u4eba\uff09\uff1b\u4e00\u4ee3\u4eba\u7684\u65f6\u95f4\uff1b\uff08\u4ea7\u54c1\u53d1\u5c55\u7684\uff09\u4ee3\uff1b\u4ea7\u751f", "pronounce": "[\u02ccd\u0292en\u0259\u02c8re\u026a\u0283(\u0259)n]", "sentence_en": "He is arguably the best actor of his generation.", "sentence_zh": "\u6309\u7406\u4ed6\u662f\u4ed6\u90a3\u4e00\u4ee3\u4e2d\u6700\u4f18\u79c0\u7684\u6f14\u5458\u3002"}, {"word": "generator", "definition": "n. \u53d1\u7535\u673a\uff1b\u4ea7\u751f\u8005\uff1b\u7535\u529b\u516c\u53f8\uff1b\u6bcd\u70b9\uff0c\u6bcd\u7ebf\uff0c\u6bcd\u9762", "pronounce": "[\u02c8d\u0292en\u0259re\u026at\u0259(r)]", "sentence_en": "He brought it down, hooked it up, and we got the generator going.", "sentence_zh": "\u4ed6\u628a\u5b83\u653e\u5012\uff0c\u8fde\u63a5\u597d\uff0c\u7136\u540e\u6211\u4eec\u8ba9\u53d1\u7535\u673a\u5f00\u59cb\u8fd0\u8f6c\u3002"}, {"word": "generous", "definition": "adj. \u6177\u6168\u7684\uff0c\u5927\u65b9\u7684\uff1b\u5927\u91cf\u7684\uff0c\u4e30\u5bcc\u7684\uff1b\u5bbd\u5b8f\u5927\u91cf\u7684", "pronounce": "[\u02c8d\u0292en\u0259r\u0259s]", "sentence_en": "She is generous to a fault.", "sentence_zh": "\u5979\u8fc7\u5206\u6177\u6168\u3002"}, {"word": "genius", "definition": "n. \u5929\u8d4b\uff0c\u5929\u8d44\uff1b\u5929\u624d\uff0c\u667a\u5546\u5f88\u9ad8\u7684\u4eba\uff1b\uff08\u64c5\u957f\u505a\u67d0\u4e8b\u7684\uff09\u9ad8\u624b\uff1b\u7cbe\u534e\uff0c\u7cbe\u9ad3\uff1b\u5bf9\u67d0\u4eba\u6709\u5f88\u5927\u597d\uff08\u6216\u574f\uff09\u5f71\u54cd\u7684\u4eba\uff1b\uff08\u795e\u8bdd\u4e2d\u67d0\u4e2a\u4eba\u3001\u5730\u65b9\u6216\u673a\u6784\u7684\uff09\u5b88\u62a4\u795e\uff1b\uff08\u6c11\u65cf\u6216\u65f6\u4ee3\u7684\uff09\u666e\u904d\u7279\u5f81", "pronounce": "[\u02c8d\u0292i\u02d0ni\u0259s]", "sentence_en": "She was extolled as a genius.", "sentence_zh": "\u5979\u88ab\u8a89\u4e3a\u5929\u624d\u3002"}, {"word": "gentle", "definition": "adj. \u6587\u9759\u7684\uff0c\u6e29\u67d4\u7684\uff1b\uff08\u52a8\u4f5c\uff09\u8f7b\u67d4\u7684\uff0c\u5f90\u7f13\u7684\uff1b\uff08\u5761\u5ea6\uff09\u5e73\u7f13\u7684\uff0c\u4e0d\u9661\u7684\uff1b\u5fae\u70ed\u7684\uff1b<\u53e4>\u51fa\u8eab\u9ad8\u8d35\u7684\uff0c\u54c1\u683c\u9ad8\u5c1a\u7684", "pronounce": "[\u02c8d\u0292ent(\u0259)l]", "sentence_en": "He was a very gentle boy at heart.", "sentence_zh": "\u4ed6\u5b9e\u9645\u4e0a\u662f\u4e00\u4e2a\u975e\u5e38\u6e29\u548c\u7684\u7537\u5b69\u3002"}, {"word": "gentleman", "definition": "n. \uff08\u79f0\u547c\u6216\u6307\u7537\u5b50\uff0c\u5c24\u5176\u662f\u4e0d\u8ba4\u8bc6\u7684\uff09\u5148\u751f\uff1b\u5f6c\u5f6c\u6709\u793c\u7684\u4eba\uff0c\u6709\u6559\u517b\u7684\u4eba\uff1b<\u65e7>\u6709\u8eab\u4efd\u7684\u4eba\uff0c\u5bcc\u7ec5\uff1b\uff08\u53e4\u65f6\u7528\u8bed\uff09\u51fa\u8eab\u9ad8\u8d35\u7684\u7537\u5b50\uff1b<\u7f8e\uff0c\u975e\u6b63\u5f0f>\uff08\u5bf9\u7acb\u6cd5\u673a\u6784\u7537\u6027\u8bae\u5458\u7684\u79f0\u547c\uff09\u5148\u751f\uff0c\u9601\u4e0b", "pronounce": "[\u02c8d\u0292entlm\u0259n]", "sentence_en": "He behaved like a true gentleman.", "sentence_zh": "\u4ed6\u7684\u884c\u4e3a\u50cf\u4e2a\u771f\u6b63\u7684\u7ec5\u58eb\u3002"}, {"word": "gently", "definition": "adv. \u6587\u9759\u5730\uff0c\u6e29\u67d4\u5730\uff1b\u8f7b\u67d4\u5730\uff1b\u6e10\u8fdb\u5730\uff0c\u5e73\u7f13\u5730\uff1b<\u82f1\uff0c\u975e\u6b63\u5f0f>\u6ce8\u610f\u70b9\uff0c\u6162\u70b9", "pronounce": "[\u02c8d\u0292entli]", "sentence_en": "She pulled gently on the reins.", "sentence_zh": "\u5979\u8f7b\u8f7b\u5730\u62c9\u7740\u7f30\u7ef3\u3002"}, {"word": "genuine", "definition": "adj. \u771f\u6b63\u7684\uff0c\u975e\u4f2a\u9020\u7684\uff1b\u771f\u8bda\u7684\uff0c\u771f\u5fc3\u7684", "pronounce": "[\u02c8d\u0292enju\u026an]", "sentence_en": "Only genuine refugees can apply for asylum.", "sentence_zh": "\u53ea\u6709\u771f\u6b63\u7684\u96be\u6c11\u624d\u80fd\u7533\u8bf7\u653f\u6cbb\u907f\u96be\u3002"}, {"word": "geography", "definition": "n. \u5730\u7406\uff0c\u5730\u7406\u5b66\uff1b\u5730\u5f62\uff0c\u5730\u8c8c\uff1b\u5730\u7406\u73af\u5883", "pronounce": "[d\u0292i\u02c8\u0252\u0261r\u0259fi]", "sentence_en": "I'm revising Geography today.", "sentence_zh": "\u6211\u4eca\u5929\u590d\u4e60\u5730\u7406\u3002"}, {"word": "geometry", "definition": "n. \u51e0\u4f55\uff0c\u51e0\u4f55\u5b66\uff1b\u51e0\u4f55\u5f62\u72b6\uff0c\u51e0\u4f55\u6784\u9020\uff1b\u51e0\u4f55\u4f53\u7cfb", "pronounce": "[d\u0292i\u02c8\u0252m\u0259tri]", "sentence_en": "The doctor doesn't know how to teach me geometry.", "sentence_zh": "\u8fd9\u4e2a\u6559\u6388\u4e0d\u77e5\u9053\u5982\u4f55\u6559\u6211\u51e0\u4f55\u5b66\u3002"}, {"word": "germ", "definition": "n. \u75c5\u83cc\uff0c\u7ec6\u83cc\uff1b\u8d77\u6e90\uff0c\u840c\u82bd\uff1b\u6781\u5c11\u91cf\uff1b\u80da\u82bd\uff0c\u80da\u80ce", "pronounce": "[d\u0292\u025c\u02d0m]", "sentence_en": "This was the germ of a book.", "sentence_zh": "\u8fd9\u662f\u4e00\u672c\u4e66\u7684\u521b\u4f5c\u840c\u82bd\u3002"}, {"word": "gloomy", "definition": "adj. \u9634\u6697\u7684\uff0c\u5e7d\u6697\u7684\uff1b\u6cae\u4e27\u7684\uff0c\u60b2\u4f24\u7684\uff1b\u524d\u666f\u9eef\u6de1\u7684\uff0c\u60b2\u89c2\u7684", "pronounce": "[\u02c8\u0261lu\u02d0mi]", "sentence_en": "They found him in a gloomy, downbeat mood.", "sentence_zh": "\u4ed6\u4eec\u53d1\u73b0\u4ed6\u5fc3\u60c5\u6cae\u4e27\u800c\u6d88\u6c89\u3002"}, {"word": "glorious", "definition": "adj. \u5149\u8363\u7684\uff0c\u503c\u5f97\u79f0\u9053\u7684\uff1b\u8f89\u714c\u7684\uff0c\u7eda\u4e3d\u7684\uff1b\u6781\u5176\u6109\u5feb\u7684\uff1b\uff08\u5929\u6c14\uff09\u9633\u5149\u707f\u70c2\u7684", "pronounce": "[\u02c8\u0261l\u0254\u02d0ri\u0259s]", "sentence_en": "Harrison had a glorious career spanning more than six decades.", "sentence_zh": "\u54c8\u91cc\u68ee\u6709\u8fc7\u4e00\u6bb5\u957f\u8fbe\u516d\u5341\u4f59\u5e74\u7684\u8f89\u714c\u7684\u804c\u4e1a\u751f\u6daf\u3002"}, {"word": "goodness", "definition": "n. \u5584\u826f\uff0c\u7f8e\u5fb7\uff1b\uff08\u5c24\u6307\u98df\u7269\u4e2d\u7684\uff09\u8425\u517b\uff0c\u7cbe\u534e", "pronounce": "[\u02c8\u0261\u028adn\u0259s]", "sentence_en": "Goodness, I wonder if he knows.", "sentence_zh": "\u5929\u54ea\uff0c\u6211\u4e0d\u6e05\u695a\u4ed6\u77e5\u4e0d\u77e5\u9053\u3002"}, {"word": "goods", "definition": "n. \u5546\u54c1\uff1b\u52a8\u4ea7\uff0c\u79c1\u4eba\u8d22\u4ea7\uff1b<\u82f1>\uff08\u516c\u8def\u3001\u94c1\u8def\u7b49\u8fd0\u8f93\u7684\uff09\u8d27\u7269\uff1b<\u7f8e\uff0c\u975e\u6b63\u5f0f>\u672c\u9886\uff1b<\u7f8e\uff0c\u975e\u6b63\u5f0f>\u6b63\u8981\u5bfb\u627e\u7684\u4eba\uff08\u6216\u7269\uff09", "pronounce": "[\u0261\u028adz]", "sentence_en": "Prices are marked on the goods.", "sentence_zh": "\u4ef7\u683c\u6807\u5728\u5546\u54c1\u4e0a\u3002"}, {"word": "govern", "definition": "v. \u7edf\u6cbb\uff0c\u7ba1\u7406\uff1b\u63a7\u5236\uff0c\u5f71\u54cd\uff1b\uff08\u8bed\u6cd5\uff09\u652f\u914d\uff1b\u53ef\u7528\u6765\u88c1\u5b9a\uff08\u67d0\u6848\u4f8b\uff09", "pronounce": "[\u02c8\u0261\u028cv(\u0259)n]", "sentence_en": "They were utterly unfit to govern.", "sentence_zh": "\u4ed6\u4eec\u5b8c\u5168\u4e0d\u80dc\u4efb\u7ba1\u7406\u3002"}, {"word": "government", "definition": "n. \u653f\u5e9c\uff0c\u5185\u9601\uff1b\u653f\u4f53\uff0c\u56fd\u5bb6\u4f53\u5236\uff1b\uff08\u56fd\u5bb6\u7b49\u7684\uff09\u6cbb\u7406\uff0c\u7ba1\u7406\uff1b\u653f\u5e9c\u638c\u63a7\u7ecf\u6d4e\u548c\u793e\u4f1a\u6d3b\u52a8\u7684\u7a0b\u5ea6\uff1b\uff08\u8bed\u6cd5\uff09\u652f\u914d\u5173\u7cfb", "pronounce": "[\u02c8\u0261\u028cv\u0259nm\u0259nt]", "sentence_en": "The government took swift action.", "sentence_zh": "\u653f\u5e9c\u7acb\u5373\u91c7\u53d6\u4e86\u884c\u52a8\u3002"}, {"word": "governor", "definition": "n. \u5dde\u957f\uff0c\u7701\u957f\uff0c\u603b\u7763\uff1b\u7406\u4e8b\uff0c\u8463\u4e8b\uff1b<\u82f1>\u4e3b\u7ba1\uff0c\u673a\u6784\u8d1f\u8d23\u4eba\uff1b<\u82f1\uff0c\u975e\u6b63\u5f0f>\u8001\u677f\uff1b\u8c03\u901f\u5668\uff0c\u8c03\u8282\u5668", "pronounce": "[\u02c8\u0261\u028cv\u0259n\u0259(r)]", "sentence_en": "He was governor of Iowa in the late 1970s.", "sentence_zh": "\u4ed6\u662f20\u4e16\u7eaa70\u5e74\u4ee3\u672b\u7231\u8377\u534e\u5dde\u7684\u5dde\u957f\u3002"}, {"word": "grace", "definition": "n. \u4f18\u7f8e\uff0c\u4f18\u96c5\uff1b\u6587\u96c5\uff0c\u9ad8\u96c5\uff1b\u98ce\u5ea6\uff0c\u4f53\u9762\uff1b\u6069\u5ba0\uff0c\u6069\u5178\uff1b\u996d\u524d\u611f\u6069\u7977\u544a\uff1b\u5bbd\u9650\u671f\uff0c\u5ef6\u7f13\u671f\uff1b\u5927\u4eba\uff08\u7528\u4e8e\u5bf9\u516c\u7235\u3001\u516c\u7235\u592b\u4eba\u6216\u5927\u4e3b\u6559\u7684\u5c0a\u79f0\uff09", "pronounce": "[\u0261re\u026as]", "sentence_en": "She dances with balletic grace.", "sentence_zh": "\u5979\u7684\u821e\u59ff\u6709\u82ad\u857e\u822c\u7684\u4f18\u96c5\u3002"}, {"word": "graceful", "definition": "adj. \u4f18\u7f8e\u7684\uff0c\u4f18\u96c5\u7684\uff1b\u5f97\u4f53\u7684\uff0c\u6709\u98ce\u5ea6\u7684", "pronounce": "[\u02c8\u0261re\u026asf(\u0259)l]", "sentence_en": "His walk was lithe and graceful.", "sentence_zh": "\u4ed6\u7684\u6b65\u6001\u67d4\u97e7\u800c\u4f18\u96c5\u3002"}, {"word": "gracious", "definition": "adj. \u6709\u793c\u8c8c\u7684\uff0c\u548c\u853c\u7684\uff1b\u8c6a\u534e\u8212\u9002\u7684\uff0c\u5bcc\u8db3\u5b89\u9038\u7684\uff1b\uff08\u4e0a\u5e1d\uff09\u6148\u60b2\u7684\uff1b\u5c0a\u8d35\u7684\uff0c\u4ec1\u6148\u7684\uff08\u7528\u4e8e\u5bf9\u738b\u5ba4\u6210\u5458\u7684\u79f0\u547c\uff09", "pronounce": "[\u02c8\u0261re\u026a\u0283\u0259s]", "sentence_en": "She is a lovely and gracious woman.", "sentence_zh": "\u5979\u662f\u4e2a\u53ef\u7231\u800c\u548c\u853c\u7684\u5973\u4eba\u3002"}, {"word": "grade", "definition": "n. \u7b49\u7ea7\uff0c\u54c1\u7ea7\uff1b\uff08\u5de5\u4f5c\u5c97\u4f4d\uff0c\u5b98\u8854\u7b49\u7684\uff09\u7ea7\u522b\uff0c\u804c\u522b\uff1b\u6210\u7ee9\uff0c\u5206\u6570\uff1b\uff08\u7f8e\u56fd\u5b66\u5236\uff09\u5e74\u7ea7\uff1b\u659c\u5761\uff0c\u5761\u5ea6\uff1b\uff08\u75be\u75c5\u7684\uff09\u7a0b\u5ea6\uff0c\u9636\u6bb5\uff1b\u4e0e\u7eaf\u79cd\u6742\u4ea4\u6539\u826f\u7684\u725b", "pronounce": "[\u0261re\u026ad]", "sentence_en": "Sam is in (the) second grade.", "sentence_zh": "\u8428\u59c6\u8bfb\u4e8c\u5e74\u7ea7\u3002"}, {"word": "grain", "definition": "\u540d\u8bcd n. \u8c37\u7269\uff0c\u8c37\u7c92\uff1b\u9897\u7c92\uff0c\u7ec6\u7c92\uff1b\u5c11\u91cf\uff1b\u7eb9\u7406\uff1b\uff08\u8868\u9762\u7684\uff09\u8d28\u5730\uff0c\u89e6\u611f\uff1b\u683c\u4ee4\uff08\u65e7\u7684\u91cd\u91cf\u5355\u4f4d\uff0c\u4e00\u683c\u4ee4\u76f8\u5f53\u4e8e0.065\u514b\uff09\uff1b\uff08\u7167\u7247\u3001\u5e95\u7247\u7684\uff09\u663e\u5f71\u9897\u7c92\uff1b\uff08\u7528\u4e8e\u706b\u7bad\u53d1\u52a8\u673a\u7684\uff09\u56fa\u4f53\u63a8\u8fdb\u5242\uff1b\uff08\u76ae\u9769\u6216\u5176\u4ed6\u7c7b\u4f3c\u4eba\u5de5\u6750\u6599\u7684\uff09\u7c97\u7cd9\u9762\uff0c\u76b1\u9762\uff1b\uff08\u77f3\u5934\u548c\u7164\u7b49\u539f\u6599\u7684\uff09\u89e3\u7406\u9762\uff0c\u5288\u7406\u9762\uff1b<\u53e4>\uff08\u4eba\u7684\uff09\u6027\u683c\uff0c\u5929\u6027\uff1b<\u53f2>\u80ed\u8102\u866b\uff0c\u80ed\u8102\u866b\u7ea2\uff1b \u8c37\u7269\uff0c\u8c37\u7c92", "pronounce": "[\u0261re\u026an]", "sentence_en": "Surplus grain is being sold for export.", "sentence_zh": "\u8fc7\u5269\u7684\u8c37\u7269\u6b63\u9500\u5f80\u56fd\u5916\u3002"}, {"word": "grateful", "definition": "adj. \u611f\u8c22\u7684\uff0c\u611f\u6fc0\u7684\uff1b\uff08\u5c24\u7528\u4e8e\u4e66\u4fe1\u6216\u6b63\u5f0f\u573a\u5408\u63d0\u51fa\u8bf7\u6c42\uff09\u611f\u6fc0\u4e0d\u5c3d\uff0c\u8bf7\uff1b<\u53e4>\u4ee4\u4eba\u83b7\u5f97\u5feb\u610f\u7684\uff0c\u53d7\u6b22\u8fce\u7684", "pronounce": "[\u02c8\u0261re\u026atf(\u0259)l]", "sentence_en": "Kate gave him a grateful smile.", "sentence_zh": "\u51ef\u7279\u611f\u6fc0\u5730\u5bf9\u4ed6\u7b11\u4e86\u7b11\u3002"}, {"word": "gratitude", "definition": "n. \u611f\u6fc0\u4e4b\u60c5\uff0c\u611f\u8c22", "pronounce": "[\u02c8\u0261r\u00e6t\u026atju\u02d0d]", "sentence_en": "He smiled at them with gratitude.", "sentence_zh": "\u4ed6\u5411\u4ed6\u4eec\u7b11\u4e86\u7b11\u8868\u793a\u8c22\u610f\u3002"}, {"word": "greenhouse", "definition": "n. \u6e29\u5ba4\uff0c\u6696\u623f", "pronounce": "[\u02c8\u0261ri\u02d0nha\u028as]", "sentence_en": "It sets targets for reduction of greenhouse-gas emissions.", "sentence_zh": "\u5b83\u4e3a\u51cf\u5c11\u6e29\u5ba4\u6c14\u4f53\u6392\u653e\u8bbe\u7acb\u4e86\u76ee\u6807\u3002"}, {"word": "guard", "definition": "n. \u536b\u5175\uff0c\u8b66\u536b\uff1b\u770b\u5b88\uff0c\u4fdd\u536b\uff0c\u8b66\u6212\uff1b\u5217\u8f66\u957f\uff1b\u4fdd\u62a4\u88c5\u7f6e\uff1b\uff08\u82f1\u56fd\u7684\uff09\u7981\u536b\u519b\uff1b\uff08\u7bee\u7403\uff09\u540e\u536b\uff1b\uff08\u62f3\u51fb\u8fd0\u52a8\u5458\u7684\uff09\u9632\u5fa1\u59ff\u52bf", "pronounce": "[\u0261\u0251\u02d0d]", "sentence_en": "A guard zapped him with the stun gun.", "sentence_zh": "\u4e00\u540d\u8b66\u536b\u7528\u7729\u6655\u67aa\u51fb\u4e2d\u4e86\u4ed6\u3002"}, {"word": "guidance", "definition": "n. \u6307\u5bfc\uff0c\u6307\u5f15\uff1b\uff08\u706b\u7bad\u7b49\u7684\uff09\u5236\u5bfc", "pronounce": "[\u02c8\u0261a\u026ad(\u0259)ns]", "sentence_en": "Adam sought guidance from the Almighty.", "sentence_zh": "\u4e9a\u5f53\u5411\u4e0a\u5e1d\u5bfb\u6c42\u6307\u5bfc\u3002"}, {"word": "guide", "definition": "v. \u5e26\u9886\uff0c\u5f15\u5bfc\uff08\u67d0\u4eba\u81f3\u67d0\u5730\uff09\uff1b\u4efb\u5411\u5bfc\uff1b\u6307\u5bfc\uff0c\u5f71\u54cd\uff1b\u89e3\u91ca\uff0c\u9610\u660e", "pronounce": "[\u0261a\u026ad]", "sentence_en": "The guide flashed a light into the cave.", "sentence_zh": "\u5bfc\u6e38\u7528\u624b\u7535\u7b52\u7167\u5c04\u6d1e\u7a74\u3002"}, {"word": "guilty", "definition": "adj. \u5185\u759a\u7684\uff0c\u7f9e\u6127\u7684\uff1b\u6709\u7f6a\u7684\uff0c\u6709\u8fc7\u5931\u7684", "pronounce": "[\u02c8\u0261\u026alti]", "sentence_en": "He was adjudged to be guilty.", "sentence_zh": "\u4ed6\u88ab\u5224\u4e3a\u6709\u7f6a\u3002"}, {"word": "handle", "definition": "v. \u62ff\uff1b\u5904\u7406\uff0c\u5e94\u4ed8\uff1b\u64cd\u7eb5\uff1b\u89e6\uff08\u7403\uff09\uff1b\u7ecf\u8425\uff0c\u7ba1\u7406", "pronounce": "[\u02c8h\u00e6nd(\u0259)l]", "sentence_en": "I pumped the handle like crazy.", "sentence_zh": "\u6211\u62fc\u547d\u5730\u6765\u56de\u6447\u52a8\u624b\u67c4\u3002"}, {"word": "handwriting", "definition": "n. \u624b\u5199\uff0c\u4e66\u5199\uff1b\u7b14\u8ff9\uff0c\u4e66\u6cd5\uff1b\u624b\u7a3f", "pronounce": "[\u02c8h\u00e6ndra\u026at\u026a\u014b]", "sentence_en": "Can anyone decipher his handwriting?", "sentence_zh": "\u6709\u8c01\u80fd\u8fa8\u8ba4\u4ed6\u7684\u5b57\u8ff9\uff1f"}, {"word": "harden", "definition": "v. \uff08\u4f7f\uff09\u53d8\u786c\uff0c\u575a\u56fa\uff1b\uff08\u4f7f\uff09\u66f4\u575a\u5b9a\uff0c\u66f4\u5f3a\u786c\uff1b\u4f7f\u53d8\u5f97\u51b7\u9177\u65e0\u60c5\uff0c\u4f7f\u9ebb\u6728\u4e0d\u4ec1\uff1b\uff08\u4f7f\u58f0\u97f3\uff0c\u9762\u5b54\u7b49\uff09\u66f4\u4e25\u8083\uff0c\u66f4\u4e25\u5389\uff1b\u53d8\u660e\u786e\uff1b\uff08\u4ef7\u683c\u3001\u7ecf\u6d4e\uff09\u53d8\u5f97\u66f4\u7a33\u5b9a\uff1b\uff08\u80a1\u7968\u3001\u5546\u54c1\u4ef7\u683c\u7b49\uff09\u5347\u6c34\uff08\u4e0a\u6da8\u5e76\u4fdd\u6301\u9ad8\u4ef7\u4f4d\uff09", "pronounce": "[\u02c8h\u0251\u02d0d(\u0259)n]", "sentence_en": "Their action can only serve to harden the attitude of landowners.", "sentence_zh": "\u4ed6\u4eec\u7684\u4e3e\u52a8\u53ea\u4f1a\u4f7f\u571f\u5730\u6240\u6709\u8005\u4eec\u7684\u6001\u5ea6\u53d8\u5f97\u5f3a\u786c\u3002"}, {"word": "hardship", "definition": "n. \u56f0\u82e6\uff0c\u8270\u96be", "pronounce": "[\u02c8h\u0251\u02d0d\u0283\u026ap]", "sentence_en": "They were condemned to a life of hardship.", "sentence_zh": "\u4ed6\u4eec\u4e0d\u5f97\u4e0d\u8fc7\u7740\u8270\u96be\u7684\u751f\u6d3b\u3002"}, {"word": "hardware", "definition": "n. \uff08\u8ba1\u7b97\u673a\uff09\u786c\u4ef6\uff1b\u4e94\u91d1\u5236\u54c1\uff1b\u88c5\u5907\uff0c\u8bbe\u5907", "pronounce": "[\u02c8h\u0251\u02d0dwe\u0259(r)]", "sentence_en": "The components are readily available in hardware stores.", "sentence_zh": "\u8fd9\u4e9b\u96f6\u4ef6\u5728\u4e94\u91d1\u5546\u5e97\u5bb9\u6613\u4e70\u5230\u3002"}, {"word": "harmony", "definition": "n. \u548c\u58f0\uff0c\u548c\u5f26\uff1b\u878d\u6d3d\uff0c\u548c\u7766\uff1b\u548c\u8c10\uff0c\u534f\u8c03\uff1b\uff08\u5185\u5fc3\u7684\uff09\u5e73\u9759\uff1b\u56db\u798f\u97f3\u4e66\u7684\u5bf9\u7167\u7edf\u4e00\u6587\u672c\uff0c\uff08\u5185\u5bb9\u76f8\u4f3c\u6587\u672c\u7684\uff09\u7edf\u4e00\u5bf9\u7167\u672c", "pronounce": "[\u02c8h\u0251\u02d0m\u0259ni]", "sentence_en": "The book contrasts modern civilization with the ideal of the noble savage who lived in harmony with nature.", "sentence_zh": "\u8fd9\u672c\u4e66\u5c06\u73b0\u4ee3\u6587\u660e\u540c\u4e0e\u81ea\u7136\u754c\u548c\u8c10\u76f8\u5904\u7684\u9ad8\u5c1a\u91ce\u86ee\u4eba\u7684\u7406\u60f3\u8fdb\u884c\u4e86\u5bf9\u6bd4\u3002"}, {"word": "hatred", "definition": "n. \u4ec7\u6068\uff0c\u618e\u6068\uff0c\u654c\u610f", "pronounce": "[\u02c8he\u026atr\u026ad]", "sentence_en": "The room was charged with hatred.", "sentence_zh": "\u8fd9\u4e2a\u623f\u95f4\u91cc\u5145\u6ee1\u4e86\u654c\u610f\u3002"}, {"word": "heal", "definition": "v. \u75ca\u6108\uff0c\u5eb7\u590d\uff1b\uff08\u611f\u60c5\u521b\u4f24\uff09\u6108\u5408\uff0c\uff08\u60c5\u611f\uff09\u6062\u590d\u5e38\u6001\uff1b\uff08\u4f7f\uff09\uff08\u88c2\u75d5\u3001\u521b\u4f24\uff09\u5f25\u5408\uff0c\uff08\u4f7f\uff09\u548c\u597d\uff1b\u6b62\u606f\uff08\u4e89\u6597\uff09\uff0c\u8c03\u505c\uff1b\u4fee\u590d\uff08\u5bf9\u571f\u5730\u7684\u7834\u574f\uff09\uff1b\u51cf\u8f7b\uff08\u75db\u82e6\uff09", "pronounce": "[hi\u02d0l]", "sentence_en": "As they heal, the bones will fuse together.", "sentence_zh": "\u9aa8\u5934\u6108\u5408\u65f6\u5c06\u4f1a\u8fde\u63a5\u5728\u4e00\u8d77\u3002"}, {"word": "health", "definition": "n. \u8eab\u4f53\u72b6\u51b5\uff1b\u5065\u5eb7\uff1b\u533b\u7597\uff0c\u536b\u751f\uff1b\uff08\u7ec4\u7ec7\u6216\u7cfb\u7edf\u7684\uff09\u8fd0\u884c\u72b6\u51b5\uff0c\u8fd0\u4f5c\u72b6\u51b5\uff1b\u53d1\u8fbe\uff0c\u5174\u65fa", "pronounce": "[hel\u03b8]", "sentence_en": "Her health degenerated quickly.", "sentence_zh": "\u5979\u7684\u5065\u5eb7\u72b6\u51b5\u8fc5\u901f\u6076\u5316\u3002"}, {"word": "healthy", "definition": "adj. \u5065\u5eb7\u7684\uff0c\u5065\u58ee\u7684\uff1b\u6709\u76ca\u8eab\u5fc3\u7684\uff1b\u660e\u667a\u7684\uff0c\u5408\u7406\u7684\uff1b\u8fd0\u4f5c\u826f\u597d\u7684\uff0c\u5174\u65fa\u53d1\u8fbe\u7684\uff1b\u5927\u91cf\u7684\uff0c\u53ef\u89c2\u7684", "pronounce": "[\u02c8hel\u03b8i]", "sentence_en": "He has a healthy appetite.", "sentence_zh": "\u4ed6\u6709\u5065\u5eb7\u7684\u80c3\u53e3\u3002"}, {"word": "heir", "definition": "n. \u7ee7\u627f\u4eba\uff0c\u5b50\u55e3\uff1b\u63a5\u73ed\u4eba", "pronounce": "[e\u0259(r)]", "sentence_en": "Her duty was to produce an heir to the throne.", "sentence_zh": "\u5979\u7684\u4efb\u52a1\u5c31\u662f\u751f\u80b2\u738b\u4f4d\u7ee7\u627f\u4eba\u3002"}, {"word": "hesitate", "definition": "v. \u72b9\u8c6b\uff0c\u4e0d\u613f\u610f", "pronounce": "[\u02c8hez\u026ate\u026at]", "sentence_en": "He's the kind of filmmaker who doesn't hesitate to over-sentimentalize.", "sentence_zh": "\u4ed6\u662f\u90a3\u79cd\u717d\u8d77\u60c5\u6765\u4ece\u4e0d\u8fdf\u7591\u7684\u7535\u5f71\u5236\u4f5c\u4eba\u3002"}, {"word": "hire", "definition": "v. <\u82f1>\u79df\u7528\uff0c\u79df\u501f\uff1b\u8058\u7528\uff0c\u5f55\u7528", "pronounce": "[\u02c8ha\u026a\u0259(r)]", "sentence_en": "Do you hire out bikes?", "sentence_zh": "\u4f60\u4eec\u51fa\u79df\u81ea\u884c\u8f66\u5417\uff1f"}, {"word": "hijack", "definition": "v. \u62a2\u52ab\uff0c\u52ab\u6301\uff1b\u5f3a\u884c\u63a7\u5236\uff0c\u64cd\u7eb5", "pronounce": "[\u02c8ha\u026ad\u0292\u00e6k]", "sentence_en": "Every minute during the hijack seemed like a week.", "sentence_zh": "\u52ab\u6301\u8fc7\u7a0b\u4e2d\uff0c\u6bcf\u4e00\u5206\u949f\u90fd\u50cf\u4e00\u4e2a\u661f\u671f\u4f3c\u7684\u3002"}, {"word": "historical", "definition": "adj. \uff08\u6709\u5173\uff09\u5386\u53f2\u7684\uff1b\u5386\u53f2\u5b66\u7684\uff1b\uff08\u4e66\u7c4d\u3001\u7535\u5f71\u6216\u56fe\u7247\uff09\u63cf\u8ff0\u5386\u53f2\u7684\uff0c\u57fa\u4e8e\u53f2\u5b9e\u7684\uff1b\u6309\u5386\u53f2\u987a\u5e8f\u6392\u5217\u7684", "pronounce": "[h\u026a\u02c8st\u0252r\u026ak(\u0259)l]", "sentence_en": "Was Robin Hood a historical figure?", "sentence_zh": "\u7f57\u5bbe\u6c49\u662f\u5386\u53f2\u4eba\u7269\u5417\uff1f"}, {"word": "hopeless", "definition": "adj. \u65e0\u671b\u7684\uff1b\uff08\u611f\u5230\uff09\u7edd\u671b\u7684\uff1b\u6781\u5dee\u7684\uff0c\u7cdf\u7cd5\u900f\u9876\u7684\uff1b\u5f7b\u5934\u5f7b\u5c3e\u7684\uff1b\u65e0\u80fd\u7684", "pronounce": "[\u02c8h\u0259\u028apl\u0259s]", "sentence_en": "She felt lonely and hopeless.", "sentence_zh": "\u5979\u611f\u5230\u5b64\u72ec\u7edd\u671b\u3002"}, {"word": "hostile", "definition": "adj. \u654c\u5bf9\u7684\uff0c\u6000\u654c\u610f\u7684\uff1b\u5f3a\u70c8\u53cd\u5bf9\u7684\uff1b\u654c\u4eba\u7684\uff0c\u654c\u65b9\u7684\uff1b\u8270\u82e6\u7684\uff0c\u4e0d\u5229\u7684\uff1b\u4e0d\u53d7\uff08\u88ab\u8d2d\u516c\u53f8\uff09\u6b22\u8fce\u7684", "pronounce": "[\u02c8h\u0252sta\u026al]", "sentence_en": "It depends what you mean by 'hostile'.", "sentence_zh": "\u90a3\u5f97\u770b\u4f60\u6240\u8bf4\u7684hostile\u7684\u542b\u4e49\u3002"}, {"word": "household", "definition": "n. \u5bb6\u5ead\uff0c\u4e00\u5bb6\u4eba\uff1b\u5bb6\u52a1\uff1b\u738b\u5ba4\uff08the Household\uff09", "pronounce": "[\u02c8ha\u028ash\u0259\u028ald]", "sentence_en": "She became a household name in the 1960s.", "sentence_zh": "\u5979\u572820\u4e16\u7eaa60\u5e74\u4ee3\u6210\u4e3a\u5bb6\u55bb\u6237\u6653\u7684\u4eba\u7269\u3002"}, {"word": "humble", "definition": "adj. \u8c26\u865a\u7684\uff0c\u8c26\u5351\u7684\uff1b\uff08\u7ea7\u522b\u6216\u5730\u4f4d\uff09\u4f4e\u4e0b\u7684\uff0c\u5351\u5fae\u7684\uff1b\u7b80\u964b\u7684\uff0c\u6ca1\u6709\u7279\u522b\u4e4b\u5904\u7684", "pronounce": "[\u02c8h\u028cmb(\u0259)l]", "sentence_en": "He always makes much of his humble origins.", "sentence_zh": "\u4ed6\u603b\u662f\u975e\u5e38\u5728\u610f\u4ed6\u5351\u5fae\u7684\u51fa\u8eab\u3002"}, {"word": "humorous", "definition": "adj. \u5e7d\u9ed8\u7684\uff0c\u8bd9\u8c10\u7684", "pronounce": "[\u02c8hju\u02d0m\u0259r\u0259s]", "sentence_en": "He was quite humorous, and I liked that about him.", "sentence_zh": "\u4ed6\u5f88\u5e7d\u9ed8\uff0c\u6211\u559c\u6b22\u4ed6\u8fd9\u4e00\u70b9\u3002"}, {"word": "humour", "definition": "n. \u5e7d\u9ed8\uff0c\u5e7d\u9ed8\u611f\uff1b\u611f\u89c9\uff0c\u5fc3\u60c5\uff1b\u4f53\u6db2\uff1b<\u65e7> \u53e4\u602a\u5ff5\u5934\uff0c\u60f3\u5165\u975e\u975e", "pronounce": "[\u02c8hju\u02d0m\u0259(r)]", "sentence_en": "He had a puckish sense of humour.", "sentence_zh": "\u4ed6\u6709\u79cd\u7231\u641e\u602a\u7684\u5e7d\u9ed8\u611f\u3002"}, {"word": "hunt", "definition": "v. \u6253\u730e\uff0c\u730e\u53d6\uff1b\u641c\u5bfb\uff0c\u641c\u7d22\uff1b\u8ffd\u8e2a\uff0c\u8ffd\u6355\uff1b\uff08\u9a91\u9a6c\u7528\u730e\u72ac\uff09\u730e\uff08\u72d0\uff09\uff1b\u6446\u52a8\uff0c\u632f\u8361", "pronounce": "[h\u028cnt]", "sentence_en": "There will be a hunt on Boxing Day.", "sentence_zh": "\u8282\u793c\u65e5\u5c06\u6709\u730e\u72d0\u6d3b\u52a8\u3002"}, {"word": "ice-cream", "definition": "adj. \u51b0\u6dc7\u6dcb\u7684\uff1b\u4e73\u767d\u8272\u7684", "pronounce": "[\u02c8a\u026as kri\u02d0m]", "sentence_en": "He had an ice-cream soda.", "sentence_zh": "\u4ed6\u559d\u4e86\u4e00\u676f\u51b0\u6fc0\u51cc\u679c\u5473\u6c7d\u6c34\u3002"}, {"word": "ideal", "definition": "adj. \u7406\u60f3\u7684\uff0c\u6700\u4f73\u7684\uff1b\u60f3\u8c61\u7684\uff0c\u4e0d\u5207\u5b9e\u9645\u7684", "pronounce": "[a\u026a\u02c8di\u02d0\u0259l]", "sentence_en": "He has found his ideal mate.", "sentence_zh": "\u4ed6\u5df2\u7ecf\u627e\u5230\u4e86\u7406\u60f3\u7684\u914d\u5076\u3002"}, {"word": "ignorant", "definition": "adj. \u65e0\u77e5\u7684\uff0c\uff08\u5bf9\u67d0\u4e8b\u7269\uff09\u4e0d\u4e86\u89e3\u7684\uff1b<\u975e\u6b63\u5f0f>\u65e0\u793c\u7684\uff0c\u7c97\u9c81\u7684\uff1b\u66b4\u8e81\u7684\uff0c\u6613\u6012\u7684", "pronounce": "[\u02c8\u026a\u0261n\u0259r\u0259nt]", "sentence_en": "He's ignorant about modern technology.", "sentence_zh": "\u4ed6\u5bf9\u73b0\u4ee3\u79d1\u6280\u4e00\u65e0\u6240\u77e5\u3002"}, {"word": "ignore", "definition": "v. \u4f6f\u88c5\u672a\u89c1\uff0c\u4e0d\u7406\u776c\uff1b\u5ffd\u89c6\uff0c\u5bf9\u2026\u2026\u4e0d\u4e88\u7406\u4f1a\uff1b<\u6cd5\u5f8b>\uff08\u56e0\u8bc1\u636e\u4e0d\u8db3\uff09\u9a73\u56de\uff08\u8bc9\u8bbc\uff09", "pronounce": "[\u026a\u0261\u02c8n\u0254\u02d0(r)]", "sentence_en": "It would be a mistake to ignore his opinion.", "sentence_zh": "\u5ffd\u7565\u4ed6\u7684\u610f\u89c1\u662f\u4e0d\u5bf9\u7684\u3002"}, {"word": "illegal", "definition": "adj. \u975e\u6cd5\u7684\uff0c\u8fdd\u6cd5\u7684\uff1b\u8fdd\u89c4\u7684", "pronounce": "[\u026a\u02c8li\u02d0\u0261(\u0259)l]", "sentence_en": "The deal may be ruled illegal.", "sentence_zh": "\u8fd9\u7b14\u4ea4\u6613\u53ef\u80fd\u4f1a\u88ab\u5224\u5b9a\u4e3a\u975e\u6cd5\u3002"}, {"word": "illness", "definition": "n. \u75be\u75c5\uff1b\uff08\u67d0\u79cd\uff09\u75c5\uff0c\u60a3\u75c5\u671f", "pronounce": "[\u02c8\u026aln\u0259s]", "sentence_en": "The illness is usually terminal.", "sentence_zh": "\u8fd9\u79cd\u75c5\u901a\u5e38\u4e3a\u4e0d\u6cbb\u4e4b\u75c7\u3002"}, {"word": "image", "definition": "n. \u5f62\u8c61\uff0c\u5370\u8c61\uff1b\u5f71\u50cf\uff0c\u6620\u50cf\uff0c\u56fe\u50cf\uff1b\u6bd4\u55bb\uff0c\u610f\u8c61\uff1b\u753b\u50cf\uff0c\u5851\u50cf\uff0c\u96d5\u50cf\uff1b\u9177\u4f3c\u53e6\u4e00\u4e2a\u4eba\u7684\u4eba\uff1b\uff08\u4eba\u6216\u4e8b\u7269\uff09\u5916\u5f62\uff0c\u5916\u8868\uff1b\u50cf\u70b9\uff1b\u786c\u76d8\u5907\u4efd\uff1b\uff08\u5723\u7ecf\uff09\u5076\u50cf", "pronounce": "[\u02c8\u026am\u026ad\u0292]", "sentence_en": "Soccer needs to clean up its image.", "sentence_zh": "\u8db3\u7403\u754c\u7684\u5f62\u8c61\u9700\u8981\u6539\u5584\u3002"}, {"word": "imaginary", "definition": "adj. \u60f3\u8c61\u7684\uff0c\u865a\u6784\u7684\uff1b\u865a\u6570\u7684", "pronounce": "[\u026a\u02c8m\u00e6d\u0292\u026an\u0259ri]", "sentence_en": "Lots of children have imaginary friends.", "sentence_zh": "\u8bb8\u591a\u5b69\u5b50\u90fd\u6709\u5047\u60f3\u7684\u670b\u53cb\u3002"}, {"word": "imagination", "definition": "n. \u60f3\u50cf\u529b\uff0c\u60f3\u50cf\uff1b\u5e7b\u89c9\uff0c\u7a7a\u60f3\uff0c\u5e7b\u60f3\u7269\uff1b\u5174\u8da3\uff1b\u521b\u9020\u529b\uff0c\u521b\u4f5c\u529b", "pronounce": "[\u026a\u02ccm\u00e6d\u0292\u026a\u02c8ne\u026a\u0283(\u0259)n]", "sentence_en": "His writing lacks imagination.", "sentence_zh": "\u4ed6\u7684\u4f5c\u54c1\u7f3a\u4e4f\u60f3\u8c61\u3002"}, {"word": "imagine", "definition": "v. \u60f3\u50cf\uff0c\u8bbe\u60f3\uff1b\u6599\u60f3\uff0c\u8ba4\u4e3a\uff1b\u8bef\u4ee5\u4e3a\uff0c\u80e1\u4e71\u731c\u60f3", "pronounce": "[\u026a\u02c8m\u00e6d\u0292\u026an]", "sentence_en": "I can just imagine his reaction.", "sentence_zh": "\u6211\u5b8c\u5168\u53ef\u4ee5\u60f3\u8c61\u51fa\u4ed6\u7684\u53cd\u5e94\u3002"}, {"word": "immigrant", "definition": "n. \uff08\u5916\u6765\uff09\u79fb\u6c11\uff0c\u4fa8\u6c11", "pronounce": "[\u02c8\u026am\u026a\u0261r\u0259nt]", "sentence_en": "Immigrant workers were classed as aliens.", "sentence_zh": "\u79fb\u6c11\u6765\u7684\u5de5\u4eba\u88ab\u5f52\u5165\u4fa8\u6c11\u7c7b\u3002"}]