[{"word": "offspring", "definition": "n. \u5b50\u5b59\uff0c\u540e\u4ee3", "pronounce": "[\u0254:fspri\u014b]", "sentence_en": "The offspring contain a mixture of the genetic blueprint of each parent.", "sentence_zh": "\u540e\u4ee3\u4f53\u5185\u542b\u6709\u7236\u6bcd\u4eb2\u57fa\u56e0\u56fe\u8c31\u7684\u6df7\u5408\u3002\n"}, {"word": "scare", "definition": "v. \u53d7\u60ca\u5413;n. \u60ca\u5413", "pronounce": "[sk\u025b\u0259]", "sentence_en": "He doesn't scare easily.", "sentence_zh": "\u4ed6\u4e0d\u8f7b\u6613\u5bb3\u6015\u3002\n"}, {"word": "capsule", "definition": "vt. \u88c5\u5165\u80f6\u56ca\uff0c\u7b80\u7f29;adj. \u7cbe\u7b80\u7684", "pronounce": "[k\u00e6psju:l]", "sentence_en": "You are asked to swallow a capsule containing vitamin B.", "sentence_zh": "\u4f60\u88ab\u8981\u6c42\u541e\u4e0b\u4e00\u9897\u542b\u7ef4\u751f\u7d20B\u7684\u80f6\u56ca\u3002\n"}, {"word": "adhere", "definition": "vi. \u575a\u5b88\u4e8e\uff0c\u5bf9...\u5fe0\u8d1e; vt. \u4f7f\u9644\u7740", "pronounce": "[\u0259d'hi\u0259]", "sentence_en": "One must be duly self-disciplined to adhere to it.", "sentence_zh": "\u4eba\u8981\u9002\u5f53\u81ea\u5f8b\u624d\u80fd\u575a\u6301\u5b83\u3002\n"}, {"word": "revive", "definition": "vt. \u4f7f\u91cd\u751f\uff0c\u6062\u590d\u7cbe\u795e", "pronounce": "[ri'vaiv]", "sentence_en": "The paramedics couldn't revive her.", "sentence_zh": "\u62a4\u7406\u4eba\u5458\u65e0\u6cd5\u4f7f\u5979\u82cf\u9192\u3002\n"}, {"word": "enrich", "definition": "vt. \u4f7f\u5bcc\u8db3\uff0c\u4f7f\u80a5\u6c83", "pronounce": "[in'rit\u0283]", "sentence_en": "Literature can enrich your spiritual life.", "sentence_zh": "\u6587\u5b66\u53ef\u4ee5\u4e30\u5bcc\u4f60\u7684\u7cbe\u795e\u751f\u6d3b\u3002\n"}, {"word": "abnormal", "definition": "adj. \u53cd\u5e38\u7684;n. \u4e0d\u6b63\u5e38\u7684\u4eba", "pronounce": "[\u00e6b'n\u0254:m\u0259l]", "sentence_en": "They thought his behaviour was abnormal.", "sentence_zh": "\u4ed6\u4eec\u8ba4\u4e3a\u4ed6\u884c\u4e3a\u53cd\u5e38\u3002\n"}, {"word": "shiver", "definition": "vt. \u98a4\u52a8;n. \u51b7\u98a4", "pronounce": "[\u0283iv\u0259]", "sentence_en": "A violent shiver convulsed him.", "sentence_zh": "\u5267\u70c8\u7684\u98a4\u6296\u4f7f\u4ed6\u62bd\u6410\u4e0d\u5df2\u3002\n"}, {"word": "differentiate", "definition": "vt. \u8bc6\u522b\uff0c\u4f7f\u5dee\u5f02;vi. \u533a\u522b", "pronounce": "[.dif\u0259'ren\u0283i.eit]", "sentence_en": "I can't differentiate one variety from another.", "sentence_zh": "\u6211\u65e0\u6cd5\u5c06\u8fd9\u51e0\u4e2a\u54c1\u79cd\u533a\u522b\u5f00\u6765\u3002\n"}, {"word": "monopoly", "definition": "n. \u5784\u65ad\uff0c\u4e13\u5229\uff0c\u72ec\u5360\uff0c\u63a7\u5236", "pronounce": "[m\u0259'n\u0254p\u0259li]", "sentence_en": "Had he succeeded, he would have acquired a monopoly.", "sentence_zh": "\u5982\u679c\u4ed6\u90a3\u65f6\u6210\u529f\u4e86\uff0c\u4ed6\u5c31\u4f1a\u83b7\u5f97\u5784\u65ad\u5730\u4f4d\u3002\n"}, {"word": "lessen", "definition": "v. \u51cf\u5c11\uff0c\u53d8\u5c0f\uff0c\u51cf\u8f7b", "pronounce": "[lesn]", "sentence_en": "Toolbelts free both hands and lessen the risk of dropping hammers.", "sentence_zh": "\u5de5\u5177\u5e26\u89e3\u653e\u4e86\u53cc\u624b\uff0c\u5e76\u51cf\u5c11\u4e86\u9524\u5b50\u6389\u843d\u7684\u5371\u9669\u3002\n"}, {"word": "alternate", "definition": "adj. \u4ea4\u66ff\u7684\uff0c\u8f6e\u6d41\u7684;v. \u4ea4\u66ff", "pronounce": "['\u0254:lt\u0259:neit]", "sentence_en": "Dark stripes alternate with pale ones.", "sentence_zh": "\u6df1\u6d45\u6761\u7eb9\u76f8\u95f4\u3002\n"}, {"word": "vent", "definition": "v. \u53d1\u6cc4\uff0c\u8868\u8fbe;n. \u6392\u6c14\u53e3\uff0c\u8868\u8fbe", "pronounce": "[vent]", "sentence_en": "She gave vent to her anger and jealousy.", "sentence_zh": "\u5979\u53d1\u6cc4\u4e86\u81ea\u5df1\u7684\u6012\u610f\u548c\u5ac9\u5992\u3002\n"}, {"word": "identical", "definition": "adj. \u76f8\u540c\u7684\uff0c\u540c\u4e00\u7684", "pronounce": "[ai'dentik\u0259l]", "sentence_en": "The two pictures are similar, although not identical.", "sentence_zh": "\u8fd9\u4e24\u5e45\u753b\u5f88\u76f8\u4f3c\uff0c\u867d\u7136\u4e0d\u5b8c\u5168\u76f8\u540c\u3002\n"}, {"word": "qualification", "definition": "n. \u8d44\u683c\uff0c\u6761\u4ef6", "pronounce": "[kw\u0254lifi'kei\u0283\u0259n]", "sentence_en": "The plan was approved without qualification.", "sentence_zh": "\u8fd9\u9879\u8ba1\u5212\u83b7\u5f97\u65e0\u6761\u4ef6\u6279\u51c6\u3002\n"}, {"word": "radioactive", "definition": "adj. \u653e\u5c04\u6027\u7684", "pronounce": "[reidi\u0259u'\u00e6ktiv]", "sentence_en": "Radioactive water had seeped into underground reservoirs.", "sentence_zh": "\u653e\u5c04\u6027\u6c34\u5df2\u6e17\u5165\u4e86\u5730\u4e0b\u84c4\u6c34\u6c60\u3002\n"}, {"word": "plausible", "definition": "adj. \u4f3c\u771f\u5b9e\u5408\u7406\u7684\uff0c\u4f3c\u53ef\u4fe1\u7684", "pronounce": "[pl\u0254:z\u0259bl]", "sentence_en": "She was a plausible liar.", "sentence_zh": "\u5979\u662f\u4e2a\u5de7\u8a00\u4ee4\u8272\u7684\u8bf4\u8c0e\u9ad8\u624b\u3002\n"}, {"word": "bounce", "definition": "n. \u8df3\uff0c\u53cd\u8dc3;vt. \u5f39\u8df3", "pronounce": "[bauns]", "sentence_en": "There's not much bounce left in these balls.", "sentence_zh": "\u8fd9\u4e9b\u7403\u5df2\u6ca1\u6709\u591a\u5c11\u5f39\u6027\u4e86\u3002\n"}, {"word": "resort", "definition": "n. (\u5ea6\u5047)\u80dc\u5730\uff0c\u624b\u6bb5;vi. \u8bc9\u8bf8\uff0c\u5e38\u53bb", "pronounce": "[ri'z\u0254:t]", "sentence_en": "The resort is geared towards children.", "sentence_zh": "\u8fd9\u4e2a\u65c5\u6e38\u80dc\u5730\u9002\u5408\u513f\u7ae5\u73a9\u800d\u3002\n"}, {"word": "perspective", "definition": "n. \u8fdc\u666f\uff0c\u770b\u6cd5;adj. \u900f\u89c6\u7684", "pronounce": "[p\u0259'spektiv]", "sentence_en": "In his art he broke the laws of scientific linear perspective.", "sentence_zh": "\u4ed6\u5728\u81ea\u5df1\u7684\u7ed8\u753b\u827a\u672f\u4e2d\u6253\u7834\u4e86\u79d1\u5b66\u7684\u76f4\u7ebf\u900f\u89c6\u6cd5\u89c4\u5f8b\u3002\n"}, {"word": "encounter", "definition": "n. \u610f\u5916\u7684\u76f8\u89c1;v. \u9047\u5230\uff0c\u5076\u7136\u78b0\u5230", "pronounce": "[in'kaunt\u0259]", "sentence_en": "Did you encounter anyone in the building?", "sentence_zh": "\u4f60\u5728\u90a3\u680b\u5927\u697c\u91cc\u5076\u7136\u9047\u5230\u4ec0\u4e48\u4eba\u4e86\u5417\uff1f\n"}, {"word": "litter", "definition": "n. \u5783\u573e\uff0c\u6742\u4e71;v. \u4e71\u4e22\u5783\u573e\uff0c\u5f04\u4e71", "pronounce": "[lit\u0259]", "sentence_en": "Animals reject the runt of the litter.", "sentence_zh": "\u52a8\u7269\u4eec\u6392\u65a5\u4e00\u7a9d\u4e2d\u6700\u5f31\u5c0f\u7684\u5e7c\u4ed4\u3002\n"}, {"word": "accelerate", "definition": "vt. \u52a0\u901f\uff0c\u63d0\u524d;vi. \u52a0\u901f", "pronounce": "[\u00e6k'sel\u0259reit]", "sentence_en": "Inflation continues to accelerate.", "sentence_zh": "\u901a\u8d27\u81a8\u80c0\u4e0d\u65ad\u52a0\u901f\u3002\n"}, {"word": "dilute", "definition": "vt. \u51b2\u6de1\uff0c\u7a00\u91ca;adj. \u51b2\u6de1\u7684\uff0c\u7a00\u91ca\u7684", "pronounce": "[dai'lju:t]", "sentence_en": "There was a clear intention to dilute black voting power.", "sentence_zh": "\u524a\u5f31\u9ed1\u4eba\u9009\u4e3e\u6743\u7684\u610f\u56fe\u662f\u663e\u800c\u6613\u89c1\u7684\u3002\n"}, {"word": "terror", "definition": "n. \u6050\u6016\uff0c\u60ca\u9a87\uff0c\u4ee4\u4eba\u60e7\u6015\u6216\u8ba8\u538c\u7684\u4eba\u6216\u4e8b\u7269", "pronounce": "[ter\u0259]", "sentence_en": "Her eyes were wild with terror.", "sentence_zh": "\u5979\u7684\u773c\u775b\u91cc\u5145\u6ee1\u4e86\u6050\u60e7\u3002\n"}, {"word": "adjacent", "definition": "adj. \u6bd7\u8fde\u7684\uff0c\u90bb\u8fd1\u7684", "pronounce": "[\u0259'd\u0292eisnt]", "sentence_en": "The planes landed on adjacent runways.", "sentence_zh": "\u8fd9\u4e9b\u98de\u673a\u5728\u6bd7\u8fde\u7684\u8dd1\u9053\u4e0a\u964d\u843d\u3002\n"}, {"word": "reinforce", "definition": "vt. \u52a0\u5f3a;vi. \u5f97\u5230\u52a0\u5f3a", "pronounce": "[ri:in'f\u0254:s]", "sentence_en": "I hope this will reinforce Indonesian determination to deal with this kind of threat.", "sentence_zh": "\u6211\u5e0c\u671b\u8fd9\u4f1a\u52a0\u5f3a\u5370\u5ea6\u5c3c\u897f\u4e9a\u5bf9\u4ed8\u8fd9\u7c7b\u5a01\u80c1\u7684\u51b3\u5fc3\u3002\n"}, {"word": "transfer", "definition": "n. \u8fc1\u79fb\uff0c\u79fb\u52a8;v. \u8c03\u8f6c\uff0c\u8c03\u4efb", "pronounce": "[tr\u00e6ns'f\u0259:]", "sentence_en": "The novel does not transfer well to the movies.", "sentence_zh": "\u8fd9\u90e8\u5c0f\u8bf4\u4e0d\u592a\u9002\u5b9c\u6539\u7f16\u6210\u7535\u5f71\u3002\n"}, {"word": "anxiety", "definition": "n. \u7126\u8651\uff0c\u62c5\u5fc3\uff0c\u6e34\u671b", "pronounce": "[\u00e6\u014b'zai\u0259ti]", "sentence_en": "Her voice was full of anxiety.", "sentence_zh": "\u5979\u7684\u58f0\u97f3\u9971\u542b\u7126\u8651\u3002\n"}, {"word": "advantage", "definition": "n. \u4f18\u52bf\uff0c\u6709\u5229\u6761\u4ef6;vt. \u6709\u5229\u4e8e", "pronounce": "[\u0259d'v\u0251:ntid\u0292]", "sentence_en": "His height gives him a clear advantage.", "sentence_zh": "\u4ed6\u7684\u8eab\u9ad8\u4f7f\u4ed6\u5177\u6709\u660e\u663e\u7684\u4f18\u52bf\u3002\n"}, {"word": "consumption", "definition": "n. \u6d88\u8d39\uff0c\u6d88\u8017\uff0c\u6d88\u8d39\u91cf", "pronounce": "[k\u0259n's\u028cmp\u0283\u0259n]", "sentence_en": "Energy consumption rises as countries industrialize.", "sentence_zh": "\u80fd\u6e90\u6d88\u8017\u968f\u7740\u5404\u56fd\u5de5\u4e1a\u5316\u800c\u589e\u52a0\u3002\n"}, {"word": "heighten", "definition": "v. \u589e\u52a0", "pronounce": "[haitn]", "sentence_en": "I think what screen dance will do, though, is heighten awareness of dance in general.", "sentence_zh": "\u6211\u8ba4\u4e3a\u8367\u5c4f\u821e\u8e48\u4f1a\u5728\u603b\u4f53\u4e0a\u63d0\u9ad8\u4eba\u4eec\u5bf9\u821e\u8e48\u7684\u8ba4\u77e5\u3002\n"}, {"word": "precise", "definition": "adj. \u7cbe\u786e\u7684\uff0c\u51c6\u786e\u7684\uff0c\u4e25\u683c\u7684", "pronounce": "[pri'sais]", "sentence_en": "She gave me clear and precise directions.", "sentence_zh": "\u5979\u7ed9\u4e86\u6211\u6e05\u6670\u800c\u51c6\u786e\u7684\u6307\u793a\u3002\n"}, {"word": "calculate", "definition": "v. \u8ba1\u7b97\uff0c\u4f30\u8ba1\uff0c\u6838\u7b97", "pronounce": "[k\u00e6lkjuleit]", "sentence_en": "This formula is used to calculate the area of a circle.", "sentence_zh": "\u8fd9\u4e2a\u516c\u5f0f\u7528\u4e8e\u8ba1\u7b97\u5706\u7684\u9762\u79ef\u3002\n"}, {"word": "thesis", "definition": "n. \u6bd5\u4e1a\u8bba\u6587\uff0c\u8bba\u9898", "pronounce": "[\u03b8i:sis]", "sentence_en": "This thesis does not stand up to close inspection.", "sentence_zh": "\u8fd9\u4e2a\u8bba\u70b9\u7ecf\u4e0d\u8d77\u4ed4\u7ec6\u63a8\u6572\u3002\n"}, {"word": "insulate", "definition": "v. \u4f7f...\u7edd\u7f18\uff0c\u9694\u79bb", "pronounce": "['insjuleit]", "sentence_en": "Huxley speculated that a coat of hair would insulate against loss of body heat and might streamline the body to reduce drag in flight.", "sentence_zh": "\u8d6b\u80e5\u9ece\u63a8\u6d4b\uff0c\u4e00\u5c42\u6bdb\u53d1\u53ef\u4ee5\u9694\u79bb\u8eab\u4f53\u70ed\u91cf\u7684\u6d41\u5931\uff0c\u5e76\u53ef\u80fd\u4f7f\u8eab\u4f53\u5448\u73b0\u6d41\u7ebf\u578b\uff0c\u4ee5\u51cf\u5c11\u98de\u884c\u4e2d\u7684\u963b\u529b\u3002\n"}, {"word": "mature", "definition": "adj. \u6210\u719f\u7684;v. \u6210\u719f", "pronounce": "[m\u0259'tju\u0259]", "sentence_en": "Jane is very mature for her age.", "sentence_zh": "\u7b80\u5e74\u9f84\u4e0d\u5927\uff0c\u5374\u5f88\u6210\u719f\u3002\n"}, {"word": "drawback", "definition": "n. \u5f0a\uff0c\u7f3a\u70b9\uff0c\u4e0d\u5229\u6761\u4ef6", "pronounce": "['dr\u0254:.b\u00e6k]", "sentence_en": "The main drawback to it is the cost.", "sentence_zh": "\u5b83\u7684\u4e3b\u8981\u7f3a\u70b9\u662f\u6210\u672c\u9ad8\u3002\n"}, {"word": "occasional", "definition": "adj. \u5076\u7136\u7684\uff0c\u4e0d\u65f6\u7684", "pronounce": "[\u0259'kei\u0292\u0259n\u0259l]", "sentence_en": "I enjoy the occasional glass of wine.", "sentence_zh": "\u6211\u559c\u6b22\u5076\u5c14\u559d\u4e00\u676f\u8461\u8404\u9152\u3002\n"}, {"word": "virtual", "definition": "adj. \u865a\u62df\u7684", "pronounce": "[v\u0259:tju\u0259l]", "sentence_en": "The company has a virtual monopoly in this area of trade.", "sentence_zh": "\u8fd9\u5bb6\u516c\u53f8\u5b9e\u8d28\u4e0a\u5df2\u7ecf\u5784\u65ad\u4e86\u8fd9\u79cd\u8d38\u6613\u3002\n"}, {"word": "doom", "definition": "n. \u547d\u8fd0;vt. \u6ce8\u5b9a", "pronounce": "[du:m]", "sentence_en": "Does this spell the doom of the physical book?", "sentence_zh": "\u8fd9\u662f\u5426\u610f\u5473\u7740\u5b9e\u4f53\u4e66\u7684\u672b\u65e5\uff1f\n"}, {"word": "bankrupt", "definition": "adj. \u7834\u4ea7\u7684\uff0c\u8d2b\u7a77\u7684;n. \u7834\u4ea7\u8005", "pronounce": "[b\u00e6\u014bkr\u028cpt]", "sentence_en": "They went bankrupt in 1993.", "sentence_zh": "\u4ed6\u4eec\u4e8e1993\u5e74\u7834\u4ea7\u3002\n"}, {"word": "adapt", "definition": "vt. \u4f7f\u9002\u5e94;vi. \u9002\u5e94", "pronounce": "[\u0259'd\u00e6pt]", "sentence_en": "It's amazing how soon you adapt.", "sentence_zh": "\u4f60\u8fd9\u4e48\u5feb\u5c31\u9002\u5e94\u4e86\uff0c\u771f\u662f\u4ee4\u4eba\u60ca\u5947\u3002\n"}, {"word": "choke", "definition": "vi. \u7a92\u606f;n. \u963b\u585e", "pronounce": "[t\u0283\u0259uk]", "sentence_en": "Very small toys can choke a baby.", "sentence_zh": "\u5f88\u5c0f\u7684\u73a9\u5177\u53ef\u4f7f\u5a74\u513f\u7a92\u606f\u3002\n"}, {"word": "integral", "definition": "adj. \u6784\u6210\u6574\u4f53\u6240\u5fc5\u9700\u7684\uff0c\u5b8c\u6574\u7684", "pronounce": "['intigr\u0259l]", "sentence_en": "As an integral part of learning, it brings about positive changes, making people develop and grow.", "sentence_zh": "\u4f5c\u4e3a\u5b66\u4e60\u7684\u4e00\u4e2a\u7ec4\u6210\u90e8\u5206\uff0c\u5b83\u5e26\u6765\u4e86\u79ef\u6781\u7684\u53d8\u5316\uff0c\u4f7f\u4eba\u53d1\u5c55\u548c\u6210\u957f\u3002\n"}, {"word": "innovation", "definition": "n. \u521b\u65b0\uff0c\u9769\u65b0", "pronounce": "[in\u0259u'vei\u0283\u0259n]", "sentence_en": "His greatest innovation was the use of interchangeable parts.", "sentence_zh": "\u4ed6\u6700\u4f1f\u5927\u7684\u521b\u65b0\u662f\u4f7f\u7528\u4e86\u53ef\u4e92\u6362\u90e8\u4ef6\u3002\n"}, {"word": "uphold", "definition": "v. \u652f\u6491\uff0c\u8d5e\u6210", "pronounce": "[\u028cp'h\u0259uld]", "sentence_en": "We have a duty to uphold the law.", "sentence_zh": "\u7ef4\u62a4\u6cd5\u5f8b\u662f\u6211\u4eec\u7684\u8d23\u4efb\u3002\n"}, {"word": "outbreak", "definition": "n. \u7206\u53d1", "pronounce": "['autbreik]", "sentence_en": "The area was struck by an outbreak of cholera.", "sentence_zh": "\u90a3\u4e00\u5730\u533a\u7206\u53d1\u4e86\u970d\u4e71\u3002\n"}, {"word": "transit", "definition": "n. \u7ecf\u8fc7\uff0c\u8fd0\u8f93;vt.\u7a7f\u8d8a", "pronounce": "[tr\u00e6nsit]", "sentence_en": "The contents of the package may have settled in transit.", "sentence_zh": "\u5305\u88f9\u91cc\u7684\u4e1c\u897f\u53ef\u80fd\u5728\u8fd0\u8f93\u9014\u4e2d\u6447\u5bc6\u5b9e\u4e86\u3002\n"}, {"word": "combination", "definition": "n. \u7ed3\u5408\uff0c\u8054\u5408", "pronounce": "[k\u0254mbi'nei\u0283\u0259n]", "sentence_en": "His treatment was a combination of surgery, radiation and drugs.", "sentence_zh": "\u5bf9\u4ed6\u7684\u6cbb\u7597\u662f\u628a\u624b\u672f\u3001\u653e\u5c04\u548c\u836f\u7269\u6cbb\u7597\u7ed3\u5408\u4e3a\u4e00\u4f53\u3002\n"}, {"word": "subsidy", "definition": "n. \u8865\u52a9\u91d1\uff0c\u6d25\u8d34", "pronounce": "[s\u028cbsidi]", "sentence_en": "European farmers are planning a massive demonstration against farm subsidy cuts.", "sentence_zh": "\u6b27\u6d32\u7684\u519c\u573a\u4e3b\u4eec\u6b63\u5728\u7b56\u5212\u4e00\u573a\u53cd\u5bf9\u524a\u51cf\u519c\u573a\u8865\u8d34\u7684\u5927\u6e38\u884c\u3002\n"}, {"word": "compromise", "definition": "n. \u59a5\u534f\uff0c\u6298\u8877;vt. \u59a5\u534f\u5904\u7406", "pronounce": "[k\u0254mpr\u0259maiz]", "sentence_en": "I refuse to compromise my principles.", "sentence_zh": "\u6211\u62d2\u7edd\u5728\u539f\u5219\u95ee\u9898\u4e0a\u59a5\u534f\u3002\n"}, {"word": "occupy", "definition": "vt. \u5360\u9886\uff0c\u5360\u7528\uff0c\u5360\u636e", "pronounce": "['\u0254kjupai]", "sentence_en": "How much memory does the program occupy?", "sentence_zh": "\u8fd9\u4e2a\u7a0b\u5e8f\u5360\u7528\u591a\u5c11\u5185\u5b58\uff1f\n"}, {"word": "rupture", "definition": "n. \u7834\u88c2\uff0c\u65ad\u88c2;v. \u4f7f\u7834\u88c2", "pronounce": "['r\u028cpt\u0283\u0259]", "sentence_en": "I nearly gave myself a rupture lifting that pile of books.", "sentence_zh": "\u63d0\u90a3\u4e00\u5927\u5806\u4e66\u5dee\u70b9\u513f\u8ba9\u6211\u5f97\u4e86\u759d\u6c14\u3002\n"}, {"word": "skeptical", "definition": "adj. \u6000\u7591\u7684", "pronounce": "['skeptik\u0259l]", "sentence_en": "If you're still skeptical about exercising, we can only ask you to trust us and give it a try.", "sentence_zh": "\u5982\u679c\u4f60\u4ecd\u5bf9\u953b\u70bc\u6301\u6000\u7591\u6001\u5ea6\uff0c\u6211\u4eec\u53ea\u80fd\u8bf7\u4f60\u76f8\u4fe1\u6211\u4eec\uff0c\u8bd5\u4e00\u8bd5\u3002\n"}, {"word": "lean", "definition": "v. \u503e\u659c\uff0c\u501a\uff0c\u5c48\u8eab", "pronounce": "[li:n]", "sentence_en": "He was tall, lean and handsome.", "sentence_zh": "\u4ed6\u957f\u5f97\u7626\u9ad8\u800c\u82f1\u4fca\u3002\n"}, {"word": "casual", "definition": "adj. \u5076\u7136\u7684\uff0c\u968f\u4fbf\u7684\uff0c\u975e\u6b63\u5f0f", "pronounce": "['k\u00e6\u0292ju\u0259l]", "sentence_en": "The boy was cheeky and casual.", "sentence_zh": "\u8fd9\u4e2a\u7537\u5b69\u563b\u76ae\u7b11\u8138\u3001\u968f\u968f\u4fbf\u4fbf\u3002\n"}, {"word": "approach", "definition": "n. \u63a5\u8fd1; \u9014\u5f84;v. \u9760\u8fd1\uff0c\u63a5\u8fd1", "pronounce": "[\u0259'pr\u0259ut\u0283]", "sentence_en": "There's a certain novelty value in this approach.", "sentence_zh": "\u8fd9\u79cd\u65b9\u6cd5\u6709\u4e00\u5b9a\u7684\u65b0\u610f\u3002\n"}, {"word": "memorial", "definition": "adj. \u7eaa\u5ff5\u7684;n. \u7eaa\u5ff5\u7891(\u5802),", "pronounce": "[mi'm\u0254:ri\u0259l]", "sentence_en": "The town raised a memorial to those killed in the war.", "sentence_zh": "\u8fd9\u5ea7\u5c0f\u9547\u4e3a\u6218\u4e89\u4e2d\u727a\u7272\u7684\u4eba\u6811\u7acb\u4e86\u4e00\u5ea7\u7eaa\u5ff5\u7891\u3002\n"}, {"word": "challenge", "definition": "n. \u6311\u6218;v. \u5411..\u6311\u6218", "pronounce": "['t\u0283\u00e6lind\u0292]", "sentence_en": "Bill was stimulated by the challenge.", "sentence_zh": "\u6bd4\u5c14\u53d7\u5230\u8be5\u6311\u6218\u7684\u6fc0\u52b1\u3002\n"}, {"word": "economical", "definition": "adj. \u8282\u4fed\u7684\uff0c\u7ecf\u6d4e\u7684", "pronounce": "[i:k\u0259'n\u0254mik\u0259l]", "sentence_en": "Fans of electric cars say they are clean, quiet, and economical.", "sentence_zh": "\u7535\u52a8\u8f66\u7231\u597d\u8005\u8bf4\u7535\u52a8\u8f66\u65e0\u6c61\u67d3\uff0c\u65e0\u566a\u97f3\uff0c\u800c\u4e14\u7ecf\u6d4e\u3002\n"}, {"word": "afflict", "definition": "vt. \u4f7f\u82e6\u607c\uff0c\u6298\u78e8", "pronounce": "[\u0259'flikt]", "sentence_en": "There are two main problems which afflict people with hearing impairments.", "sentence_zh": "\u6709\u4e24\u5927\u95ee\u9898\u56f0\u6270\u6709\u542c\u89c9\u969c\u788d\u7684\u4eba\u3002\n"}, {"word": "haunt", "definition": "n. \u5e38\u5230\u7684\u5730\u65b9;vi. \u5f98\u5f8a", "pronounce": "[h\u0254:nt]", "sentence_en": "That decision came back to haunt him.", "sentence_zh": "\u90a3\u4e2a\u51b3\u5b9a\u5bf9\u4ed6\u9020\u6210\u65e0\u6cd5\u6446\u8131\u7684\u56f0\u6270\u3002\n"}, {"word": "drain", "definition": "n. \u4e0b\u6c34\u9053;v. \u8017\u5c3d\uff0c\u6392\u51fa", "pronounce": "[drein]", "sentence_en": "The main drain was blocked.", "sentence_zh": "\u4e3b\u4e0b\u6c34\u9053\u88ab\u5835\u4f4f\u4e86\u3002\n"}, {"word": "ignorant", "definition": "adj. \u4e0d\u77e5\u9053\u7684\uff0c\u65e0\u77e5\u7684", "pronounce": "['ign\u0259r\u0259nt]", "sentence_en": "He's ignorant about modern technology.", "sentence_zh": "\u4ed6\u5bf9\u73b0\u4ee3\u79d1\u6280\u4e00\u65e0\u6240\u77e5\u3002\n"}, {"word": "designate", "definition": "adj. \u6307\u5b9a\u7684", "pronounce": "['dezigneit]", "sentence_en": "Japan's prime minister-designate is completing his cabinet today.", "sentence_zh": "\u65e5\u672c\u5373\u5c06\u4e0a\u4efb\u7684\u9996\u76f8\u4eca\u5929\u5c06\u5b8c\u6210\u4ed6\u7684\u5185\u9601\u7ec4\u5efa\u3002\n"}, {"word": "murmur", "definition": "n. \u4f4e\u8bed;v. \u4f4e\u8bed", "pronounce": "['m\u0259:m\u0259]", "sentence_en": "The doctor said James had now developed a heart murmur.", "sentence_zh": "\u533b\u751f\u8bf4\u8a79\u59c6\u65af\u5fc3\u810f\u73b0\u5728\u51fa\u73b0\u4e86\u6742\u97f3\u3002\n"}, {"word": "exert", "definition": "vt. \u8fd0\u7528\uff0c\u65bd\u52a0", "pronounce": "[ig'z\u0259:t]", "sentence_en": "A number of neurotransmitters exert their effects by first increasing cyclic AMP concentrations in target neurons.", "sentence_zh": "\u8bb8\u591a\u795e\u7ecf\u9012\u8d28\u9996\u5148\u901a\u8fc7\u589e\u52a0\u9776\u795e\u7ecf\u5143\u4e2d\u7684\u5faa\u73af AMP \u6d53\u5ea6\u6765\u53d1\u6325\u5176\u4f5c\u7528\u3002\n"}, {"word": "fancy", "definition": "n. \u60f3\u50cf\u529b\uff0c\u5e7b\u60f3;adj. \u60f3\u50cf\u7684", "pronounce": "['f\u00e6nsi]", "sentence_en": "So you fancy yourself as the boss someday?", "sentence_zh": "\u90a3\u4e48\u4f60\u8ba4\u4e3a\u81ea\u5df1\u6709\u4e00\u5929\u4f1a\u6210\u8001\u677f\uff1f\n"}, {"word": "violate", "definition": "vt. \u8fdd\u72af\uff0c\u4eb5\u6e0e", "pronounce": "[vai\u0259leit]", "sentence_en": "Thornburgh said such demands wouldn't violate the First Amendment.", "sentence_zh": "\u6851\u4f2f\u8bf4\u8fd9\u6837\u7684\u8981\u6c42\u4e0d\u8fdd\u53cd\u7b2c\u4e00\u4fee\u6b63\u6848\u3002\n"}, {"word": "idle", "definition": "adj. \u65e0\u76ee\u7684\u7684\uff0c\u65e0\u804a\u7684;vt. \u865a\u5ea6; \u4f7f\u7a7a\u95f2", "pronounce": "['aidl]", "sentence_en": "Now the machine is lying idle.", "sentence_zh": "\u73b0\u5728\u8fd9\u53f0\u673a\u5668\u6b63\u5904\u4e8e\u95f2\u7f6e\u72b6\u6001\u3002\n"}, {"word": "donate", "definition": "vt. \u6350\u8d60", "pronounce": "['d\u0259uneit]", "sentence_en": "They should donate at the registration point.", "sentence_zh": "\u4ed6\u4eec\u5e94\u8be5\u5728\u6ce8\u518c\u767b\u8bb0\u5904\u6350\u6b3e\u3002\n"}, {"word": "mall", "definition": "n. \u6797\u836b\u5927\u9053\uff0c\u5546\u4e1a\u8857", "pronounce": "[m\u0254:l]", "sentence_en": "The local kids hang out at the mall.", "sentence_zh": "\u5f53\u5730\u7684\u5b69\u5b50\u5e38\u5728\u5546\u573a\u95f2\u8361\u3002\n"}, {"word": "overcome", "definition": "vt. \u6218\u80dc\uff0c\u514b\u670d;vi. \u83b7\u80dc\uff0c\u8d62", "pronounce": "[\u0259uv\u0259'k\u028cm]", "sentence_en": "They had to overcome formidable obstacles.", "sentence_zh": "\u4ed6\u4eec\u5f97\u514b\u670d\u91cd\u91cd\u969c\u788d\u3002\n"}, {"word": "slash", "definition": "vi. \u5927\u5e45\u5ea6\u524a\u51cf;vt. \u731b\u780d", "pronounce": "[sl\u00e6\u0283]", "sentence_en": "The mayor will have to slash the city's already bare-bones budget.", "sentence_zh": "\u5e02\u957f\u5c06\u4e0d\u5f97\u4e0d\u524a\u51cf\u8be5\u5e02\u5df2\u7ecf\u964d\u5230\u6700\u4f4e\u9650\u5ea6\u7684\u9884\u7b97\u3002\n"}, {"word": "forerunner", "definition": "n. \u5148\u9a71\uff0c\u7956\u5148\uff0c\u9884\u5146", "pronounce": "['f\u0254:.r\u028cn\u0259]", "sentence_en": "As the forerunner, \"United 93\" will take most of the heat, whether it deserves it or not.", "sentence_zh": "\u4f5c\u4e3a\u5148\u9a71\uff0c\u65e0\u8bba\u662f\u5426\u503c\u5f97\uff0c\u201c93\u53f7\u66fc\u8054\u201d\u90fd\u5c06\u627f\u53d7\u5927\u90e8\u5206\u7684\u538b\u529b\u3002\n"}, {"word": "stable", "definition": "adj. \u7a33\u5b9a\u7684;n. \u9a6c\u53a9\uff0c\u9a6c\u68da", "pronounce": "[steibl]", "sentence_en": "Mentally, she is not very stable.", "sentence_zh": "\u5979\u7684\u5fc3\u7406\u72b6\u6001\u4e0d\u5341\u5206\u7a33\u5b9a\u3002\n"}, {"word": "remedy", "definition": "n. \u836f\u7269\uff0c\u6cbb\u7597\u6cd5;vt. \u6cbb\u7597", "pronounce": "['remidi]", "sentence_en": "There is no simple remedy for unemployment.", "sentence_zh": "\u5931\u4e1a\u95ee\u9898\u6ca1\u6709\u7b80\u5355\u7684\u89e3\u51b3\u529e\u6cd5\u3002\n"}, {"word": "foresee", "definition": "v. \u9884\u89c1\uff0c\u9884\u77e5", "pronounce": "[f\u0254:'si:]", "sentence_en": "He did not foresee any problems.", "sentence_zh": "\u4ed6\u6ca1\u6709\u9884\u89c1\u5230\u4efb\u4f55\u95ee\u9898\u3002\n"}, {"word": "toxic", "definition": "adj. \u6709\u6bd2\u7684;n. \u6709\u6bd2\u7269\u8d28", "pronounce": "[t\u0254ksik]", "sentence_en": "Many pesticides are highly toxic.", "sentence_zh": "\u8bb8\u591a\u6740\u866b\u5242\u6bd2\u6027\u5f88\u5927\u3002\n"}, {"word": "furnish", "definition": "vt. \u5e03\u7f6e\uff0c\u63d0\u4f9b\uff0c\u88c5\u5907", "pronounce": "[\u2018f\u0259:ni\u0283]", "sentence_en": "They'll be able to furnish you with the rest of the details.", "sentence_zh": "\u4ed6\u4eec\u5c06\u80fd\u591f\u7ed9\u4f60\u63d0\u4f9b\u5176\u4f59\u7684\u7ec6\u8282\u3002\n"}, {"word": "esteem", "definition": "n. \u5c0a\u656c;vt. \u8ba4\u4e3a\uff0c\u5c0a\u656c", "pronounce": "[is'ti:m]", "sentence_en": "You need to build your self-esteem.", "sentence_zh": "\u4f60\u9700\u8981\u6811\u7acb\u81ea\u5c0a\u5fc3\u3002\n"}, {"word": "expose", "definition": "vt. \u63ed\u9732\uff0c\u4f7f\u66b4\u9732", "pronounce": "[ik'sp\u0259uz]", "sentence_en": "Altman strips away the pretense and mythology to expose the film industry as a business like any other.", "sentence_zh": "\u5965\u5c14\u7279\u66fc\u63ed\u7a7f\u4f2a\u88c5\u548c\u795e\u8bdd\uff0c\u628a\u7535\u5f71\u4e1a\u66b4\u9732\u6210\u50cf\u5176\u4ed6\u4efb\u4f55\u884c\u4e1a\u4e00\u6837\u3002\n"}, {"word": "cheerful", "definition": "adj. \u9ad8\u5174\u7684\uff0c\u5feb\u4e50\u7684", "pronounce": "[\u2019t\u0283i\u0259f\u0259l]", "sentence_en": "Why are you so bright and cheerful today?", "sentence_zh": "\u4f60\u4eca\u5929\u600e\u4e48\u8fd9\u4e48\u9ad8\u5174\uff1f\n"}, {"word": "furthermore", "definition": "adv. \u800c\u4e14\uff0c\u6b64\u5916", "pronounce": "['f\u0259:\u00f0\u0259'm\u0254:]", "sentence_en": "Furthermore, they claim that any such interference is completely ineffective.", "sentence_zh": "\u6b64\u5916\uff0c\u4ed6\u4eec\u58f0\u79f0\u4efb\u4f55\u6b64\u7c7b\u5e72\u6d89\u90fd\u662f\u5b8c\u5168\u65e0\u6548\u7684\u3002\n"}, {"word": "vigorous", "definition": "adj. \u7cbe\u529b\u5145\u6c9b\u7684", "pronounce": "['vig\u0259r\u0259s]", "sentence_en": "She was a very vigorous sort of person.", "sentence_zh": "\u5979\u662f\u90a3\u79cd\u7cbe\u529b\u975e\u5e38\u65fa\u76db\u7684\u4eba\u3002\n"}, {"word": "conserve", "definition": "n. \u871c\u996f\uff0c\u679c\u9171;vt. \u4fdd\u5b58", "pronounce": "[k\u0259n's\u0259:v]", "sentence_en": "People should insulate their homes to conserve energy.", "sentence_zh": "\u4eba\u4eec\u5e94\u8be5\u4f7f\u4f4f\u623f\u9694\u51b7\u4ee5\u4fdd\u5b58\u80fd\u91cf\u3002\n"}, {"word": "explicit", "definition": "adj. \u660e\u786e\u7684\uff0c\u8be6\u8ff0\u7684", "pronounce": "[iks'plisit]", "sentence_en": "He gave me very explicit directions on how to get there.", "sentence_zh": "\u4ed6\u6e05\u695a\u5730\u5411\u6211\u8bf4\u660e\u4e86\u53bb\u90a3\u513f\u7684\u8def\u7ebf\u3002\n"}, {"word": "betray", "definition": "vt. \u8bef\u5bfc\uff0c\u51fa\u5356;vi. \u8bc1\u660e...\u9519\u8bef", "pronounce": "[bi'trei]", "sentence_en": "He was offered money to betray his colleagues.", "sentence_zh": "\u6709\u4eba\u6536\u4e70\u4ed6\u51fa\u5356\u4ed6\u7684\u540c\u4e8b\u3002\n"}]