[{"word": "concept", "definition": "n. \u6982\u5ff5\uff0c\u89c2\u5ff5", "pronounce": "[\u02c8k\u0252nsept]", "sentence_en": "Ten years on, the original concept was wearing well.", "sentence_zh": "\u5341\u5e74\u8fc7\u53bb\uff0c\u6700\u521d\u7684\u89c2\u5ff5\u4f9d\u7136\u9002\u7528\u3002"}, {"word": "conclude", "definition": "v. \u65ad\u5b9a\uff0c\u63a8\u65ad\u51fa\uff1b\u7ed3\u675f\uff0c\u7ec8\u6b62\uff1b\u8fbe\u6210\uff0c\u505a\u6210\uff0c\u5b8c\u6210\uff1b<\u7f8e>\u51b3\u5b9a", "pronounce": "[k\u0259n\u02c8klu\u02d0d]", "sentence_en": "What do you conclude from that?", "sentence_zh": "\u4f60\u4ece\u8fd9\u4ef6\u4e8b\u4e2d\u5f97\u51fa\u4e86\u4ec0\u4e48\u7ed3\u8bba\uff1f"}, {"word": "conclusion", "definition": "n. \u7ed3\u8bba\uff0c\u63a8\u8bba\uff1b\u7ed3\u5c40\uff0c\u7ed3\u5c3e\uff1b\u7f14\u7ed3\uff0c\u5546\u5b9a\uff1b\uff08\u6839\u636e\u6240\u7ed9\u524d\u63d0\u5f97\u51fa\u7684\uff09\u547d\u9898", "pronounce": "[k\u0259n\u02c8klu\u02d0\u0292n]", "sentence_en": "What led you to this conclusion?", "sentence_zh": "\u4f60\u662f\u5982\u4f55\u5f97\u51fa\u8fd9\u4e2a\u7ed3\u8bba\u7684\uff1f"}, {"word": "condemn", "definition": "v. \u8c34\u8d23\uff0c\u4e25\u5389\u6307\u8d23\uff1b\u5ba3\u5224\uff0c\u5224\u51b3\uff1b\u4f7f\u9677\u5165\uff08\u4e0d\u6109\u5feb\u7684\u5883\u5730\uff09\uff1b\u5ba3\u5e03\u2026\u2026\u4e0d\u5b89\u5168\uff1b\u8bc1\u660e\uff08\u6216\u8868\u660e\uff09\u6709\u7f6a", "pronounce": "[k\u0259n\u02c8dem]", "sentence_en": "The Church has a duty to condemn violence.", "sentence_zh": "\u57fa\u7763\u6559\u4f1a\u6709\u4e49\u52a1\u8c34\u8d23\u66b4\u529b\u3002"}, {"word": "conference", "definition": "n. \uff08\u5927\u578b\u3001\u6b63\u5f0f\u7684\uff09\u4f1a\u8bae\uff0c\u7814\u8ba8\u4f1a\uff1b\uff08\u5c0f\u578b\u6b63\u5f0f\u7684\uff09\u5546\u8ba8\uff0c\u8ba8\u8bba\uff1b\u4f53\u80b2\u534f\u4f1a\uff08\u6216\u8054\u5408\u4f1a\uff09", "pronounce": "[\u02c8k\u0252nf\u0259r\u0259ns]", "sentence_en": "It was a good-humoured conference.", "sentence_zh": "\u4f1a\u8bae\u7684\u6c14\u6c1b\u5f88\u6109\u5feb\u3002"}, {"word": "confess", "definition": "v. \u4f9b\u8ba4\uff0c\u62db\u4f9b\uff1b\u627f\u8ba4\uff0c\u5766\u767d\uff1b\u5fcf\u6094\uff0c\u544a\u89e3\uff1b\u8046\u542c\u5fcf\u6094", "pronounce": "[k\u0259n\u02c8fes]", "sentence_en": "She was reluctant to confess her ignorance.", "sentence_zh": "\u5979\u4e0d\u613f\u610f\u627f\u8ba4\u81ea\u5df1\u65e0\u77e5\u3002"}, {"word": "confine", "definition": "v. \u9650\u5236\uff0c\u5c40\u9650\uff1b\u9632\u6b62\u2026\u2026\u6269\u6563\uff1b\u5173\u62bc\uff0c\u76d1\u7981\uff1b\u4f7f\u79bb\u4e0d\u5f00\uff08\u6216\u53d7\u56f0\u4e8e\u5e8a\u3001\u8f6e\u6905\u7b49\uff09", "pronounce": "[k\u0259n\u02c8fa\u026an]", "sentence_en": "He did not confine himself to the one language.", "sentence_zh": "\u4ed6\u6ca1\u628a\u81ea\u5df1\u5c40\u9650\u4e8e\u8fd9\u4e00\u95e8\u8bed\u8a00\u3002"}, {"word": "conform", "definition": "v. \u9075\u5b88\uff0c\u7b26\u5408\uff1b\u987a\u4ece\uff0c\u968f\u6f6e\u6d41\uff1b\u4e00\u81f4\uff0c\u76f8\u543b\u5408", "pronounce": "[k\u0259n\u02c8f\u0254\u02d0m]", "sentence_en": "The building does not conform with safety regulations.", "sentence_zh": "\u8fd9\u5ea7\u5efa\u7b51\u7269\u4e0d\u7b26\u5408\u5b89\u5168\u6761\u4f8b\u3002"}, {"word": "congress", "definition": "n. \u56fd\u4f1a\uff0c\u8bae\u4f1a\uff1b\u4ee3\u8868\u5927\u4f1a\uff1b\u7f8e\u56fd\u56fd\u4f1a\uff08Congress\uff09", "pronounce": "[\u02c8k\u0252\u014b\u0261res]", "sentence_en": "Congress is in gridlock.", "sentence_zh": "\u56fd\u4f1a\u56e0\u610f\u89c1\u5206\u6b67\u800c\u9677\u5165\u50f5\u5c40\u3002"}, {"word": "conquer", "definition": "v. \u5360\u9886\uff0c\u653b\u514b\uff0c\u5f81\u670d\uff1b\u51fb\u8d25\uff0c\u6218\u80dc\uff1b\u514b\u670d\uff08\u6050\u60e7\uff09\uff0c\u89e3\u51b3\uff08\u95ee\u9898\uff09\uff1b\u6210\u529f\u6500\u767b\uff1b\u5728\u2026\u2026\u5f88\u53d7\u6b22\u8fce\uff0c\u5728\u2026\u2026\u53d6\u5f97\u6210\u529f", "pronounce": "[\u02c8k\u0252\u014bk\u0259(r)]", "sentence_en": "The only way to conquer a fear is to face it.", "sentence_zh": "\u514b\u670d\u6050\u60e7\u7684\u552f\u4e00\u65b9\u6cd5\u662f\u6b63\u89c6\u6050\u60e7\u3002"}, {"word": "conquest", "definition": "n. \u5f81\u670d\uff0c\u5360\u9886\uff1b\u5360\u9886\u5730\uff0c\u5f81\u670d\u7684\u571f\u5730\uff1b\u514b\u670d\uff0c\u653b\u514b\uff1b\u7231\u60c5\u7684\u4fd8\u864f", "pronounce": "[\u02c8k\u0252\u014bkwest]", "sentence_en": "He had led the conquest of southern Poland in 1939.", "sentence_zh": "\u4ed6\u66fe\u4e8e1939\u5e74\u7edf\u9886\u5bf9\u6ce2\u5170\u5357\u90e8\u7684\u5f81\u670d\u3002"}, {"word": "consciousness", "definition": "n. \u77e5\u89c9\uff0c\u6e05\u9192\uff1b\u601d\u60f3\uff0c\u610f\u8bc6\uff1b\uff08\u7fa4\u4f53\u7684\uff09\u89c2\u5ff5\u4f53\u7cfb\uff1b\u611f\u77e5\uff0c\u5bdf\u89c9", "pronounce": "[\u02c8k\u0252n\u0283\u0259sn\u0259s]", "sentence_en": "She banged her head and lost consciousness.", "sentence_zh": "\u5979\u649e\u4e86\u5934\uff0c\u5931\u53bb\u4e86\u77e5\u89c9\u3002"}, {"word": "consent", "definition": "n. \u8bb8\u53ef\uff0c\u5141\u8bb8\uff1b\u540c\u610f\uff0c\u8d5e\u540c\uff1b\u6b63\u5f0f\u6279\u51c6\u6587\u4ef6\uff0c\u6279\u6587", "pronounce": "[k\u0259n\u02c8sent]", "sentence_en": "He was under the age of consent.", "sentence_zh": "\u4ed6\u90a3\u65f6\u8fd8\u4e0d\u5230\u540c\u610f\u5e74\u9f84\u3002"}, {"word": "conservation", "definition": "n. \u4fdd\u62a4\uff0c\u4fdd\u5b58\uff1b\u8282\u7ea6\uff0c\u9632\u6b62\u6d6a\u8d39\uff1b\u5b88\u6052\u5b9a\u5f8b", "pronounce": "[\u02cck\u0252ns\u0259\u02c8ve\u026a\u0283(\u0259)n]", "sentence_en": "This proposal will incense conservation campaigners.", "sentence_zh": "\u8fd9\u9879\u63d0\u8bae\u5c06\u6fc0\u6012\u81ea\u7136\u4fdd\u62a4\u7684\u5021\u5bfc\u8005\u3002"}, {"word": "conservative", "definition": "adj. \u4fdd\u5b88\u7684\uff1b\u4fdd\u5b88\u6d3e\u7684\uff0c\u4fdd\u5b88\u4e3b\u4e49\u7684\uff08\u8ba4\u4e3a\u653f\u5e9c\u5e94\u8be5\u5b9e\u884c\u653f\u6cbb\u4fdd\u5b88\u4e3b\u4e49\uff09\uff1b\uff08\u8863\u7740\uff09\u5b88\u65e7\u7684\uff0c\u4f20\u7edf\u7684\uff1b\u4f4e\u4f30\u7684\uff1b\u4fdd\u5b88\u515a\u7684\uff1b\u4e0d\u613f\u5192\u9669\u7684\uff0c\u8c28\u614e\u7684", "pronounce": "[k\u0259n\u02c8s\u025c\u02d0v\u0259t\u026av]", "sentence_en": "Her style of dress was never conservative.", "sentence_zh": "\u5979\u7684\u670d\u88c5\u5f0f\u6837\u4e00\u70b9\u513f\u4e5f\u4e0d\u4fdd\u5b88\u3002"}, {"word": "consider", "definition": "v. \u8003\u8651\uff0c\u659f\u914c\uff1b\u8ba4\u4e3a\uff0c\u89c6\u4e3a\uff1b\u4f53\u8d34\uff0c\u987e\u53ca\uff1b\u7ec6\u770b\uff0c\u7aef\u8be6\uff1b\u63a2\u8ba8\uff0c\u8ba8\u8bba", "pronounce": "[k\u0259n\u02c8s\u026ad\u0259(r)]", "sentence_en": "I'd like some time to consider.", "sentence_zh": "\u6211\u5e0c\u671b\u6709\u4e9b\u65f6\u95f4\u8003\u8651\u4e00\u4e0b\u3002"}, {"word": "considerable", "definition": "adj. \u76f8\u5f53\u5927\u7684\uff0c\u76f8\u5f53\u91cd\u8981\u7684\uff1b\uff08\u4eba\uff09\u663e\u8981\u7684\uff0c\u503c\u5f97\u5c0a\u656c\u7684", "pronounce": "[k\u0259n\u02c8s\u026ad\u0259r\u0259b(\u0259)l]", "sentence_en": "Damage to the building was considerable.", "sentence_zh": "\u5bf9\u8fd9\u680b\u5efa\u7b51\u7269\u7684\u635f\u574f\u76f8\u5f53\u4e25\u91cd\u3002"}, {"word": "considerate", "definition": "adj. \u4f53\u8d34\u7684\uff0c\u8003\u8651\u5468\u5230\u7684\uff1b<\u65e7>\u5c0f\u5fc3\u7684\uff0c\u8c28\u614e\u7684", "pronounce": "[k\u0259n\u02c8s\u026ad\u0259r\u0259t]", "sentence_en": "It was very considerate of him to wait.", "sentence_zh": "\u4ed6\u4e00\u76f4\u5728\u7b49\u5019\u7740\uff0c\u771f\u662f\u4f53\u8d34\u4eba\u3002"}, {"word": "consideration", "definition": "n. \u8003\u8651\uff0c\u659f\u914c\uff1b\u8003\u8651\u56e0\u7d20\uff1b\u4f53\u8d34\uff0c\u5173\u5fc3\uff1b\u62a5\u916c\uff0c\u916c\u91d1\uff1b\uff08\u5408\u540c\u534f\u8bae\u4e2d\u7684\uff09\u5bf9\u4ef7\uff0c\u7ea6\u56e0\uff1b<\u65e7>\u91cd\u8981\uff08\u6027\uff09", "pronounce": "[k\u0259n\u02ccs\u026ad\u0259\u02c8re\u026a\u0283(\u0259)n]", "sentence_en": "This consideration was not unimportant.", "sentence_zh": "\u8fd9\u9879\u8003\u8651\u5e76\u975e\u65e0\u5173\u7d27\u8981\u3002"}, {"word": "constant", "definition": "adj. \u6301\u7eed\u4e0d\u65ad\u7684\uff0c\u7ecf\u5e38\u53d1\u751f\u7684\uff1b\u6052\u5b9a\u7684\uff0c\u4e0d\u53d8\u7684\uff1b\u5fe0\u8bda\u7684\uff0c\u5fe0\u5b9e\u7684", "pronounce": "[\u02c8k\u0252nst\u0259nt]", "sentence_en": "This entrance is in constant use.", "sentence_zh": "\u6b64\u5165\u53e3\u7ecf\u5e38\u4f7f\u7528\u3002"}, {"word": "construct", "definition": "v. \u5efa\u9020\uff0c\u4fee\u5efa\uff1b\u7ec4\u6210\uff0c\u521b\u7acb\uff0c\u6784\u601d\uff1b\u7ed8\u5236\uff0c\u4f5c\u56fe", "pronounce": "[k\u0259n\u02c8str\u028ckt]", "sentence_en": "Any attempt to construct an ideal society is foredoomed to failure.", "sentence_zh": "\u4efb\u4f55\u6784\u5efa\u7406\u60f3\u793e\u4f1a\u7684\u52aa\u529b\u90fd\u6ce8\u5b9a\u8981\u5931\u8d25\u3002"}, {"word": "construction", "definition": "n. \u5efa\u9020\uff0c\u5efa\u7b51\uff1b\u521b\u7acb\uff0c\u6784\u5efa\uff1b\u6784\u9020\uff0c\u7ed3\u6784\uff1b\u5efa\u7b51\u7269\uff1b\u8bed\u6cd5\u7ed3\u6784\uff1b\u89e3\u91ca\uff0c\u7406\u89e3", "pronounce": "[k\u0259n\u02c8str\u028ck\u0283n]", "sentence_en": "The railway is still under construction.", "sentence_zh": "\u8fd9\u6761\u94c1\u8def\u4ecd\u5728\u5efa\u8bbe\u4e4b\u4e2d\u3002"}, {"word": "contemporary", "definition": "adj. \u5f53\u4ee3\u7684\uff0c\u73b0\u4ee3\u7684\uff1b\u540c\u65f6\u671f\u7684\uff0c\u540c\u65f6\u4ee3\u7684", "pronounce": "[k\u0259n\u02c8temp(\u0259)r\u0259ri]", "sentence_en": "Contemporary African cinema has much to offer.", "sentence_zh": "\u5f53\u4ee3\u975e\u6d32\u7535\u5f71\u5236\u4f5c\u827a\u672f\u6709\u5f88\u591a\u8d21\u732e\u3002"}, {"word": "contest", "definition": "n. \u6bd4\u8d5b\uff0c\u7ade\u8d5b\uff1b\u4e89\u593a\uff0c\u7ade\u4e89\uff1b\u4e89\u8bba\uff0c\u4e89\u6267", "pronounce": "[\u02c8k\u0252ntest]", "sentence_en": "The contest should be very keenly fought.", "sentence_zh": "\u6bd4\u8d5b\u5e94\u8be5\u4e89\u593a\u5f88\u6fc0\u70c8\u3002"}, {"word": "contribute", "definition": "v. \u6350\u8d60\uff0c\u6350\u52a9\uff1b\uff08\u4e3a\u2026\u2026\uff09\u505a\u8d21\u732e\uff1b\u4fc3\u6210\uff0c\u662f\u2026\u2026\u7684\u539f\u56e0\u4e4b\u4e00\uff1b\u64b0\u7a3f\uff0c\u6295\u7a3f\uff1b\u53d1\u8868\u610f\u89c1\uff0c\u63d0\u8bae", "pronounce": "[k\u0259n\u02c8tr\u026abju\u02d0t]", "sentence_en": "Do you wish to contribute?", "sentence_zh": "\u4f60\u60f3\u6350\u52a9\u5417\uff1f"}, {"word": "convenience", "definition": "n. \u65b9\u4fbf\uff0c\u4fbf\u5229\uff1b\u4fbf\u5229\u7684\u4e8b\u7269\uff0c\u4fbf\u5229\u8bbe\u65bd\uff1b\u516c\u5171\u5395\u6240", "pronounce": "[k\u0259n\u02c8vi\u02d0ni\u0259ns]", "sentence_en": "They may use a credit card for convenience.", "sentence_zh": "\u4ed6\u4eec\u53ef\u4ee5\u4e3a\u4e86\u65b9\u4fbf\u800c\u4f7f\u7528\u4fe1\u7528\u5361\u3002"}, {"word": "convenient", "definition": "adj. \u65b9\u4fbf\u7684\uff0c\u4fbf\u5229\u7684\uff1b\u9644\u8fd1\u7684\uff0c\u65b9\u4fbf\u5230\u8fbe\u7684\uff1b<\u65e7>\u9002\u5f53\u7684", "pronounce": "[k\u0259n\u02c8vi\u02d0ni\u0259nt]", "sentence_en": "If it's convenient I can come tomorrow.", "sentence_zh": "\u65b9\u4fbf\u7684\u8bdd\uff0c\u6211\u53ef\u4ee5\u660e\u5929\u8fc7\u6765\u3002"}, {"word": "convention", "definition": "n. \u4e60\u4fd7\uff0c\u60ef\u4f8b\uff1b\u5927\u4f1a\uff0c\u96c6\u4f1a\uff1b\u516c\u7ea6\uff0c\u534f\u5b9a\uff1b\uff08\u6587\u5b66\u3001\u827a\u672f\u4e0a\u7684\uff09\u4f20\u7edf\u624b\u6cd5\uff0c\u4f20\u7edf\u98ce\u683c", "pronounce": "[k\u0259n\u02c8ven\u0283(\u0259)n]", "sentence_en": "The convention does not apply to us.", "sentence_zh": "\u8be5\u534f\u5b9a\u5bf9\u6211\u4eec\u4e0d\u9002\u7528\u3002"}, {"word": "conventional", "definition": "adj. \u4f9d\u7167\u60ef\u4f8b\u7684\uff0c\u9075\u5faa\u4e60\u4fd7\u7684\uff1b\u8001\u4e00\u5957\u7684\uff0c\u4e60\u60ef\u7684\uff1b\uff08\u6b66\u5668\u7b49\uff09\u5e38\u89c4\u7684\uff0c\u975e\u6838\u7684", "pronounce": "[k\u0259n\u02c8ven\u0283\u0259n(\u0259)l]", "sentence_en": "Biofuels can be mixed with conventional fuels.", "sentence_zh": "\u751f\u7269\u71c3\u6599\u80fd\u591f\u548c\u4f20\u7edf\u71c3\u6599\u6df7\u5408\u3002"}, {"word": "convince", "definition": "v. \u4f7f\u786e\u4fe1\uff0c\u4f7f\u4fe1\u670d\uff1b\u8bf4\u670d\uff0c\u529d\u670d", "pronounce": "[k\u0259n\u02c8v\u026ans]", "sentence_en": "She utterly failed to convince them.", "sentence_zh": "\u5979\u6839\u672c\u6ca1\u6709\u8bf4\u670d\u4ed6\u4eec\u3002"}, {"word": "count", "definition": "v. \uff08\u6309\u987a\u5e8f\uff09\u6570\u6570\uff1b\u8ba1\u6570\uff0c\u70b9\u6570\u76ee\uff1b\u628a\u2026\u2026\u7b97\u5165\uff0c\u5305\u62ec\uff1b\u91cd\u8981\uff1b\u88ab\u5141\u8bb8\uff0c\u88ab\u63a5\u53d7\uff1b\u770b\u4f5c\uff0c\u8ba4\u4e3a", "pronounce": "[ka\u028ant]", "sentence_en": "Her father was a Polish count.", "sentence_zh": "\u5979\u7236\u4eb2\u662f\u6ce2\u5170\u7684\u4e00\u4f4d\u4f2f\u7235\u3002"}, {"word": "counter", "definition": "n. \u67dc\u53f0\uff1b\u5bf9\u7acb\u9762\uff1b\u8ba1\u6570\u5668\uff0c\u8ba1\u7b97\u5668\uff1b\uff08\u68cb\u76d8\u6e38\u620f\u7684\uff09\u7b79\u7801\uff1b\u8bb0\u5206\u51b0\u58f6", "pronounce": "[\u02c8ka\u028ant\u0259(r)]", "sentence_en": "She was serving behind the counter.", "sentence_zh": "\u5979\u5728\u67dc\u53f0\u670d\u52a1\u3002"}, {"word": "county", "definition": "n. \uff08\u82f1\u56fd\u3001\u7231\u5c14\u5170\u7684\uff09\u90e1\uff0c\uff08\u7f8e\u56fd\u7684\uff09\u53bf\uff1b<\u82f1>\u90e1\u8fd0\u52a8\u961f\uff0c\u53bf\u8fd0\u52a8\u961f", "pronounce": "[\u02c8ka\u028anti]", "sentence_en": "Every autumn I go to the county fair.", "sentence_zh": "\u6bcf\u4e2a\u79cb\u5b63\u6211\u90fd\u53bb\u53bf\u91cc\u7684\u96c6\u5e02\u3002"}, {"word": "crash", "definition": "v. \u649e\u8f66\uff0c\u5760\u6bc1\uff1b\u731b\u649e\uff0c\u53d1\u51fa\u5de8\u54cd\uff1b\u7834\u4ea7\uff0c\u5012\u95ed\uff0c\u66b4\u8dcc\uff1b\uff08\u8ba1\u7b97\u673a\uff09\u762b\u75ea\uff0c\u6b7b\u673a\uff1b\uff08\u5728\u4f53\u80b2\u6bd4\u8d5b\u4e2d\uff09\u60e8\u8d25\uff1b\u8fc7\u591c\uff0c\u5165\u7761\uff1b\u5fc3\u810f\u505c\u6b62\u8df3\u52a8\uff1b\u4e0d\u8bf7\u81ea\u6765\uff0c\u5077\u5077\u6df7\u5165\uff08\u6d3e\u5bf9\uff09\uff1b\u95ef\u7ea2\u706f", "pronounce": "[kr\u00e6\u0283]", "sentence_en": "We're going to crash, aren't we?", "sentence_zh": "\u6211\u4eec\u8981\u5760\u6bc1\u4e86\uff0c\u662f\u4e0d\u662f\uff1f"}, {"word": "creep", "definition": "v. \u722c\u884c\uff0c\u530d\u5310\uff1b\u8e51\u624b\u8e51\u811a\u5730\u79fb\u52a8\uff1b\u4e0d\u77e5\u4e0d\u89c9\u5730\u5230\u6765\uff0c\u6e10\u6e10\u51fa\u73b0\uff1b\u8513\u751f\uff0c\u8513\u5ef6\uff1b\u8c04\u5a9a\u5949\u627f\uff0c\u5df4\u7ed3\uff1b\uff08\u7531\u4e8e\u6050\u60e7\u3001\u538c\u6076\u7b49\uff09\u8d77\u9e21\u76ae\u7599\u7629", "pronounce": "[kri\u02d0p]", "sentence_en": "He's a nasty little creep!", "sentence_zh": "\u4ed6\u771f\u8ba9\u4eba\u8ba8\u538c\uff01"}, {"word": "create", "definition": "v. \u521b\u9020\uff0c\u521b\u5efa\uff1b\u8bbe\u8ba1\uff0c\u521b\u4f5c\uff1b\u9020\u6210\uff0c\u5f15\u8d77\uff1b\u6388\u4e88\uff0c\u518c\u5c01\uff1b<\u82f1\uff0c\u975e\u6b63\u5f0f>\u5927\u60ca\u5c0f\u602a\uff0c\u62b1\u6028", "pronounce": "[kri\u02c8e\u026at]", "sentence_en": "We set business free to create more jobs.", "sentence_zh": "\u6211\u4eec\u8ba9\u4f01\u4e1a\u81ea\u7531\u4ee5\u521b\u9020\u66f4\u591a\u7684\u5c31\u4e1a\u673a\u4f1a\u3002"}, {"word": "creation", "definition": "n. \u521b\u9020\uff0c\u521b\u5efa\uff1b\u4f5c\u54c1\uff0c\u521b\u4f5c\uff1b\uff08\u4e0a\u5e1d\uff09\u521b\u9020\u5929\u5730\uff1b\u5b87\u5b99\uff0c\u4e16\u754c\uff0c\u5929\u5730\u4e07\u7269\uff1b\u6388\u4e88\uff0c\u518c\u5c01", "pronounce": "[kri\u02c8e\u026a\u0283(\u0259)n]", "sentence_en": "The bathroom is entirely my own creation.", "sentence_zh": "\u8fd9\u4e2a\u6d74\u5ba4\u5b8c\u5168\u662f\u6211\u4e2a\u4eba\u7684\u521b\u4f5c\u3002"}, {"word": "creative", "definition": "adj. \u521b\u9020\uff08\u6027\uff09\u7684\uff0c\u521b\u4f5c\u7684\uff1b\u6709\u521b\u9020\u529b\u7684\uff0c\u6709\u60f3\u8c61\u529b\u7684", "pronounce": "[kri\u02c8e\u026at\u026av]", "sentence_en": "You can sense the creative buzz in the city.", "sentence_zh": "\u5728\u57ce\u5e02\u91cc\u53ef\u4ee5\u611f\u89c9\u5230\u521b\u9020\u7684\u70ed\u60c5\u3002"}, {"word": "crisis", "definition": "n. \u5371\u673a\uff0c\u7d27\u8981\u5173\u5934\uff1b\u51b3\u5b9a\u6027\u65f6\u523b\uff0c\u5173\u952e\u65f6\u523b\uff1b\uff08\u75c5\u60c5\u7684\uff09\u8f6c\u6298\u70b9\uff0c\u5371\u8c61", "pronounce": "[\u02c8kra\u026as\u026as]", "sentence_en": "At home a crisis was brewing.", "sentence_zh": "\u5bb6\u91cc\u4e00\u573a\u5371\u673a\u6b63\u5728\u915d\u917f\u7740\u3002"}, {"word": "cultivate", "definition": "v. \u5f00\u57a6\uff0c\u8015\u4f5c\uff1b\u683d\u57f9\uff0c\u57f9\u80b2\uff1b\u9676\u51b6\uff0c\u57f9\u517b\uff1b\u5efa\u7acb\uff08\u53cb\u8c0a\uff09\uff0c\u7ed3\u4ea4", "pronounce": "[\u02c8k\u028clt\u026ave\u026at]", "sentence_en": "The people cultivate mainly rice and beans.", "sentence_zh": "\u8fd9\u91cc\u7684\u4eba\u4eec\u4e3b\u8981\u79cd\u690d\u7a3b\u5b50\u548c\u8c46\u7c7b\u3002"}, {"word": "culture", "definition": "n. \u6587\u5316\uff0c\u6587\u660e\uff1b\uff08\u56e2\u4f53\u6216\u7ec4\u7ec7\u4e2d\u5171\u540c\u7684\uff09\u6001\u5ea6\uff0c\u4e60\u4fd7\uff1b\u6587\u5316\u7fa4\u843d\uff0c\uff08\u5904\u4e8e\u5386\u53f2\u4e0a\u7279\u5b9a\u65f6\u671f\u7684\uff09\u793e\u4f1a\uff1b\u827a\u672f\u6d3b\u52a8\uff1b\u4fee\u517b\uff1b\uff08\u7ec6\u80de\u3001\u7ec6\u83cc\u7b49\u7684\uff09\u57f9\u517b\uff0c\u57f9\u517b\u7269\uff1b\u683d\u57f9\uff0c\u517b\u6b96", "pronounce": "[\u02c8k\u028clt\u0283\u0259(r)]", "sentence_en": "We are living in a consumer culture.", "sentence_zh": "\u6211\u4eec\u751f\u6d3b\u5728\u4e00\u79cd\u6d88\u8d39\u6587\u5316\u4e4b\u4e2d\u3002"}, {"word": "curse", "definition": "n. \u9a82\u4eba\u8bdd\uff0c\u5492\u9a82\u8bed\uff1b\u5492\u8bed\uff0c\u9b54\u5492\uff1b\u7978\u6839\uff0c\u7978\u56e0\uff1b\u6708\u7ecf\uff0c\u4f8b\u5047\uff08the curse\uff09", "pronounce": "[k\u025c\u02d0s]", "sentence_en": "Maybe there is a curse on my family.", "sentence_zh": "\u4e5f\u8bb8\u5b58\u5728\u5bf9\u6211\u7684\u5bb6\u65cf\u7684\u8bc5\u5492\u3002"}, {"word": "damage", "definition": "n. \uff08\u6709\u5f62\u7684\uff09\u635f\u574f\uff0c\u635f\u5931\uff1b\u635f\u5bb3\uff0c\u4f24\u5bb3\uff1b\u635f\u5bb3\u8d54\u507f\u91d1\uff1b\u8d39\u7528\uff0c\u4ee3\u4ef7", "pronounce": "[\u02c8d\u00e6m\u026ad\u0292]", "sentence_en": "The fire caused extensive damage.", "sentence_zh": "\u706b\u707e\u9020\u6210\u4e86\u5de8\u5927\u7684\u635f\u5931\u3002"}, {"word": "data", "definition": "n. \u6570\u636e\uff0c\u8d44\u6599\uff1b\uff08\u50a8\u5b58\u5728\u8ba1\u7b97\u673a\u4e2d\u7684\uff09\u6570\u636e\u8d44\u6599", "pronounce": "[\u02c8de\u026at\u0259]", "sentence_en": "They had hacked secret data.", "sentence_zh": "\u4ed6\u4eec\u7a83\u53d6\u4e86\u4fdd\u5bc6\u6570\u636e\u3002"}, {"word": "declare", "definition": "v. \u5ba3\u5e03\uff0c\u58f0\u660e\uff1b\u65ad\u8a00\uff0c\u5ba3\u79f0\uff1b\u7533\u62a5\uff1b\u653e\u5f03\u51fb\u7403\uff0c\u5ba3\u5e03\u7ed3\u675f\u8d5b\u5c40", "pronounce": "[d\u026a\u02c8kle\u0259(r)]", "sentence_en": "I declare this festival open.", "sentence_zh": "\u6211\u5ba3\u5e03\u5e86\u795d\u6d3b\u52a8\u5f00\u59cb\u3002"}, {"word": "decrease", "definition": "v. \uff08\u4f7f\uff09\u51cf\u5c11\uff0c\uff08\u4f7f\uff09\u964d\u4f4e", "pronounce": "[d\u026a\u02c8kri\u02d0s]", "sentence_en": "People should decrease the amount of fat they eat.", "sentence_zh": "\u4eba\u4eec\u5e94\u51cf\u5c11\u8102\u80aa\u7684\u6444\u5165\u91cf\u3002"}, {"word": "deepen", "definition": "v. \uff08\u4f7f\uff09\u53d8\u6df1\uff0c\u52a0\u6df1\uff1b\uff08\u4f7f\uff09\u53d8\u7cdf\uff0c\u6076\u5316\uff0c\u4e25\u91cd\uff1b\uff08\u4f7f\uff09\uff08\u611f\u60c5\u6216\u5173\u7cfb\uff09\u53d8\u6df1\uff08\u6216\u66f4\u5f3a\u70c8\uff09\uff1b\u52a0\u6df1\uff0c\u5b8c\u5584\uff08\u4e86\u89e3\u3001\u7406\u89e3\u7b49\uff09\uff1b\uff08\u4f7f\uff09\uff08\u5149\u7ebf\u6216\u989c\u8272\uff09\u53d8\u6697\uff0c\uff08\u4f7f\uff09\u53d8\u6df1\uff1b\uff08\u4f7f\uff09\uff08\u58f0\u97f3\uff09\u53d8\u5f97\u4f4e\u6c89\uff1b\u6df1\uff08\u547c\u5438\uff09\uff0c\u5598\uff08\u5927\u6c14\uff09\uff1b\uff08\u4f7f\uff09\uff08\u795e\u79d8\u7684\u4e8b\u7269\uff09\u53d8\u5f97\u66f4\u795e\u79d8", "pronounce": "[\u02c8di\u02d0p\u0259n]", "sentence_en": "There were plans to deepen a stretch of the river.", "sentence_zh": "\u66fe\u7ecf\u6709\u8fc7\u52a0\u6df1\u4e00\u6bb5\u6cb3\u9053\u7684\u8ba1\u5212\u3002"}, {"word": "defeat", "definition": "v. \u51fb\u8d25\uff0c\u6218\u80dc\uff1b\u56f0\u60d1\uff0c\u96be\u4f4f\uff1b\u4f7f\u5931\u8d25\uff0c\u963b\u6320\uff1b\u53cd\u5bf9\uff08\u52a8\u8bae\u6216\u63d0\u8bae\uff09", "pronounce": "[d\u026a\u02c8fi\u02d0t]", "sentence_en": "They narrowly avoided defeat.", "sentence_zh": "\u4ed6\u4eec\u9669\u4e9b\u513f\u88ab\u6253\u8d25\u3002"}, {"word": "defect", "definition": "n. \u7f3a\u70b9\uff0c\u7f3a\u9677\uff0c\u6bdb\u75c5", "pronounce": "[\u02c8di\u02d0fekt]", "sentence_en": "He was born with a hearing defect.", "sentence_zh": "\u4ed6\u5929\u751f\u542c\u529b\u5c31\u6709\u7f3a\u9677\u3002"}, {"word": "define", "definition": "v. \u7ed9\u2026\u2026\u4e0b\u5b9a\u4e49\uff0c\u89e3\u91ca\uff1b\u9610\u660e\uff0c\u4f7f\u6e05\u695a\uff1b\u6807\u660e\u2026\u2026\u754c\u9650\uff0c\u660e\u786e\u663e\u51fa\u2026\u2026\u8f6e\u5ed3\uff1b\u662f\u2026\u2026\u7684\u7279\u5f81\uff0c\u4e3a\u2026\u2026\u7684\u7279\u8272", "pronounce": "[d\u026a\u02c8fa\u026an]", "sentence_en": "We need to define the task ahead very clearly.", "sentence_zh": "\u6211\u4eec\u9700\u8981\u660e\u786e\u4eca\u540e\u7684\u4efb\u52a1\u3002"}, {"word": "definite", "definition": "adj. \u6e05\u6670\u7684\uff0c\u660e\u6670\u7684\uff1b\u786e\u5b9a\u7684\uff0c\u4e0d\u4f1a\u6539\u53d8\u7684\uff1b\u80af\u5b9a\u7684\uff0c\u4e00\u5b9a\u7684", "pronounce": "[\u02c8def\u026an\u0259t]", "sentence_en": "That's definite then, is it?", "sentence_zh": "\u90a3\u4e48\uff0c\u90a3\u662f\u786e\u5207\u7684\u4e86\uff0c\u662f\u5417\uff1f"}, {"word": "definitely", "definition": "adv. \u80af\u5b9a\u5730\uff0c\u5f53\u7136\uff1b\u660e\u786e\u5730\uff0c\u786e\u5b9a\u5730", "pronounce": "[\u02c8def\u026an\u0259tli]", "sentence_en": "I definitely remember sending the letter.", "sentence_zh": "\u6211\u8bb0\u5f97\u8fd9\u5c01\u4fe1\u80af\u5b9a\u53d1\u51fa\u53bb\u4e86\u3002"}, {"word": "definition", "definition": "n. \u5b9a\u4e49\uff0c\u91ca\u4e49\uff1b\u699c\u6837\uff0c\u5178\u8303\uff1b\u6e05\u6670\uff0c\u6e05\u6670\u5ea6\uff0c\u9c9c\u660e\u5ea6", "pronounce": "[\u02ccdef\u026a\u02c8n\u026a\u0283(\u0259)n]", "sentence_en": "What's your definition of happiness?", "sentence_zh": "\u4f60\u5bf9\u5e78\u798f\u7684\u5b9a\u4e49\u662f\u4ec0\u4e48\uff1f"}, {"word": "delicate", "definition": "adj. \u67d4\u548c\u7684\uff0c\u6e05\u6de1\u7684\uff1b\u865a\u5f31\u7684\uff0c\u7ea4\u5f31\u7684\uff1b\u8106\u5f31\u7684\uff0c\u6613\u788e\u7684\uff1b\u5c0f\u5de7\u73b2\u73d1\u7684\uff0c\u7ea4\u7ec6\u7684\uff1b\u5fae\u5999\u7684\uff0c\u68d8\u624b\u7684\uff1b\u7cbe\u81f4\u7684\uff0c\u7cbe\u5de7\u7684\uff1b\u7075\u5de7\u7684\uff0c\u719f\u7ec3\u7684\uff1b\uff08\u4eea\u5668\uff09\u7075\u654f\u7684", "pronounce": "[\u02c8del\u026ak\u0259t]", "sentence_en": "She was physically delicate and psychologically unstable.", "sentence_zh": "\u5979\u8eab\u4f53\u7ea4\u5f31\uff0c\u800c\u4e14\u5fc3\u7406\u4e5f\u4e0d\u7a33\u5b9a\u3002"}, {"word": "delicious", "definition": "adj. \u7f8e\u5473\u7684\uff0c\u82ac\u82b3\u7684\uff1b\u4ee4\u4eba\u6109\u5feb\u7684\uff0c\u5b9c\u4eba\u7684", "pronounce": "[d\u026a\u02c8l\u026a\u0283\u0259s]", "sentence_en": "He served up a delicious meal.", "sentence_zh": "\u4ed6\u7aef\u4e0a\u4e00\u987f\u53ef\u53e3\u7684\u996d\u83dc\u3002"}, {"word": "delight", "definition": "n. \u9ad8\u5174\uff1b\u4ee4\u4eba\u9ad8\u5174\u7684\u4eba\u6216\u7269\uff0c\u4e50\u4e8b", "pronounce": "[d\u026a\u02c8la\u026at]", "sentence_en": "They all cackled with delight.", "sentence_zh": "\u4ed6\u4eec\u90fd\u9ad8\u5174\u5f97\u560e\u560e\u5730\u7b11\u3002"}, {"word": "deliver", "definition": "v. \u6295\u9012\uff0c\u8fd0\u9001\uff1b\u5c65\u884c\uff0c\u5151\u73b0\uff1b\u4ea4\u4ed8\uff0c\u79fb\u4ea4\uff1b\u53d1\u8868\uff0c\u5ba3\u5e03\uff1b\u63a5\u751f\uff0c\u5206\u5a29\uff1b\u89e3\u6551\uff0c\u62ef\u6551\uff1b\u6295\u63b7\uff0c\u51fb\u6253\uff1b\uff08\u6cd5\u5b98\u6216\u6cd5\u5ead\uff09\u5ba3\u5e03\uff08\u5224\u51b3\uff09\uff1b\u62c9\uff08\u9009\u7968\uff09\uff1b\u53d1\u884c\uff0c\u53d1\u5e03\uff08\u8ba1\u7b97\u673a\u7a0b\u5e8f\uff09\uff1b\u5904\u7406", "pronounce": "[d\u026a\u02c8l\u026av\u0259(r)]", "sentence_en": "We deliver the goods in batches.", "sentence_zh": "\u6211\u4eec\u5206\u6279\u4ea4\u4ed8\u8d27\u7269\u3002"}, {"word": "delivery", "definition": "n. \u9012\u9001\uff0c\u6295\u9012\uff1b\u9012\u9001\u7269\uff1b\u6f14\u8bb2\u98ce\u683c\uff0c\u6f14\u8bf4\u65b9\u5f0f\uff1b\u5206\u5a29\uff0c\u751f\u4ea7\uff1b\u6295\u7403\u65b9\u5f0f", "pronounce": "[d\u026a\u02c8l\u026av\u0259ri]", "sentence_en": "We won't charge you for delivery.", "sentence_zh": "\u6211\u4eec\u9001\u8d27\u4e0d\u6536\u8d39\u3002"}, {"word": "demand", "definition": "v. \u5f3a\u70c8\u8981\u6c42\uff1b\u9700\u8981\uff0c\u9700\u6c42", "pronounce": "[d\u026a\u02c8m\u0251\u02d0nd]", "sentence_en": "Demand is outstripping supply.", "sentence_zh": "\u9700\u6c42\u5feb\u8d85\u8fc7\u4f9b\u7ed9\u4e86\u3002"}, {"word": "democracy", "definition": "n. \u6c11\u4e3b\u653f\u4f53\uff1b\u6c11\u4e3b\u56fd\u5bb6\uff1b\u6c11\u4e3b\uff0c\u6c11\u4e3b\u7cbe\u795e", "pronounce": "[d\u026a\u02c8m\u0252kr\u0259si]", "sentence_en": "", "sentence_zh": ""}, {"word": "democratic", "definition": "adj. \u5e73\u7b49\u7684\uff0c\u6709\u6c11\u4e3b\u7cbe\u795e\u7684\uff1b\u6c11\u4e3b\u653f\u4f53\u7684\uff1b\uff08\u7f8e\u56fd\uff09\u6c11\u4e3b\u515a\u7684", "pronounce": "[\u02ccdem\u0259\u02c8kr\u00e6t\u026ak]", "sentence_en": "She ran for office on the Democratic ticket.", "sentence_zh": "\u5979\u4f5c\u4e3a\u6c11\u4e3b\u515a\u7684\u5019\u9009\u4eba\u53c2\u52a0\u7ade\u9009\u3002"}, {"word": "demonstrate", "definition": "v. \u8bc1\u660e\uff1b\u793a\u8303\uff0c\u6f14\u793a\uff1b\u8868\u9732\uff1b\u6e38\u884c\uff0c\u793a\u5a01", "pronounce": "[\u02c8dem\u0259nstre\u026at]", "sentence_en": "We must demonstrate that aggression will not pay.", "sentence_zh": "\u6211\u4eec\u5fc5\u987b\u8bc1\u660e\u4fb5\u72af\u662f\u6ca1\u6709\u597d\u5904\u7684\u3002"}, {"word": "deny", "definition": "v. \u5426\u8ba4\uff1b\u62d2\u7edd\u627f\u8ba4\uff1b\u62d2\u7edd\u7ed9\u4e88", "pronounce": "[d\u026a\u02c8na\u026a]", "sentence_en": "Who can deny the justice of their cause?", "sentence_zh": "\u8c01\u80fd\u5426\u8ba4\u4ed6\u4eec\u7684\u8ffd\u6c42\u662f\u5408\u7406\u7684\u5462\uff1f"}, {"word": "depart", "definition": "v. \u542f\u7a0b\uff0c\u51fa\u53d1\uff1b\u80cc\u79bb\uff0c\u8fdd\u80cc\uff1b\u79bb\u804c", "pronounce": "[d\u026a\u02c8p\u0251\u02d0t]", "sentence_en": "We must needs depart.", "sentence_zh": "\u6211\u4eec\u5fc5\u987b\u79bb\u5f00\u3002"}, {"word": "department", "definition": "n. \uff08\u7ec4\u7ec7\u6216\u673a\u6784\u4e2d\u7684\uff09\u90e8\uff0c\u53f8\uff0c\u7cfb\uff0c\u5904\uff0c\u79d1\uff1b\uff08\u5546\u573a\u91cc\u7684\uff09\u90e8\uff1b<\u975e\u6b63\u5f0f>\u4e13\u957f\uff0c\u4e13\u8d23\uff1b\uff08\u6cd5\u56fd\u7b49\u56fd\u7684\uff09\u7701", "pronounce": "[d\u026a\u02c8p\u0251\u02d0tm\u0259nt]", "sentence_en": "He moved to the sales department.", "sentence_zh": "\u4ed6\u8c03\u5230\u4e86\u9500\u552e\u90e8\u3002"}, {"word": "departure", "definition": "n. \u80cc\u79bb\uff1b\u79bb\u5f00\uff0c\u542f\u7a0b", "pronounce": "[d\u026a\u02c8p\u0251\u02d0t\u0283\u0259(r)]", "sentence_en": "His departure passed unnoticed.", "sentence_zh": "\u4ed6\u795e\u4e0d\u77e5\u3001\u9b3c\u4e0d\u89c9\u5730\u79bb\u5f00\u4e86\u3002"}, {"word": "depend", "definition": "v. \u53d6\u51b3\u4e8e\uff1b\u4f9d\u8d56\uff0c\u4f9d\u9760\uff1b\u76f8\u4fe1\uff0c\u6307\u671b\uff1b\u90a3\u5f97\u770b\u60c5\u51b5\uff1b\uff08\u8bed\u6cd5\u4e0a\uff09\u4ece\u5c5e\uff08depend on/upon\uff09", "pronounce": "[d\u026a\u02c8pend]", "sentence_en": "Wage rates depend on levels of productivity.", "sentence_zh": "\u5de5\u8d44\u6c34\u5e73\u53d6\u51b3\u4e8e\u751f\u4ea7\u91cf\u7684\u591a\u5be1\u3002"}, {"word": "dependent", "definition": "adj. \u4f9d\u8d56\u7684\uff0c\u4f9d\u9760\u7684\uff1b\u53d6\u51b3\u4e8e\uff1b\u6709\u763e\u7684", "pronounce": "[d\u026a\u02c8pend\u0259nt]", "sentence_en": "The area is heavily dependent on tourism.", "sentence_zh": "\u8fd9\u4e2a\u5730\u533a\u975e\u5e38\u4f9d\u8d56\u65c5\u6e38\u4e1a\u3002"}, {"word": "deposit", "definition": "v. \u653e\u4e0b\uff0c\u653e\u7f6e\uff1b\u50a8\u84c4\uff1b\u5b58\u653e\uff0c\u5bc4\u5b58\uff1b\u6c89\u79ef\uff0c\u6c89\u6dc0\uff1b\u652f\u4ed8\uff08\u62bc\u91d1\u3001\u8ba2\u91d1\u6216\u9884\u7f34\u8d39\u7528\uff09", "pronounce": "[d\u026a\u02c8p\u0252z\u026at]", "sentence_en": "A 10% deposit is payable in advance.", "sentence_zh": "\u987b\u9884\u4ed810%\u7684\u62bc\u91d1\u3002"}, {"word": "depress", "definition": "v. \u4f7f\u6291\u90c1\uff0c\u4f7f\u6cae\u4e27\uff1b\u964d\u4f4e\uff0c\u6291\u5236\uff1b\u4f7f\u8427\u6761\uff0c\u4f7f\u4e0d\u666f\u6c14\uff1b\u6309\u4e0b\uff0c\u538b\u4e0b", "pronounce": "[d\u026a\u02c8pres]", "sentence_en": "Subsidies allow growers to undercut competitors and depress world prices.", "sentence_zh": "\u8865\u8d34\u4f7f\u5f97\u79cd\u690d\u8005\u80fd\u4ee5\u4f4e\u4e8e\u7ade\u4e89\u5bf9\u624b\u7684\u4ef7\u683c\u51fa\u552e\u5e76\u538b\u4f4e\u4e16\u754c\u4ef7\u683c\u3002"}, {"word": "depth", "definition": "n. \u6df1\u5ea6\uff0c\u7eb5\u6df1\uff1b\u6df1\u523b\uff0c\u6df1\u5965\uff1b\u6df1\u539a\uff0c\u6df1\u5207\uff1b\uff08\u58f0\u97f3\u7684\uff09\u4f4e\u6c89\uff1b\u6d53\u5ea6\uff0c\u5f3a\u5ea6\uff1b\u4e25\u91cd\u6027\uff0c\u4e25\u5cfb\u6027\uff1b\u6e0a\u535a\uff0c\u8001\u7ec3\uff1b\u7eb5\u6df1\u611f\uff0c\u666f\u6df1\uff1b\u6700\u6df1\u5904\uff0c\u6781\u9650\uff1b\u4f4e\u8ff7\u72b6\u6001\uff0c\u975e\u5e38\u7cdf\u7cd5\u7684\u72b6\u6001", "pronounce": "[dep\u03b8]", "sentence_en": "What's the depth of the water here?", "sentence_zh": "\u8fd9\u513f\u7684\u6c34\u6709\u591a\u6df1\uff1f"}, {"word": "derive", "definition": "v. \u83b7\u5f97\uff0c\u53d6\u5f97\uff1b\u8d77\u6e90\u4e8e\uff0c\u6765\u81ea\uff1b\u63d0\u53d6\uff0c\u884d\u751f\uff08\u5316\u5b66\u7269\u8d28\uff09", "pronounce": "[d\u026a\u02c8ra\u026av]", "sentence_en": "Most patients derive enjoyment from leafing through old picture albums.", "sentence_zh": "\u5927\u90e8\u5206\u75c5\u4eba\u80fd\u4ece\u7ffb\u9605\u65e7\u76f8\u518c\u4e2d\u83b7\u5f97\u4e50\u8da3\u3002"}, {"word": "descend", "definition": "v. \u4e0b\u6765\uff0c\u4e0b\u964d\uff1b\u4e0b\u503e\uff0c\u4e0b\u659c\uff1b\u964d\u4e34\uff0c\u6765\u4e34\uff1b\uff08\u60c5\u7eea\u3001\u6c14\u6c1b\u7b49\uff09\u7b3c\u7f69\uff1b\u7a81\u7136\u5230\u6765\uff0c\u7a81\u7136\u9020\u8bbf\uff1b\u964d\u4f4e\u8eab\u4efd\uff0c\u5815\u843d\uff1b\u8870\u843d\uff0c\u9677\u5165\uff1b\u9057\u4f20", "pronounce": "[d\u026a\u02c8send]", "sentence_en": "The pilots were told to descend to 2-2,000 feet.", "sentence_zh": "\u98de\u884c\u5458\u88ab\u544a\u77e5\u8981\u5c06\u98de\u673a\u4e0b\u964d\u52302-2000\u82f1\u5c3a\u3002"}, {"word": "describe", "definition": "v. \u63cf\u8ff0\uff0c\u5f62\u5bb9\uff1b\u505a\u2026\u2026\u8fd0\u52a8\uff0c\u5f62\u6210\u2026\u2026\u5f62\u72b6", "pronounce": "[d\u026a\u02c8skra\u026ab]", "sentence_en": "Can you describe him to me?", "sentence_zh": "\u4f60\u80fd\u5411\u6211\u63cf\u8ff0\u4e00\u4e0b\u4ed6\u7684\u6837\u5b50\u5417\uff1f"}, {"word": "description", "definition": "n. \u63cf\u8ff0\uff0c\u5f62\u5bb9\uff0c\u8bf4\u660e\uff1b\u7c7b\u578b", "pronounce": "[d\u026a\u02c8skr\u026ap\u0283n]", "sentence_en": "The description was pretty vague.", "sentence_zh": "\u8fd9\u9879\u63cf\u8ff0\u662f\u76f8\u5f53\u542b\u7cca\u7684\u3002"}, {"word": "deserve", "definition": "v. \u503c\u5f97\uff0c\u5e94\u53d7", "pronounce": "[d\u026a\u02c8z\u025c\u02d0v]", "sentence_en": "These proposals deserve careful study.", "sentence_zh": "\u8fd9\u4e9b\u5efa\u8bae\u503c\u5f97\u8ba4\u771f\u7814\u7a76\u3002"}, {"word": "desirable", "definition": "adj. \u4ee4\u4eba\u5411\u5f80\u7684\uff0c\u503c\u5f97\u62e5\u6709\u7684\uff1b\u53ef\u53d6\u7684\uff1b\u6027\u611f\u7684", "pronounce": "[d\u026a\u02c8za\u026a\u0259r\u0259b(\u0259)l]", "sentence_en": "It is desirable that interest rates be reduced.", "sentence_zh": "\u5229\u7387\u4e0b\u8c03\u662f\u53ef\u53d6\u7684\u3002"}, {"word": "desire", "definition": "n. \u613f\u671b\uff0c\u6b32\u671b\uff0c\u6e34\u671b\uff1b\u60c5\u6b32\uff0c\u6027\u6b32", "pronounce": "[d\u026a\u02c8za\u026a\u0259(r)]", "sentence_en": "We all desire health and happiness.", "sentence_zh": "\u6211\u4eec\u90fd\u6e34\u671b\u5065\u5eb7\u548c\u5e78\u798f\u3002"}, {"word": "despair", "definition": "n. \u7edd\u671b\uff1b\u4ee4\u4eba\u7edd\u671b\u7684\u4eba\u6216\u4e8b", "pronounce": "[d\u026a\u02c8spe\u0259(r)]", "sentence_en": "She uttered a cry of despair.", "sentence_zh": "\u5979\u53d1\u51fa\u4e86\u7edd\u671b\u7684\u53eb\u58f0\u3002"}, {"word": "desperate", "definition": "adj. \u4e0d\u987e\u4e00\u5207\u7684\uff0c\u62fc\u547d\u7684\uff1b\u6781\u9700\u8981\u7684\uff0c\u6e34\u671b\u7684\uff1b\u6781\u4e25\u91cd\u7684\uff0c\u6781\u5371\u9669\u7684\uff1b\u7edd\u671b\u7684\uff0c\u65e0\u671b\u7684\uff1b\u7edd\u671b\u7684\uff0c\u65e0\u671b\u7684", "pronounce": "[\u02c8desp\u0259r\u0259t]", "sentence_en": "The prisoners grew increasingly desperate.", "sentence_zh": "\u72af\u4eba\u56e0\u7edd\u671b\u800c\u8d8a\u6765\u8d8a\u80c6\u5927\u5984\u4e3a\u3002"}, {"word": "despise", "definition": "v. \u9119\u89c6\uff0c\u538c\u6076\uff0c\u770b\u4e0d\u8d77", "pronounce": "[d\u026a\u02c8spa\u026az]", "sentence_en": "I can never, ever forgive him. I despise him.", "sentence_zh": "\u6211\u6c38\u8fdc\uff0c\u6c38\u8fdc\u90fd\u4e0d\u4f1a\u539f\u8c05\u4ed6\u3002\u6211\u9119\u89c6\u4ed6\u3002"}, {"word": "destruction", "definition": "n. \u7834\u574f\uff0c\u6467\u6bc1", "pronounce": "[d\u026a\u02c8str\u028ck\u0283(\u0259)n]", "sentence_en": "In the poem he laments the destruction of the countryside.", "sentence_zh": "\u5728\u90a3\u9996\u8bd7\u91cc\u4ed6\u5bf9\u4e61\u6751\u906d\u5230\u7684\u7834\u574f\u6d41\u9732\u51fa\u60b2\u54c0\u3002"}, {"word": "device", "definition": "n. \u88c5\u7f6e\uff0c\u8bbe\u5907\uff1b\u624b\u6bb5\uff0c\u65b9\u6cd5\uff1b\u82b1\u62db\uff0c\u8be1\u8ba1\uff1b\u70b8\u5f39\uff0c\u7206\u70b8\u88c5\u7f6e\uff1b\u56fe\u753b\uff0c\u8bbe\u8ba1\uff1b<\u53e4>\uff08\u67d0\u7269\u7684\uff09\u6837\u5f0f\uff0c\u5916\u8868", "pronounce": "[d\u026a\u02c8va\u026as]", "sentence_en": "The device is fixed to a post.", "sentence_zh": "\u8be5\u8bbe\u5907\u56fa\u5b9a\u5728\u4e00\u6839\u67f1\u5b50\u4e0a\u3002"}, {"word": "devil", "definition": "n. \u9b54\u9b3c\uff1b\u9b54\u738b\uff0c\u6492\u65e6\uff08the Devil\uff09\uff1b\u5bb6\u4f19\uff0c\u4eba\uff1b\u6076\u68cd\uff1b\u6dd8\u6c14\u9b3c\uff0c\u5192\u5931\u9b3c\uff1b\u68d8\u624b\u7684\u4e8b\uff0c\u9ebb\u70e6\u4e8b\uff1b<\u975e\u6b63\u5f0f\uff0c\u65e7>\uff08\u51fa\u5ead\u5f8b\u5e08\u6216\u5176\u4ed6\u4e13\u4e1a\u4eba\u58eb\u7684\uff09\u52a9\u624b\uff1b\u5207\u788e\u673a", "pronounce": "[\u02c8dev(\u0259)l]", "sentence_en": "He was a miserable old devil.", "sentence_zh": "\u4ed6\u771f\u662f\u4e2a\u4ee4\u4eba\u538c\u70e6\u7684\u8001\u5bb6\u4f19\u3002"}, {"word": "devote", "definition": "v. \u732e\u8eab\uff0c\u81f4\u529b\uff1b\u7528\u4e8e", "pronounce": "[d\u026a\u02c8v\u0259\u028at]", "sentence_en": "The original intention was to devote three months to the project.", "sentence_zh": "\u6700\u521d\u7684\u8ba1\u5212\u662f\u5728\u8fd9\u4e2a\u9879\u76ee\u4e0a\u6295\u5165\u4e09\u4e2a\u6708\u7684\u65f6\u95f4\u3002"}, {"word": "dictate", "definition": "v. \u547d\u4ee4\uff0c\u89c4\u5b9a\uff1b\u5f71\u54cd\uff0c\u652f\u914d\uff1b\u53e3\u8ff0\uff0c\u4f7f\u542c\u5199", "pronounce": "[d\u026ak\u02c8te\u026at]", "sentence_en": "I've got a long report I must dictate.", "sentence_zh": "\u6211\u62ff\u5230\u4e86\u4e00\u4efd\u6211\u5fc5\u987b\u8981\u53e3\u8ff0\u7684\u5f88\u957f\u7684\u62a5\u544a\u3002"}, {"word": "dictation", "definition": "n. \u53e3\u8ff0\uff0c\u542c\u5199\uff1b\u547d\u4ee4\uff0c\u53d1\u53f7\u65bd\u4ee4", "pronounce": "[d\u026ak\u02c8te\u026a\u0283(\u0259)n]", "sentence_en": "She is transcribing, from his dictation, the diaries of Simon Forman.", "sentence_zh": "\u5979\u6b63\u5728\u6839\u636e\u4ed6\u7684\u53e3\u8ff0\u8bb0\u5f55\u897f\u8499\u00b7\u798f\u66fc\u7684\u65e5\u8bb0\u3002"}, {"word": "dictionary", "definition": "n. \u5b57\u5178\uff0c\u8bcd\u5178\uff1b\u4e13\u4e1a\u8bcd\u5178\uff0c\u672f\u8bed\u5927\u5168\uff1b\u7535\u5b50\u8bcd\u5178\uff1b\u53cc\u8bed\u8bcd\u5178", "pronounce": "[\u02c8d\u026ak\u0283\u0259n(\u0259)ri]", "sentence_en": "I looked it up in the dictionary.", "sentence_zh": "\u6211\u5728\u8bcd\u5178\u91cc\u67e5\u8fc7\u8fd9\u4e2a\u8bcd\u3002"}, {"word": "differ", "definition": "v. \u4e0d\u540c\u4e8e\uff1b\u610f\u89c1\u6709\u5206\u6b67", "pronounce": "[\u02c8d\u026af\u0259(r)]", "sentence_en": "Ideas on childcare may differ considerably between the parents.", "sentence_zh": "\u5728\u629a\u80b2\u513f\u7ae5\u65b9\u9762\u7236\u6bcd\u7684\u89c2\u70b9\u53ef\u80fd\u8fe5\u7136\u4e0d\u540c\u3002"}, {"word": "difference", "definition": "n. \u5dee\u5f02\uff0c\u4e0d\u540c\u4e4b\u5904\uff1b\u5dee\u989d\uff1b\u5206\u6b67", "pronounce": "[\u02c8d\u026afr\u0259ns]", "sentence_en": "Okay, there is a slight difference.", "sentence_zh": "\u597d\u5427\uff0c\u662f\u6709\u7a0d\u7a0d\u7684\u4e0d\u540c\u3002"}, {"word": "different", "definition": "adj. \u4e0d\u540c\u7684\uff1b\u5206\u522b\u7684\uff0c\u5404\u522b\u7684\uff1b\u4e0e\u4f17\u4e0d\u540c\u7684", "pronounce": "[\u02c8d\u026afr\u0259nt]", "sentence_en": "The same hue will look different in different light.", "sentence_zh": "\u540c\u4e00\u989c\u8272\u5728\u4e0d\u540c\u5149\u7ebf\u4e0b\u770b\u8d77\u6765\u4f1a\u4e0d\u540c\u3002"}, {"word": "diploma", "definition": "n. \u6bd5\u4e1a\u6587\u51ed\uff0c\u5b66\u4f4d\u8bc1\u4e66\uff1b\u6587\u51ed\u8bfe\u7a0b\uff0c\u804c\u4e1a\u8bfe\u7a0b\uff1b\u516c\u6587\uff0c\u6587\u4e66", "pronounce": "[d\u026a\u02c8pl\u0259\u028am\u0259]", "sentence_en": "Satisfactory completion of the course will lead to the award of the Diploma of Social Work.", "sentence_zh": "\u5408\u683c\u5b8c\u6210\u6b64\u8bfe\u7a0b\u8005\u5c06\u83b7\u5f97\u793e\u4f1a\u798f\u5229\u5de5\u4f5c\u6587\u51ed\u3002"}, {"word": "diplomatic", "definition": "adj. \u5916\u4ea4\u7684\uff0c\u4ece\u4e8b\u5916\u4ea4\u7684\uff1b\u6709\u624b\u8155\u7684\uff0c\u7075\u6d3b\u53d8\u901a\u7684\uff1b\uff08\u7248\u672c\uff0c\u526f\u672c\uff09\u4eff\u771f\u7684\uff0c\u548c\u539f\u4ef6\u5b8c\u5168\u4e00\u81f4\u7684", "pronounce": "[\u02ccd\u026apl\u0259\u02c8m\u00e6t\u026ak]", "sentence_en": "The phrase is common diplomatic parlance for spying.", "sentence_zh": "\u8fd9\u79cd\u8bf4\u6cd5\u662f\u5bf9\u95f4\u8c0d\u884c\u4e3a\u7684\u5e38\u7528\u5916\u4ea4\u8f9e\u4ee4\u3002"}, {"word": "disable", "definition": "v. \u4f7f\u4e27\u5931\u80fd\u529b\uff0c\u4f7f\u4f24\u6b8b\uff1b\u4f7f\u65e0\u6548\uff0c\u4f7f\u4e0d\u80fd\u8fd0\u8f6c\uff1b\u4f7f\u65e0\u8d44\u683c", "pronounce": "[d\u026as\u02c8e\u026ab(\u0259)l]", "sentence_en": "They can disable communications satellites and shut down power systems.", "sentence_zh": "\u5b83\u4eec\u80fd\u4f7f\u901a\u4fe1\u536b\u661f\u5931\u6548\u5e76\u5173\u95ed\u7535\u529b\u7cfb\u7edf\u3002"}, {"word": "disadvantage", "definition": "n. \u4e0d\u5229\u6761\u4ef6\uff0c\u52a3\u52bf\uff1b\u4e0d\u5229\u56e0\u7d20\uff1b\u635f\u5931\uff0c\u635f\u5bb3", "pronounce": "[\u02ccd\u026as\u0259d\u02c8v\u0251\u02d0nt\u026ad\u0292]", "sentence_en": "What's the main disadvantage ?", "sentence_zh": "\u4e3b\u8981\u7684\u4e0d\u5229\u6761\u4ef6\u662f\u4ec0\u4e48\uff1f"}, {"word": "disagree", "definition": "v. \u6709\u5206\u6b67\uff0c\u610f\u89c1\u4e0d\u5408\uff1b\u4e0d\u4e00\u81f4\uff1b\u4e0d\u9002\u5b9c\uff0c\u4f7f\u2026\u2026\u4e0d\u8212\u670d", "pronounce": "[\u02ccd\u026as\u0259\u02c8\u0261ri\u02d0]", "sentence_en": "Even friends disagree sometimes.", "sentence_zh": "\u5373\u4fbf\u662f\u670b\u53cb\u6709\u65f6\u4e5f\u6709\u5206\u6b67\u3002"}, {"word": "disappear", "definition": "v. \u6d88\u5931\uff0c\u4e0d\u89c1\uff1b\u5931\u8e2a\uff0c\u4e22\u5931\uff1b\u4e0d\u590d\u5b58\u5728\uff0c\u706d\u7edd", "pronounce": "[\u02ccd\u026as\u0259\u02c8p\u026a\u0259(r)]", "sentence_en": "They watched the bus disappear into the distance.", "sentence_zh": "\u4ed6\u4eec\u6ce8\u89c6\u7740\u516c\u5171\u6c7d\u8f66\u6d88\u5931\u5728\u8fdc\u65b9\u3002"}, {"word": "disappoint", "definition": "v. \u4f7f\u5931\u671b\uff1b\u4f7f\u7834\u706d\uff0c\u4f7f\u843d\u7a7a", "pronounce": "[\u02ccd\u026as\u0259\u02c8p\u0254\u026ant]", "sentence_en": "His latest novel does not disappoint.", "sentence_zh": "\u4ed6\u6700\u8fd1\u53d1\u8868\u7684\u8fd9\u90e8\u5c0f\u8bf4\u6ca1\u6709\u4f7f\u4eba\u5931\u671b\u3002"}, {"word": "disaster", "definition": "n. \u707e\u96be\uff0c\u707e\u5bb3\uff1b\u7978\u60a3\uff0c\u707e\u96be\u6027\u4e8b\u7269\uff1b\u5f7b\u5e95\u7684\u5931\u8d25", "pronounce": "[d\u026a\u02c8z\u0251\u02d0st\u0259(r)]", "sentence_en": "A disaster was narrowly averted.", "sentence_zh": "\u53ca\u65f6\u9632\u6b62\u4e86\u4e00\u573a\u707e\u96be\u3002"}, {"word": "discard", "definition": "v. \u6254\u6389\uff0c\u5f03\u7f6e\uff1b\u6253\u51fa\uff08\u65e0\u7528\u7684\u724c\uff09\uff0c\u57ab\uff08\u724c\uff09", "pronounce": "[d\u026a\u02c8sk\u0251\u02d0d]", "sentence_en": "Einstein had the chutzpah to discard long-established theory.", "sentence_zh": "\u7231\u56e0\u65af\u5766\u62e5\u6709\u629b\u5f03\u65e9\u5df2\u65e2\u5b9a\u7684\u7406\u8bba\u4e4b\u80c6\u8bc6\u3002"}, {"word": "discharge", "definition": "v. \u91ca\u653e\uff0c\u5141\u8bb8\u2026\u2026\u79bb\u5f00\uff1b\u89e3\u96c7\uff1b\u4f7f\u9000\u4f0d\uff1b\uff08\u4f7f\uff09\u6d41\u51fa\uff0c\uff08\u4f7f\uff09\u6392\u51fa\uff1b\u5f00\u706b\uff0c\u53d1\u5c04\uff1b\u653e\uff08\u7535\uff09\uff1b\u5c65\u884c\uff08\u804c\u8d23\uff09\uff0c\u6e05\u507f\uff08\u503a\u52a1\uff09\uff1b\uff08\u6cd5\u5b98\uff0c\u6cd5\u5ead\uff09\u64a4\u9500\uff08\u6cd5\u9662\u547d\u4ee4\uff09\uff1b\u5378\uff08\u8d27\uff09\uff0c\u8ba9\u2026\u2026\u4e0b\u8f66", "pronounce": "[d\u026as\u02c8t\u0283\u0251\u02d0d\u0292]", "sentence_en": "He was given a conditional discharge and ordered to pay Miss Smith $500 compensation.", "sentence_zh": "\u4ed6\u88ab\u5224\u6709\u6761\u4ef6\u91ca\u653e\uff0c\u5e76\u88ab\u547d\u4ee4\u5411\u53f2\u5bc6\u65af\u5c0f\u59d0\u652f\u4ed8$500\u7684\u8d54\u507f\u91d1\u3002"}, {"word": "discipline", "definition": "n. \u7eaa\u5f8b\uff0c\u98ce\u7eaa\uff1b\u60e9\u7f5a\uff0c\u5904\u5206\uff1b\u8bad\u5bfc\uff0c\u7ba1\u6559\uff1b\u8bad\u7ec3\uff0c\u953b\u70bc\uff1b\u81ea\u5236\u529b\uff0c\u81ea\u5f8b\u80fd\u529b\uff1b\uff08\u5c24\u6307\u5927\u5b66\u7684\uff09\u79d1\u76ee\uff0c\u5b66\u79d1", "pronounce": "[\u02c8d\u026as\u0259pl\u026an]", "sentence_en": "Discipline was the new coach's secret weapon.", "sentence_zh": "\u4e25\u683c\u7684\u8bad\u7ec3\u662f\u8fd9\u4f4d\u65b0\u6559\u7ec3\u7684\u79d8\u5bc6\u6b66\u5668\u3002"}, {"word": "disclose", "definition": "v. \u900f\u9732\uff0c\u516c\u5f00\uff1b\u63ed\u5f00\uff0c\u4f7f\u663e\u9732", "pronounce": "[d\u026as\u02c8kl\u0259\u028az]", "sentence_en": "Neither side would disclose details of the transaction.", "sentence_zh": "\u53cc\u65b9\u90fd\u4e0d\u4f1a\u900f\u9732\u4ea4\u6613\u7684\u7ec6\u8282\u3002"}, {"word": "discourage", "definition": "v. \u4f7f\u6cc4\u6c14\uff0c\u4f7f\u7070\u5fc3\uff1b\u4f7f\u6253\u6d88\u5ff5\u5934\uff0c\u529d\u963b\uff1b\u963b\u788d", "pronounce": "[d\u026as\u02c8k\u028cr\u026ad\u0292]", "sentence_en": "His parents tried to discourage him from being an actor.", "sentence_zh": "\u4ed6\u7684\u7236\u6bcd\u8bd5\u56fe\u963b\u6b62\u4ed6\u53bb\u5f53\u6f14\u5458\u3002"}, {"word": "discover", "definition": "v. \u53d1\u73b0\uff0c\u627e\u5230\uff1b\u4e86\u89e3\u5230\uff0c\u53d1\u89c9\uff0c\u67e5\u660e\uff1b\u53d1\u6398\uff08\u4eba\u624d\uff09\uff1b\u521d\u6b21\u63a5\u89e6", "pronounce": "[d\u026a\u02c8sk\u028cv\u0259(r)]", "sentence_en": "Only later did she discover a talent for writing.", "sentence_zh": "\u5979\u540e\u6765\u624d\u53d1\u73b0\u81ea\u5df1\u7684\u5199\u4f5c\u5929\u5206\u3002"}, {"word": "discovery", "definition": "n. \u53d1\u73b0\uff0c\u88ab\u53d1\u73b0\u7684\u4e8b\u7269\uff1b\uff08\u6cd5\u5f8b\uff09\u5f3a\u5236\u6027\u900f\u9732", "pronounce": "[d\u026a\u02c8sk\u028cv\u0259ri]", "sentence_en": "Police have made a macabre discovery.", "sentence_zh": "\u8b66\u5bdf\u6709\u4e86\u4e2a\u53ef\u6015\u7684\u53d1\u73b0\u3002"}, {"word": "disease", "definition": "n. \u75be\u75c5\uff0c\u75c5\u5bb3\uff1b\u5f0a\u75c5\uff0c\u6076\u4e60", "pronounce": "[d\u026a\u02c8zi\u02d0z]", "sentence_en": "Disease often goes with poverty.", "sentence_zh": "\u75be\u75c5\u4e0e\u8d2b\u7a77\u5e38\u5e38\u76f8\u4f34\u800c\u751f\u3002"}, {"word": "dishonour", "definition": "n. \u803b\u8fb1\uff0c\u4e22\u8138\uff1b\u62d2\u4ed8", "pronounce": "[d\u026as\u02c8\u0252n\u0259(r)]", "sentence_en": "I have brought shame and dishonour on my family.", "sentence_zh": "\u6211\u7ed9\u6211\u7684\u5bb6\u4eba\u5e26\u6765\u4e86\u7f9e\u6127\u548c\u803b\u8fb1\u3002"}, {"word": "dismiss", "definition": "v. \u5f00\u9664\uff0c\u89e3\u96c7\uff1b\u4e0d\u8003\u8651\uff0c\u4e0d\u7406\u4f1a\uff1b\u9a73\u56de\uff0c\u505c\u6b62\u53d7\u7406\uff1b\u8ba9\u2026\u2026\u79bb\u5f00\uff0c\u89e3\u6563\uff1b\uff08\u677f\u7403\uff09\u4f7f\u9000\u573a\uff0c\u4f7f\u51fa\u5c40", "pronounce": "[d\u026as\u02c8m\u026as]", "sentence_en": "He was so irresponsible that I decided to dismiss him.", "sentence_zh": "\u4ed6\u5982\u6b64\u4e0d\u8d1f\u8d23\u4efb\uff0c\u6211\u51b3\u5b9a\u89e3\u96c7\u4ed6\u3002"}, {"word": "disorder", "definition": "n. \u6df7\u4e71\uff0c\u6742\u4e71\uff1b\u9a9a\u4e71\uff0c\u52a8\u4e71\uff1b\u7d0a\u4e71\uff0c\u75be\u75c5", "pronounce": "[d\u026as\u02c8\u0254\u02d0d\u0259(r)]", "sentence_en": "The FDA has approved a new treatment for a rare blood disorder.", "sentence_zh": "\u98df\u54c1\u53ca\u836f\u7269\u7ba1\u7406\u5c40\u901a\u8fc7\u4e86\u4e00\u79cd\u7f55\u89c1\u8840\u6db2\u75be\u75c5\u7684\u65b0\u7597\u6cd5\u3002"}, {"word": "display", "definition": "v. \u5c55\u793a\uff0c\u9648\u5217\uff1b\u663e\u9732\uff0c\u8868\u73b0\uff1b\uff08\u8ba1\u7b97\u673a\uff09\u663e\u793a\uff1b\uff08\u4e3a\u6c42\u5076\uff09\u4f5c\u70ab\u8000\u884c\u4e3a", "pronounce": "[d\u026a\u02c8sple\u026a]", "sentence_en": "These statistics display a definite trend.", "sentence_zh": "\u8fd9\u4e9b\u7edf\u8ba1\u6570\u636e\u8868\u73b0\u51fa\u4e00\u79cd\u660e\u663e\u7684\u8d8b\u52bf\u3002"}, {"word": "disposal", "definition": "n. \u5904\u7406\uff0c\u6e05\u9664\uff1b\uff08\u571f\u5730\u3001\u8d22\u4ea7\u7b49\u7684\uff09\u53d8\u5356\uff0c\u8f6c\u8ba9\uff1b<\u6587>\u5b89\u6392\uff0c\u5b89\u7f6e\uff1b<\u7f8e>\u6c61\u7269\u78be\u788e\u5668", "pronounce": "[d\u026a\u02c8sp\u0259\u028az(\u0259)l]", "sentence_en": "Congress passed a law that regulates the disposal of waste.", "sentence_zh": "\u56fd\u4f1a\u901a\u8fc7\u4e86\u4e00\u6761\u7ba1\u7406\u5e9f\u7269\u5904\u7406\u7684\u6cd5\u5f8b\u3002"}, {"word": "dispose", "definition": "v. \u5904\u7406\uff0c\u653e\u7f6e\uff0c\u5b89\u6392\uff1b\u4f7f\u6613\u4e8e\uff0c\u4f7f\u503e\u5411\u4e8e\uff1b\u4e22\u6389\uff1b", "pronounce": "[d\u026a\u02c8sp\u0259\u028az]", "sentence_en": "Obviously we ask all our customers to dispose of litter responsibly.", "sentence_zh": "\u663e\u7136\uff0c\u6211\u4eec\u8981\u6c42\u6240\u6709\u7684\u987e\u5ba2\u8d1f\u8d23\u4efb\u5730\u5904\u7406\u5783\u573e\u3002"}, {"word": "disposable", "definition": "adj.  \u4e00\u6b21\u6027\u7684\uff0c\u7528\u5b8c\u5373\u4e22\u5f03\u7684\uff1b\u53ef\u652f\u914d\u7684\uff0c\u53ef\u81ea\u7531\u4f7f\u7528\u7684\uff1b\uff08\u4eba\uff0c\u89c2\u70b9\uff09\u53ef\u6709\u53ef\u65e0\u7684\uff0c\u53ef\u8f7b\u6613\u653e\u5f03\u7684", "pronounce": "[d\u026a\u02c8sp\u0259\u028az\u0259b(\u0259)l]", "sentence_en": "Gerald had little disposable income.", "sentence_zh": "\u6770\u62c9\u5c14\u5fb7\u6ca1\u6709\u591a\u5c11\u53ef\u81ea\u7531\u652f\u914d\u7684\u6536\u5165\u3002"}, {"word": "displease", "definition": "vt. \u4f7f\u751f\u6c14\uff1b\u89e6\u6012", "pronounce": "[d\u026as\u02c8pli\u02d0z]", "sentence_en": "Not wishing to displease her, he avoided answering the question.", "sentence_zh": "\u7531\u4e8e\u4e0d\u60f3\u5bf9\u5979\u6709\u6240\u5192\u72af\uff0c\u4ed6\u56de\u907f\u4e86\u8fd9\u4e2a\u95ee\u9898\u3002"}, {"word": "dissolve", "definition": "v. \u89e3\u6563\uff0c\u89e3\u9664\uff1b\u6d88\u5931\uff1b\uff08\u4ee5\u5316\u5b66\u624b\u6bb5\uff09\u9664\u53bb\uff0c\u5206\u6563\uff1b\uff08\u4f7f\uff09\u6eb6\u89e3", "pronounce": "[d\u026a\u02c8z\u0252lv]", "sentence_en": "The substance does not dissolve in water whether heated or not.", "sentence_zh": "\u65e0\u8bba\u52a0\u70ed\u4e0e\u5426\uff0c\u8fd9\u79cd\u7269\u8d28\u90fd\u4e0d\u6eb6\u4e8e\u6c34\u3002"}, {"word": "distance", "definition": "n. \u8fdc\u5904\uff1b\u758f\u8fdc\uff0c\u9694\u9602\uff1b\uff08\u4eba\u6216\u7269\u4e4b\u95f4\u7684\uff09\u5dee\u522b\uff0c\u5dee\u8ddd\uff1b\u8fdb\u5c55\uff1b\u8ddd\u79bb", "pronounce": "[\u02c8d\u026ast\u0259ns]", "sentence_en": "Alice stood staring into the distance.", "sentence_zh": "\u827e\u4e3d\u65af\u7ad9\u7740\u51dd\u89c6\u8fdc\u65b9\u3002"}, {"word": "distant", "definition": "adj. \u9065\u8fdc\u7684\uff0c\u4e45\u8fdc\u7684\uff1b\u51b7\u6de1\u7684\uff1b\u5fc3\u4e0d\u5728\u7109\u7684\uff1b\u8fdc\u4eb2\u7684\uff1b\u4e0d\u76f8\u4f3c\u7684\uff0c\u4e0d\u540c\u7684", "pronounce": "[\u02c8d\u026ast\u0259nt]", "sentence_en": "He's a distant cousin of mine.", "sentence_zh": "\u4ed6\u662f\u6211\u8fdc\u623f\u7684\u4e00\u4e2a\u8868\u4eb2\u3002"}, {"word": "distinct", "definition": "adj. \u4e0d\u540c\u7684\uff0c\u6709\u533a\u522b\u7684\uff1b\u6e05\u695a\u7684\uff0c\u660e\u663e\u7684\uff1b\u786e\u5207\u7684", "pronounce": "[d\u026a\u02c8st\u026a\u014bkt]", "sentence_en": "There was a distinct smell of gas.", "sentence_zh": "\u6709\u4e00\u80a1\u660e\u663e\u7684\u7164\u6c14\u5473\u3002"}, {"word": "distinction", "definition": "n. \u5dee\u522b\uff0c\u533a\u5206\uff1b\u6770\u51fa\uff0c\u5353\u8d8a\uff1b\u7279\u70b9\uff1b\u8363\u8a89", "pronounce": "[d\u026a\u02c8st\u026a\u014bk\u0283n]", "sentence_en": "We need to draw a distinction between the two events.", "sentence_zh": "\u6211\u4eec\u5f97\u628a\u4e24\u8d77\u4e8b\u4ef6\u533a\u522b\u5f00\u6765\u3002"}, {"word": "distinguish", "definition": "v. \u4f7f\u6709\u522b\u4e8e\uff1b\u770b\u6e05\uff0c\u8ba4\u51fa\uff1b\u533a\u522b\uff0c\u5206\u6e05", "pronounce": "[d\u026a\u02c8st\u026a\u014b\u0261w\u026a\u0283]", "sentence_en": "Could he distinguish right from wrong?", "sentence_zh": "\u4ed6\u80fd\u8fa8\u522b\u662f\u975e\u5417\uff1f"}, {"word": "distress", "definition": "n. \u5fe7\u8651\uff0c\u60b2\u4f24\uff1b\u8d2b\u56f0\uff1b\u5371\u96be\uff0c\u9669\u60c5\uff1b\uff08\u8089\u4f53\u7684\uff09\u5267\u75db", "pronounce": "[d\u026a\u02c8stres]", "sentence_en": "She was obviously in distress after the attack.", "sentence_zh": "\u5979\u53d7\u5230\u653b\u51fb\u540e\u663e\u7136\u5f88\u75db\u82e6\u3002"}, {"word": "distribute", "definition": "v. \u5206\u53d1\uff0c\u5206\u914d\uff1b\u914d\u9001\uff0c\u5206\u9500\uff1b\u6563\u5e03\uff0c\u4f7f\u5206\u5e03\uff1b\uff08\u5370\u5237\uff09\u62c6\uff08\u7248\uff09\u8fd8\u5b57\uff1b\u5468\u5ef6", "pronounce": "[d\u026a\u02c8str\u026abju\u02d0t]", "sentence_en": "Aid workers helped distribute corn, milk and other staples.", "sentence_zh": "\u6551\u52a9\u4eba\u5458\u534f\u52a9\u5206\u53d1\u8c37\u7269\u3001\u725b\u5976\u53ca\u5176\u4ed6\u5fc5\u9700\u7684\u98df\u7269\u3002"}, {"word": "distribution", "definition": "n. \u5206\u53d1\uff1b\u5206\u9500\uff0c\u914d\u9001\uff1b\uff08\u7535\u5f71\u5728\u5404\u9662\u7ebf\u7684\uff09\u53d1\u884c\uff0c\u4e0a\u6620\uff1b\u5206\u914d\uff0c\u5206\u5e03", "pronounce": "[\u02ccd\u026astr\u026a\u02c8bju\u02d0\u0283n]", "sentence_en": "They studied the geographical distribution of the disease.", "sentence_zh": "\u4ed6\u4eec\u7814\u7a76\u4e86\u8fd9\u79cd\u75be\u75c5\u7684\u5730\u57df\u5206\u5e03\u60c5\u51b5\u3002"}, {"word": "diverse", "definition": "adj. \u4e0d\u540c\u7684\uff0c\u5404\u5f0f\u5404\u6837\u7684", "pronounce": "[da\u026a\u02c8v\u025c\u02d0s]", "sentence_en": "Cuba is a composite of diverse traditions and people.", "sentence_zh": "\u53e4\u5df4\u662f\u4e00\u4e2a\u4e0d\u540c\u4f20\u7edf\u548c\u6c11\u65cf\u7684\u878d\u5408\u4f53\u3002"}, {"word": "divide", "definition": "v. \uff08\u4f7f\uff09\u5206\u5f00\uff0c\u5206\u6563\uff1b\u5206\u914d\uff0c\u5206\u62c5\uff1b\u4f7f\u5206\u79bb\uff1b\u5206\u9694\uff0c\u9694\u5f00\uff1b\u4f7f\u4ea7\u751f\u5206\u6b67\uff1b\u9664\uff0c\u9664\u4ee5\uff1b\u5206\u5c94", "pronounce": "[d\u026a\u02c8va\u026ad]", "sentence_en": "How shall we divide up the work?", "sentence_zh": "\u6211\u4eec\u600e\u4e48\u5206\u5de5\u5462\uff1f"}, {"word": "division", "definition": "n. \u5206\u5f00\uff0c\u5206\u914d\uff1b\u9664\u6cd5\uff1b\u90e8\u95e8\uff1b\u5206\u6b67\uff0c\u4e0d\u548c\uff1b\u5206\u754c\u7ebf\uff1b\uff08\u519b\u961f\u7f16\u5236\u4e2d\u7684\uff09\u5e08\uff1b\uff08\u82f1\u56fd\u8bae\u4f1a\u7684\uff09\u5206\u7ec4\u8868\u51b3\uff1b\uff08\u8db3\u7403\u7b49\u4f53\u80b2\u8fd0\u52a8\u4e2d\u8054\u8d5b\u7684\uff09\u7ea7", "pronounce": "[d\u026a\u02c8v\u026a\u0292(\u0259)n]", "sentence_en": "He joined the 40th Division as an army chaplain.", "sentence_zh": "\u4ed6\u52a0\u5165\u4e86\u7b2c40\u5e08\u5f53\u519b\u961f\u7267\u5e08\u3002"}, {"word": "divorce", "definition": "n. \u79bb\u5a5a\uff1b\u79bb\u5a5a\u5224\u51b3\uff1b\u5206\u5f00\uff0c\u8131\u79bb", "pronounce": "[d\u026a\u02c8v\u0254\u02d0s]", "sentence_en": "Divorce was legalized in 1981.", "sentence_zh": "\u79bb\u5a5a\u57281981\u5e74\u88ab\u5408\u6cd5\u5316\u4e86\u3002"}, {"word": "domestic", "definition": "adj. \u56fd\u5185\u7684\uff0c\u672c\u56fd\u7684\uff1b\u5bb6\u7528\u7684\uff0c\u5bb6\u5ead\u7684\uff1b\u559c\u7231\u5bb6\u5ead\u751f\u6d3b\u7684\uff0c\u4e50\u4e8e\u64cd\u6301\u5bb6\u52a1\u7684\uff1b\u975e\u91ce\u751f\u7684\uff0c\u9a6f\u517b\u7684", "pronounce": "[d\u0259\u02c8mest\u026ak]", "sentence_en": "It was a scene of such domestic bliss.", "sentence_zh": "\u8fd9\u662f\u4e00\u5e55\u5bb6\u5ead\u7f8e\u6ee1\u7684\u573a\u666f\u3002"}, {"word": "dorm", "definition": "n. \u5bbf\u820d\uff08=dormitory\uff09", "pronounce": "[d\u0254\u02d0m]", "sentence_en": "The dorm will remain open until 5 pm.", "sentence_zh": "\u5bbf\u820d\u5c06\u4e00\u76f4\u5f00\u653e\u5230\u4e0b\u53485\u70b9\u3002"}, {"word": "dormitory", "definition": "n. \u96c6\u4f53\u5bbf\u820d\uff1b<\u7f8e>\uff08\u5b66\u9662\u6216\u5927\u5b66\u7684\uff09\u5b66\u751f\u5bbf\u820d\u697c\uff1b<\u82f1>\uff08\u4e3a\u5728\u9644\u8fd1\u57ce\u5e02\u91cc\u5de5\u4f5c\u7684\u4eba\u63d0\u4f9b\u7684\uff09\u4f4f\u5b85\u57ce\uff0c\u90ca\u5916\u5c45\u4f4f\u533a", "pronounce": "[\u02c8d\u0254\u02d0m\u0259tri]", "sentence_en": "She lived in a college dormitory.", "sentence_zh": "\u5979\u4f4f\u5728\u4e00\u5e62\u5927\u5b66\u5bbf\u820d\u697c\u91cc\u3002"}, {"word": "dose", "definition": "n. \u4e00\u5242\uff0c\u4e00\u670d\uff1b\u4e00\u6b21\uff0c\u4e00\u70b9\uff1b\u82b1\u67f3\u75c5", "pronounce": "[d\u0259\u028as]", "sentence_en": "It is dangerous to exceed the recommended dose.", "sentence_zh": "\u8d85\u8fc7\u5efa\u8bae\u4f7f\u7528\u7684\u5242\u91cf\u4f1a\u6709\u5371\u9669\u3002"}, {"word": "downpour", "definition": "n. \u503e\u76c6\u5927\u96e8\uff1b\u6ce8\u4e0b", "pronounce": "[\u02c8da\u028anp\u0254\u02d0(r)]", "sentence_en": "A heavy downpour interrupted the football match.", "sentence_zh": "\u4e00\u573a\u9aa4\u96e8\u4e2d\u65ad\u4e86\u8fd9\u573a\u8db3\u7403\u8d5b\u3002"}, {"word": "drunk", "definition": "adj. \u559d\u9189\u7684\uff0c\u9189\u9152\u7684\uff1b\u9676\u9189\u7684\uff0c\u6c89\u9189\u7684\uff0c\u5fd8\u4e4e\u6240\u4ee5", "pronounce": "[dr\u028c\u014bk]", "sentence_en": "He was arrested for drunk driving.", "sentence_zh": "\u4ed6\u56e0\u4e3a\u9189\u9152\u9a7e\u8f66\u88ab\u62d8\u7559\u4e86\u3002"}, {"word": "drown", "definition": "v. \uff08\u58f0\u97f3\uff09\u538b\u8fc7\uff0c\u76d6\u8fc7\uff1b\u6c89\u6d78\u4e8e\uff0c\u6df9\u6ca1\u4e8e\uff1b\uff08\u4f7f\uff09\u6df9\u6b7b", "pronounce": "[dra\u028an]", "sentence_en": "Animals get tangled in fishing nets and drown.", "sentence_zh": "\u52a8\u7269\u88ab\u7f20\u5728\u6e14\u7f51\u91cc\u6df9\u6b7b\u4e86\u3002"}, {"word": "durable", "definition": "adj. \u6301\u4e45\u7684\uff0c\u8010\u7528\u7684\uff1b<\u975e\u6b63\u5f0f>\uff08\u4eba\uff09\u6709\u8010\u529b\u7684\uff0c\u575a\u97e7\u4e0d\u62d4\u7684", "pronounce": "[\u02c8dj\u028a\u0259r\u0259b(\u0259)l]", "sentence_en": "The durable high-impact plastic case is water resistant to 100 feet.", "sentence_zh": "\u8fd9\u79cd\u8010\u4e45\u7684\u9ad8\u5f3a\u5ea6\u5851\u6599\u76d2\u5728100\u82f1\u5c3a\u6c34\u6df1\u4ee5\u5185\u662f\u9632\u6c34\u7684\u3002"}, {"word": "duration", "definition": "n. \u6301\u7eed\uff0c\u6301\u7eed\u65f6\u95f4", "pronounce": "[dju\u02c8re\u026a\u0283n]", "sentence_en": "The duration of previous geologic periods was difficult to determine.", "sentence_zh": "\u4ee5\u524d\u5f88\u96be\u786e\u5b9a\u5730\u8d28\u671f\u7684\u6301\u7eed\u65f6\u95f4\u3002"}, {"word": "eager", "definition": "adj. \u70ed\u5207\u7684\uff0c\u6e34\u671b\u7684\uff0c\u6e34\u6c42\u7684", "pronounce": "[\u02c8i\u02d0\u0261\u0259(r)]", "sentence_en": "He was eager to get into politics.", "sentence_zh": "\u4ed6\u6e34\u671b\u4ece\u653f\u3002"}, {"word": "earn", "definition": "v. \u8d5a\u5f97\uff0c\u6323\u94b1\uff1b\u76c8\uff08\u5229\uff09\uff0c\u751f\uff08\u5229\uff09\uff1b\u8d62\u5f97\uff0c\u535a\u5f97", "pronounce": "[\u025c\u02d0n]", "sentence_en": "He doesn't earn as much as me.", "sentence_zh": "\u4ed6\u6323\u7684\u94b1\u6bd4\u6211\u5c11\u3002"}, {"word": "earnest", "definition": "adj. \u8ba4\u771f\u7684\uff0c\u8bda\u631a\u7684\uff0c\u771f\u8bda\u7684", "pronounce": "[\u02c8\u025c\u02d0n\u026ast]", "sentence_en": "I'm in deadly earnest.", "sentence_zh": "\u6211\u662f\u975e\u5e38\u8ba4\u771f\u7684\u3002"}, {"word": "earthquake", "definition": "n. \u5730\u9707\uff1b\u5927\u52a8\u8361", "pronounce": "[\u02c8\u025c\u02d0\u03b8kwe\u026ak]", "sentence_en": "The town was rocked by an earthquake.", "sentence_zh": "\u5c0f\u9547\u53d7\u5230\u5730\u9707\u7684\u5267\u70c8\u9707\u52a8\u3002"}, {"word": "ease", "definition": "n. \u5bb9\u6613\uff1b\u8212\u9002\uff0c\u81ea\u5728", "pronounce": "[i\u02d0z]", "sentence_en": "This should help ease the pain.", "sentence_zh": "\u8fd9\u8be5\u6709\u52a9\u4e8e\u51cf\u8f7b\u75db\u82e6\u3002"}, {"word": "echo", "definition": "n. \u56de\u58f0\uff0c\u56de\u97f3\uff0c\u4f59\u97f3\u7ed5\u6881\uff1b\u91cd\u590d\uff0c\u9644\u548c\uff0c\u5171\u9e23\uff1b\u76f8\u4f3c\u4e4b\u5904\uff0c\u518d\u73b0\uff1b\u56de\u58f0\u63d2\u5165\uff1b\uff08\u8bdd\u8bed\u7ed3\u6784\u548c\u5185\u5bb9\u7684\uff09\u91cd\u590d\uff1b\uff08\u6865\u724c\uff09\u56de\u58f0\u4fe1\u53f7", "pronounce": "[\u02c8ek\u0259\u028a]", "sentence_en": "The hills sent back a faint echo.", "sentence_zh": "\u5ea7\u5ea7\u5c71\u4e18\u4f20\u6765\u5fae\u5f31\u7684\u56de\u58f0\u3002"}, {"word": "economic", "definition": "adj. \u7ecf\u6d4e\u7684\uff0c\u7ecf\u6d4e\u5b66\u7684\uff1b\u6709\u5229\u53ef\u56fe\u7684\uff1b\u8282\u7ea6\u7684", "pronounce": "[\u02cci\u02d0k\u0259\u02c8n\u0252m\u026ak]", "sentence_en": "The idea is an economic nonsense.", "sentence_zh": "\u8fd9\u79cd\u89c2\u70b9\u662f\u7ecf\u6d4e\u5b66\u4e0a\u7684\u8c2c\u8bba\u3002"}, {"word": "economical", "definition": "adj. \u7ecf\u6d4e\u5b9e\u60e0\u7684\uff1b\u8282\u7ea6\u7684\uff1b\u7b80\u7ec3\u7684", "pronounce": "[\u02cci\u02d0k\u0259\u02c8n\u0252m\u026ak(\u0259)l]", "sentence_en": "Fans of electric cars say they are clean, quiet, and economical.", "sentence_zh": "\u7535\u52a8\u8f66\u7231\u597d\u8005\u8bf4\u7535\u52a8\u8f66\u65e0\u6c61\u67d3\uff0c\u65e0\u566a\u97f3\uff0c\u800c\u4e14\u7ecf\u6d4e\u3002"}, {"word": "economy", "definition": "n. \u7ecf\u6d4e\uff1b\u8282\u7701\uff0c\u7b80\u7ec3\uff1b\u7ecf\u6d4e\u8231", "pronounce": "[\u026a\u02c8k\u0252n\u0259mi]", "sentence_en": "China's economy galloped ahead.", "sentence_zh": "\u4e2d\u56fd\u7684\u7ecf\u6d4e\u98de\u901f\u5411\u524d\u53d1\u5c55\u3002"}, {"word": "elaborate", "definition": "adj. \u590d\u6742\u7684\uff0c\u8be6\u5c3d\u7684\uff1b\u7cbe\u5fc3\u5236\u4f5c\u7684", "pronounce": "[\u026a\u02c8l\u00e6b\u0259r\u0259t]", "sentence_en": "She went on to elaborate her argument.", "sentence_zh": "\u5979\u8fdb\u800c\u8be6\u5c3d\u9610\u8ff0\u4e86\u5979\u7684\u8bba\u70b9\u3002"}, {"word": "elect", "definition": "v. \u9009\u4e3e\uff1b\u9009\u62e9\uff08\u505a\uff09\uff1b\uff08\u4e0a\u5e1d\uff09\u6311\u9009\uff08\u67d0\u4eba\uff09\uff08\u800c\u4f7f\u5176\u7075\u9b42\u6c38\u8fdc\u5f97\u6551\uff09", "pronounce": "[\u026a\u02c8lekt]", "sentence_en": "The committee voted to re-elect him (as) chairman.", "sentence_zh": "\u59d4\u5458\u4f1a\u6295\u7968\u518d\u6b21\u9009\u4e3e\u4ed6\u62c5\u4efb\u4e3b\u5e2d\u3002"}, {"word": "election", "definition": "n. \u9009\u4e3e\uff1b\u5f53\u9009\uff1b\u9009\u4e3e\u6743\uff1b\u4e0a\u5e1d\u7684\u9009\u62d4", "pronounce": "[\u026a\u02c8lek\u0283(\u0259)n]", "sentence_en": "We had an election last year.", "sentence_zh": "\u6211\u4eec\u53bb\u5e74\u8fdb\u884c\u4e86\u4e00\u6b21\u9009\u4e3e\u3002"}, {"word": "electric", "definition": "adj. \u7535\u7684\uff1b\u4ee4\u4eba\u6fc0\u52a8\u7684\uff1b\u7535\u5b50\u6269\u97f3\u7684", "pronounce": "[\u026a\u02c8lektr\u026ak]", "sentence_en": "The electric will be off tomorrow.", "sentence_zh": "\u660e\u5929\u505c\u7535\u3002"}, {"word": "electrical", "definition": "adj. \u7535\u7684\uff0c\u4e0e\u7535\u6709\u5173\u7684\uff1b\u751f\u4ea7\u6216\u9500\u552e\u7535\u5668\u7684", "pronounce": "[\u026a\u02c8lektr\u026ak(\u0259)l]", "sentence_en": "The company is a world leader in electrical goods.", "sentence_zh": "\u8fd9\u5bb6\u516c\u53f8\u7684\u7535\u5668\u4ea7\u54c1\u5728\u5168\u4e16\u754c\u9996\u5c48\u4e00\u6307\u3002"}, {"word": "electricity", "definition": "n. \u7535\uff0c\u7535\u6d41\uff0c\u7535\u529b\uff1b\u5f3a\u70c8\u611f\u60c5", "pronounce": "[\u026a\u02cclek\u02c8tr\u026as\u0259ti]", "sentence_en": "He cannot fix the electricity.", "sentence_zh": "\u4ed6\u4e0d\u4f1a\u4fee\u7406\u7535\u8def\u3002"}, {"word": "electron", "definition": "n. \u7535\u5b50", "pronounce": "[\u026a\u02c8lektr\u0252n]", "sentence_en": "Magnetic coils focus the electron beams into fine spots.", "sentence_zh": "\u78c1\u7ebf\u5708\u5c06\u7535\u5b50\u675f\u805a\u7126\u6210\u7ec6\u5c0f\u7684\u70b9\u3002"}, {"word": "electronic", "definition": "adj. \u7535\u5b50\u7684\uff0c\u7535\u5b50\u5b66\u7684", "pronounce": "[\u026a\u02cclek\u02c8tr\u0252n\u026ak]", "sentence_en": "His desk is covered with electronic gadgetry.", "sentence_zh": "\u4ed6\u7684\u4e66\u684c\u4e0a\u6446\u6ee1\u4e86\u5404\u79cd\u7535\u5b50\u88c5\u7f6e\u3002"}, {"word": "electronics", "definition": "n. \u7535\u5b50\u5b66\uff1b\u7535\u5b50\u8bbe\u5907\uff0c\u7535\u5b50\u5668\u4ef6", "pronounce": "[\u026a\u02cclek\u02c8tr\u0252n\u026aks]", "sentence_en": "Racal Electronics shares have been in a strong uptrend.", "sentence_zh": "\u745e\u5361\u5c14\u7535\u5b50\u516c\u53f8\u7684\u80a1\u7968\u5df2\u5904\u5728\u5f3a\u52b2\u4e0a\u5347\u8d8b\u52bf\u4e2d\u3002"}, {"word": "element", "definition": "n. \u57fa\u672c\u90e8\u5206\uff0c\u8981\u7d20\uff1b\u5143\u7d20\uff1b\u6709\u70b9\uff0c\u5c11\u91cf\uff1b\u4e00\u7fa4\u4eba\uff1b\u6076\u52a3\u5929\u6c14\uff08the elements\uff09\uff1b\u57fa\u672c\u539f\u7406\uff1b\u9002\u5b9c\u7684\u73af\u5883\uff1b\u7535\u70ed\u5143\u4ef6\uff0c\u7535\u70ed\u4e1d\uff1b\uff08\u57fa\u7763\u6559\u5723\u9910\u4e2d\u7684\uff09\u9762\u5305\u548c\u9152", "pronounce": "[\u02c8el\u026am\u0259nt]", "sentence_en": "Cost was a key element in our decision.", "sentence_zh": "\u4ef7\u94b1\u662f\u6211\u4eec\u51b3\u7b56\u65f6\u8003\u8651\u7684\u4e3b\u8981\u56e0\u7d20\u3002"}, {"word": "elementary", "definition": "adj. \u7b80\u5355\u7684\uff0c\u57fa\u672c\u7684\uff1b\u57fa\u7840\u7684\uff0c\u521d\u7ea7\u7684\uff1b\u5c0f\u5b66\u7684\uff1b\u5355\u4e00\u5143\u7d20\u7684\uff0c\u975e\u5316\u5408\u7269\u7684", "pronounce": "[\u02ccel\u026a\u02c8mentri]", "sentence_en": "Literacy now includes elementary computer skills.", "sentence_zh": "\u6709\u6587\u5316\u73b0\u5728\u5305\u62ec\u57fa\u672c\u7684\u8ba1\u7b97\u673a\u6280\u80fd\u3002"}, {"word": "eliminate", "definition": "v. \u5254\u9664\uff0c\u6839\u9664\uff1b\u5bf9\u2026\u2026\u4e0d\u4e88\u8003\u8651\uff0c\u628a\u2026\u2026\u6392\u9664\u5728\u5916\uff1b\uff08\u6bd4\u8d5b\u4e2d\uff09\u6dd8\u6c70\uff1b\u94f2\u9664\uff0c\u6740\u5bb3\uff1b\uff08\u751f\u7406\uff09\u6392\u9664\uff0c\u6392\u6cc4\uff1b\u6d88\u53bb", "pronounce": "[\u026a\u02c8l\u026am\u026ane\u026at]", "sentence_en": "This diet claims to eliminate toxins from the body.", "sentence_zh": "\u8fd9\u79cd\u996e\u98df\u636e\u79f0\u5177\u6709\u6392\u9664\u4f53\u5185\u6bd2\u7d20\u7684\u4f5c\u7528\u3002"}, {"word": "elimination", "definition": "n. \u6d88\u9664\uff0c\u6392\u9664\uff1b\u6dd8\u6c70\uff1b\u6d88\u706d\uff0c\u94f2\u9664\uff1b\u6392\u6cc4", "pronounce": "[\u026a\u02ccl\u026am\u026a\u02c8ne\u026a\u0283n]", "sentence_en": "Find which food you are allergic to by a process of elimination.", "sentence_zh": "\u7528\u6392\u9664\u6cd5\u627e\u51fa\u4f60\u5bf9\u54ea\u79cd\u98df\u7269\u8fc7\u654f\u3002"}, {"word": "embarrass", "definition": "v. \uff08\u4f7f\uff09\u5c34\u5c2c\uff0c\u7a98\u8feb\uff1b\u4f7f\u96be\u582a\uff0c\u4f7f\u4e3a\u96be\uff1b<\u53e4>\u59a8\u788d\uff08\u4eba\uff0c\u79fb\u52a8\uff0c\u884c\u52a8\uff09\uff1b<\u53e4>\u4f7f\u56f0\u96be\u91cd\u91cd\uff0c\u4f7f\u590d\u6742\u5316", "pronounce": "[\u026am\u02c8b\u00e6r\u0259s]", "sentence_en": "I didn't want to embarrass him by kissing him in front of his friends.", "sentence_zh": "\u6211\u5e76\u6ca1\u60f3\u5f53\u7740\u4ed6\u7684\u670b\u53cb\u543b\u4ed6\u800c\u4f7f\u4ed6\u611f\u5230\u96be\u582a\u3002"}, {"word": "embrace", "definition": "v. \u62e5\u62b1\uff1b\u6b23\u7136\u63a5\u53d7\uff0c\u4e50\u610f\u91c7\u7eb3\uff1b\u5305\u62ec\uff0c\u6d89\u53ca\uff1b\u56f4\u7ed5\uff0c\u73af\u7ed5", "pronounce": "[\u026am\u02c8bre\u026as]", "sentence_en": "He held her in a warm embrace.", "sentence_zh": "\u4ed6\u70ed\u70c8\u5730\u62e5\u62b1\u7740\u5979\u3002"}, {"word": "emerge", "definition": "v. \u6d6e\u73b0\uff0c\u51fa\u73b0\uff1b\u663e\u9732\uff0c\u77e5\u6089\uff1b\u6062\u590d\u8fc7\u6765\uff0c\u5e78\u5b58\u4e0b\u6765\uff1b\u5f62\u6210\uff0c\u5174\u8d77", "pronounce": "[\u026a\u02c8m\u025c\u02d0d\u0292]", "sentence_en": "Further evidence of slowing economic growth is likely to emerge this week.", "sentence_zh": "\u66f4\u591a\u6709\u5173\u5728\u51cf\u6162\u7684\u7ecf\u6d4e\u589e\u957f\u7684\u8bc1\u636e\u672c\u5468\u53ef\u80fd\u51fa\u73b0\u3002"}, {"word": "emergency", "definition": "n. \u7a81\u53d1\u4e8b\u4ef6\uff0c\u7d27\u6025\u60c5\u51b5\uff1b\u6025\u75c7\u75c5\u4eba\uff0c\u6025\u8bca\u75c5\u4eba\uff1b<\u7f8e>\uff08\u533b\u9662\u7684\uff09\u6025\u8bca\u5ba4", "pronounce": "[\u026a\u02c8m\u025c\u02d0d\u0292\u0259nsi]", "sentence_en": "Emergency generators cut in.", "sentence_zh": "\u5e94\u6025\u53d1\u7535\u673a\u542f\u52a8\u4e86\u3002"}, {"word": "employee", "definition": "n. \u96c7\u5458", "pronounce": "[\u026am\u02c8pl\u0254\u026ai\u02d0]", "sentence_en": "He is an employee of Fuji Bank.", "sentence_zh": "\u4ed6\u662f\u5bcc\u58eb\u94f6\u884c\u7684\u4e00\u4f4d\u96c7\u5458\u3002"}, {"word": "enable", "definition": "v. \u4f7f\u80fd\u591f\uff0c\u4f7f\u53ef\u80fd\uff1b\u6fc0\u6d3b\uff0c\u542f\u52a8\uff1b\u51c6\u8bb8\uff0c\u6388\u6743", "pronounce": "[\u026a\u02c8ne\u026ab(\u0259)l]", "sentence_en": "The new test should enable doctors to detect the disease early.", "sentence_zh": "\u65b0\u7684\u68c0\u9a8c\u4f7f\u533b\u751f\u80fd\u5728\u65e9\u671f\u53d1\u73b0\u8be5\u79cd\u75be\u75c5\u3002"}, {"word": "enclose", "definition": "v. \u5305\u56f4\uff0c\u56f4\u4f4f\uff1b\u968f\u4fe1\u9644\u4e0a\uff0c\u968f\u4fe1\u88c5\u5165", "pronounce": "[\u026an\u02c8kl\u0259\u028az]", "sentence_en": "Please enclose your remittance, making checks payable to Valley Technology Services.", "sentence_zh": "\u8bf7\u968f\u4fe1\u9644\u4e0a\u60a8\u7684\u6c47\u6b3e\uff0c\u652f\u7968\u6536\u6b3e\u65b9\u4e3a\u74e6\u5229\u79d1\u6280\u670d\u52a1\u516c\u53f8\u3002"}, {"word": "encounter", "definition": "v. \u906d\u9047\uff1b\u5076\u9047\uff0c\u9082\u9005", "pronounce": "[\u026an\u02c8ka\u028ant\u0259(r)]", "sentence_en": "Did you encounter anyone in the building?", "sentence_zh": "\u4f60\u5728\u90a3\u680b\u5927\u697c\u91cc\u5076\u7136\u9047\u5230\u4ec0\u4e48\u4eba\u4e86\u5417\uff1f"}, {"word": "encourage", "definition": "v. \u9f13\u52b1\uff0c\u6fc0\u52b1\uff1b\u9f13\u52a8\uff0c\u6002\u607f\uff1b\u523a\u6fc0\uff0c\u4fc3\u8fdb", "pronounce": "[\u026an\u02c8k\u028cr\u026ad\u0292]", "sentence_en": "Parents encourage every activity imaginable.", "sentence_zh": "\u7236\u6bcd\u9f13\u52b1\u4e00\u5207\u53ef\u80fd\u7684\u6d3b\u52a8\u3002"}, {"word": "endure", "definition": "v. \u6301\u7eed\u5b58\u5728\uff0c\u6301\u4e45\uff1b\u5fcd\u53d7\uff0c\u5fcd\u8010", "pronounce": "[\u026an\u02c8dj\u028a\u0259(r)]", "sentence_en": "He can't endure being defeated.", "sentence_zh": "\u4ed6\u65e0\u6cd5\u5fcd\u53d7\u5931\u8d25\u3002"}, {"word": "enemy", "definition": "n. \u654c\u4eba\uff0c\u53cd\u5bf9\u8005\uff1b\u654c\u56fd\uff0c\u654c\u519b\uff1b\u5927\u654c\uff0c\u5371\u5bb3\u7269", "pronounce": "[\u02c8en\u0259mi]", "sentence_en": "They retreated before the enemy.", "sentence_zh": "\u9762\u5bf9\u654c\u4eba\uff0c\u4ed6\u4eec\u64a4\u9000\u4e86\u3002"}, {"word": "enforce", "definition": "v. \u5b9e\u65bd\uff0c\u6267\u884c\uff08\u6cd5\u5f8b\u3001\u89c4\u7ae0\uff09\uff1b\u5f3a\u8feb\uff0c\u8feb\u4f7f\uff1b<\u65e7>\u7aed\u529b\u4f7f\u4eba\u63a5\u53d7\uff08\u8981\u6c42\uff0c\u8bba\u70b9\uff09", "pronounce": "[\u026an\u02c8f\u0254\u02d0s]", "sentence_en": "The legislation will be difficult to enforce.", "sentence_zh": "\u8fd9\u4e00\u6cd5\u89c4\u5c06\u96be\u4ee5\u5b9e\u65bd\u3002"}, {"word": "engage", "definition": "v. \u96c7\u7528\uff0c\u8058\u8bf7\uff1b\u53c2\u52a0\uff0c\u4ece\u4e8b\uff1b\u5438\u5f15\uff0c\u5f15\u8d77\uff1b\u4e0e\u2026\u2026\u4ea4\u6218\uff0c\u5f00\u6218\uff1b\uff08\u4f7f\uff09\uff08\u673a\u5668\uff09\u556e\u5408\uff0c\u63a5\u5408\uff1b<\u65e7>\u9884\u5b9a\uff08\u81b3\u98df\uff0c\u5730\u65b9\u7b49\uff09\uff1b\u9002\u5e94\uff0c\u4e0e\u2026\u2026\u6709\u5bc6\u5207\u5173\u7cfb\uff1b\u5141\u8bfa\uff0c\u7b7e\u7ea6\u4fdd\u8bc1\uff1b\uff08\u8fd0\u52a8\u5458\u6216\u51fb\u5251\u624b\uff09\u4f7f\uff08\u5175\u5668\uff09\u4ea4\u7ed3\u5728\u4e00\u8d77\uff1b\u5360\u7528", "pronounce": "[\u026an\u02c8\u0261e\u026ad\u0292]", "sentence_en": "Even in prison, he continued to engage in criminal activities.", "sentence_zh": "\u4ed6\u751a\u81f3\u5728\u76d1\u72f1\u91cc\u8fd8\u7ee7\u7eed\u4ece\u4e8b\u72af\u7f6a\u6d3b\u52a8\u3002"}, {"word": "engine", "definition": "n. \u53d1\u52a8\u673a\uff0c\u5f15\u64ce\uff1b\u673a\u8f66\uff0c\u706b\u8f66\u5934\uff1b\u4e13\u7528\u88c5\u5907\uff0c\u5668\u68b0\uff1b\u5de5\u5177\uff0c\u624b\u6bb5\uff1b\u9a71\u52a8\u529b\uff0c\u63a8\u52a8\u529b", "pronounce": "[\u02c8end\u0292\u026an]", "sentence_en": "The engine spluttered and died.", "sentence_zh": "\u53d1\u52a8\u673a\u5288\u5288\u556a\u556a\u54cd\u4e86\u4e00\u9635\u540e\u4fbf\u7184\u706b\u4e86\u3002"}, {"word": "engineer", "definition": "n. \u5de5\u7a0b\u5e08\uff0c\u8bbe\u8ba1\u5e08\uff1b\uff08\u822a\u73ed\uff09\u673a\u68b0\u5e08\uff0c\uff08\u8f6e\u8239\uff09\u8f6e\u673a\u957f\uff1b\u6280\u5e08\uff0c\u673a\u4fee\u5de5\uff1b\u5de5\u5175\uff1b\u673a\u8f66\u53f8\u673a\uff0c\u706b\u8f66\u53f8\u673a\uff1b\u8d23\u4efb\u4eba", "pronounce": "[\u02ccend\u0292\u026a\u02c8n\u026a\u0259(r)]", "sentence_en": "His father meant him to be an engineer.", "sentence_zh": "\u4ed6\u7236\u4eb2\u60f3\u8ba9\u4ed6\u5f53\u5de5\u7a0b\u5e08\u3002"}, {"word": "engineering", "definition": "n. \u5de5\u7a0b\uff0c\u5de5\u7a0b\u5b66\uff1b\u63a7\u5236\uff0c\u5f15\u5bfc\uff0c\u7ba1\u7406\uff1b\u7b79\u5212\uff0c\u51fa\u8c0b\u5212\u7b56", "pronounce": "[\u02ccend\u0292\u026a\u02c8n\u026a\u0259r\u026a\u014b]", "sentence_en": "She works for an engineering company.", "sentence_zh": "\u5979\u5728\u4e00\u5bb6\u5de5\u7a0b\u516c\u53f8\u5de5\u4f5c\u3002"}, {"word": "enlarge", "definition": "v. \u6269\u5927\uff0c\u589e\u5927\uff0c\u653e\u5927\uff1b\u8be6\u8ff0\uff08enlarge on\uff09", "pronounce": "[\u026an\u02c8l\u0251\u02d0d\u0292]", "sentence_en": "Reading will enlarge your vocabulary.", "sentence_zh": "\u9605\u8bfb\u80fd\u6269\u5927\u8bcd\u6c47\u91cf\u3002"}, {"word": "enormous", "definition": "adj. \u5de8\u5927\u7684\uff0c\u6781\u5927\u7684\uff1b<\u53e4>\u51f6\u66b4\u7684\uff0c\u6781\u6076\u7684", "pronounce": "[\u026a\u02c8n\u0254\u02d0m\u0259s]", "sentence_en": "The problems facing the President are enormous.", "sentence_zh": "\u603b\u7edf\u9762\u4e34\u7684\u95ee\u9898\u662f\u5de8\u5927\u7684\u3002"}, {"word": "ensure", "definition": "v. \u786e\u4fdd\uff0c\u4fdd\u8bc1\uff1b\u4fdd\u62a4\uff0c\u4f7f\u5b89\u5168", "pronounce": "[\u026an\u02c8\u0283\u028a\u0259(r)]", "sentence_en": "We tried to ensure that everyone got a fair deal.", "sentence_zh": "\u6211\u4eec\u66fe\u5c3d\u529b\u4fdd\u8bc1\u6bcf\u4e2a\u4eba\u90fd\u53d7\u5230\u516c\u5e73\u5f85\u9047\u3002"}, {"word": "entertain", "definition": "v. \u4f7f\u6709\u5174\u8da3\uff0c\u4f7f\u5feb\u4e50\uff1b\u5fc3\u5b58\uff0c\u6000\u6709\uff08\u60f3\u6cd5\u3001\u5e0c\u671b\u3001\u611f\u89c9\u7b49\uff09\uff1b\u62db\u5f85\uff0c\u8bf7\u5ba2", "pronounce": "[\u02ccent\u0259\u02c8te\u026an]", "sentence_en": "I don't like to entertain guests anymore.", "sentence_zh": "\u6211\u4e0d\u518d\u559c\u6b22\u62db\u5f85\u5ba2\u4eba\u3002"}, {"word": "entitle", "definition": "v. \u7ed9\u4e88\uff08\u67d0\u4eba\uff09\u6743\u5229\uff0c\u7ed9\uff08\u67d0\u4eba\uff09\u8d44\u683c\uff1b\u7ed9......\u547d\u540d\uff0c\u7ed9......\u9898\u540d", "pronounce": "[\u026an\u02c8ta\u026at(\u0259)l]", "sentence_en": "This ticket does not entitle you to travel first class.", "sentence_zh": "\u4f60\u62ff\u8fd9\u5f20\u7968\u4e0d\u80fd\u5750\u5934\u7b49\u8231\u3002"}, {"word": "entrance", "definition": "n. \u5165\u53e3\uff0c\u8fdb\u53e3\uff1b\u8fdb\u5165\uff0c\u8fdb\u95e8\uff1b\uff08\u6f14\u5458\u7684\uff09\u767b\u53f0\uff0c\u767b\u573a\uff1b\u8fdb\u5165\u6743\uff0c\u8fdb\u5165\u8bb8\u53ef\uff1b\u5377\u5165\uff0c\u53c2\u4e0e\uff1b\u7740\u624b\uff0c\u5f00\u59cb\uff1b\u5c31\u4efb\uff0c\u5c31\u804c", "pronounce": "[\u02c8entr\u0259ns]", "sentence_en": "This entrance is in constant use.", "sentence_zh": "\u6b64\u5165\u53e3\u7ecf\u5e38\u4f7f\u7528\u3002"}, {"word": "environment", "definition": "n. \u81ea\u7136\u73af\u5883\uff0c\u751f\u6001\u73af\u5883\uff1b\u5468\u56f4\u72b6\u51b5\uff0c\u6761\u4ef6\uff1b\u5de5\u4f5c\u5e73\u53f0\uff0c\u8f6f\u4ef6\u5305", "pronounce": "[\u026an\u02c8va\u026ar\u0259nm\u0259nt]", "sentence_en": "Children need a caring environment.", "sentence_zh": "\u513f\u7ae5\u9700\u8981\u4e00\u4e2a\u5145\u6ee1\u5173\u6000\u7684\u73af\u5883\u3002"}, {"word": "evaluate", "definition": "v. \u8bc4\u4ef7\uff0c\u8bc4\u4f30\uff0c\u4f30\u503c\uff1b\u6c42\uff08\u65b9\u7a0b\u5f0f\uff0c\u516c\u5f0f\uff0c\u51fd\u6570\uff09\u7684\u6570\u503c", "pronounce": "[\u026a\u02c8v\u00e6ljue\u026at]", "sentence_en": "The market situation is difficult to evaluate.", "sentence_zh": "\u5e02\u573a\u5f62\u52bf\u96be\u4ee5\u8bc4\u4f30\u3002"}, {"word": "evaporate", "definition": "v. \uff08\u4f7f\uff09\u84b8\u53d1\uff0c\u6325\u53d1\uff1b\u6d88\u5931\uff0c\u6d88\u6563", "pronounce": "[\u026a\u02c8v\u00e6p\u0259re\u026at]", "sentence_en": "Blasting cold air over it makes the water evaporate.", "sentence_zh": "\u5411\u5b83\u4e0a\u9762\u5feb\u901f\u55b7\u51b7\u6c14\u53ef\u4f7f\u6c34\u84b8\u53d1\u6389\u3002"}, {"word": "eve", "definition": "n. \u524d\u5915\uff0c\u524d\u4e00\u5929\uff1b\u508d\u665a\uff0c\u9ec4\u660f", "pronounce": "[i\u02d0v]", "sentence_en": "Richard had turned up on Christmas Eve with Tony.", "sentence_zh": "\u7406\u67e5\u5fb7\u5728\u5723\u8bde\u524d\u591c\u4e0e\u6258\u5c3c\u4e00\u8d77\u51fa\u73b0\u3002"}, {"word": "eventually", "definition": "adv. \u6700\u7ec8\uff0c\u7ed3\u679c", "pronounce": "[\u026a\u02c8vent\u0283u\u0259li]", "sentence_en": "The camera eventually tracked away.", "sentence_zh": "\u6444\u5f71\u673a\u6700\u7ec8\u5c06\u955c\u5934\u63a8\u8fdc\u3002"}, {"word": "evil", "definition": "adj. \u6076\u6bd2\u7684\uff0c\u90aa\u6076\u7684\uff1b\u6709\u5bb3\u7684\uff0c\u6613\u9020\u6210\u4f24\u5bb3\u7684\uff1b\u8ba8\u538c\u7684\uff0c\u4ee4\u4eba\u4e0d\u8212\u670d\u7684\uff1b\u6076\u9b54\u7684\uff0c\u4e0d\u7965\u7684", "pronounce": "[\u02c8i\u02d0v(\u0259)l]", "sentence_en": "She is evil incarnate.", "sentence_zh": "\u5979\u662f\u90aa\u6076\u7684\u5316\u8eab\u3002"}, {"word": "evolution", "definition": "n. \u8fdb\u5316\uff08\u8bba\uff09\uff1b\u6f14\u53d8\uff0c\u53d1\u5c55\uff1b\uff08\u6c14\u4f53\u7684\uff09\u91ca\u653e\uff0c\uff08\u70ed\u91cf\u7684\uff09\u6563\u53d1\uff1b\u961f\u5f62\u53d8\u6362\uff0c\u4f4d\u7f6e\u53d8\u6362\uff1b<\u65e7>\u5f00\u65b9", "pronounce": "[\u02cci\u02d0v\u0259\u02c8lu\u02d0\u0283(\u0259)n]", "sentence_en": "Darwin eventually put forward a model of biological evolution.", "sentence_zh": "\u8fbe\u5c14\u6587\u6700\u7ec8\u63d0\u51fa\u4e86\u4e00\u5957\u751f\u7269\u8fdb\u5316\u7684\u7406\u8bba\u6a21\u5f0f\u3002"}, {"word": "evolve", "definition": "v. \u8fdb\u5316\uff0c\u6f14\u5316\uff1b\u9010\u6b65\u53d1\u5c55\uff0c\u9010\u6e10\u6f14\u53d8", "pronounce": "[\u026a\u02c8v\u0252lv]", "sentence_en": "It is interesting that Chinese characters evolve from pictures and signs.", "sentence_zh": "\u6709\u8da3\u7684\u662f\uff0c\u6c49\u5b57\u662f\u7531\u56fe\u753b\u548c\u7b26\u53f7\u6f14\u53d8\u800c\u6765\u7684\u3002"}, {"word": "exaggerate", "definition": "v. \u5938\u5927\uff0c\u8a00\u8fc7\u5176\u5b9e\uff1b\u4f7f\u6269\u5927", "pronounce": "[\u026a\u0261\u02c8z\u00e6d\u0292\u0259re\u026at]", "sentence_en": "He tends to exaggerate the difficulties.", "sentence_zh": "\u4ed6\u5f80\u5f80\u5938\u5927\u56f0\u96be\u3002"}, {"word": "examination", "definition": "n. \u8003\u8bd5\uff1b\u5ba1\u67e5\uff0c\u8c03\u67e5\uff1b\u533b\u5b66\u68c0\u67e5\uff1b<\u6cd5\u5f8b>\u8baf\u95ee\uff0c\u67e5\u95ee", "pronounce": "[\u026a\u0261\u02ccz\u00e6m\u026a\u02c8ne\u026a\u0283(\u0259)n]", "sentence_en": "Your proposals are still under examination.", "sentence_zh": "\u4f60\u7684\u63d0\u8bae\u4ecd\u5728\u5ba1\u67e5\u4e4b\u4e2d\u3002"}, {"word": "examine", "definition": "v. \u68c0\u67e5\uff0c\u8c03\u67e5\uff1b\u8003\u6838\uff0c\u6d4b\u9a8c\uff1b\uff08\u533b\u751f\uff09\u8bca\u5bdf\uff1b\uff08\u5c24\u6307\u5728\u6cd5\u5ead\u4e0a\uff09\u5ba1\u95ee\uff0c\u67e5\u95ee", "pronounce": "[\u026a\u0261\u02c8z\u00e6m\u026an]", "sentence_en": "It is necessary to examine how the proposals can be carried out.", "sentence_zh": "\u6709\u5fc5\u8981\u8c03\u67e5\u4e00\u4e0b\u600e\u6837\u624d\u80fd\u5b9e\u65bd\u8fd9\u4e9b\u65b9\u6848\u3002"}, {"word": "example", "definition": "n. \u4f8b\u5b50\uff0c\u4f8b\u8bc1\uff1b\u699c\u6837\uff0c\u6977\u6a21\uff1b\u5178\u578b\uff0c\u8303\u4f8b\uff1b\u4f8b\u53e5\uff0c\u4f8b\u9898\uff1b\u8b66\u6212\uff0c\u53d7\u7f5a\uff08\u4ee5\u793a\u8b66\u544a\uff09\u8005", "pronounce": "[\u026a\u0261\u02c8z\u0251\u02d0mp(\u0259)l]", "sentence_en": "Let me give you an example.", "sentence_zh": "\u8ba9\u6211\u6765\u4e3e\u4e00\u4e2a\u4f8b\u5b50\u5427\u3002"}]