[{"word": "Marxist", "definition": "n. \u9a6c\u514b\u601d\u4e3b\u4e49\u8005\uff0c\u9a6c\u514b\u601d\u4e3b\u4e49\u653f\u515a\u6210\u5458", "pronounce": "[\u02c8m\u0251\u02d0ks\u026ast]", "sentence_en": "By 1930 he had abandoned his Marxist principles.", "sentence_zh": "1930\u5e74\u65f6\u4ed6\u5df2\u653e\u5f03\u4e86\u9a6c\u514b\u601d\u4e3b\u4e49\u4fe1\u5ff5\u3002"}, {"word": "master", "definition": "n. \u5927\u5e08\uff0c\u80fd\u624b\uff1b\u4e3b\u4eba\uff0c\u96c7\u4e3b\uff1b\u4e3b\u5bb0\u8005\uff0c\u63a7\u5236\u8005\uff1b\u7855\u58eb\uff0c\u6709\u7855\u58eb\u5b66\u4f4d\u7684\u4eba\uff1b<\u65e7>\u7537\u6559\u5e08\uff1b\u72d7\u7684\u7537\u4e3b\u4eba\uff1b<\u65e7>\u5c11\u7237\uff0c\u541b\uff1b\uff08\u82f1\u56fd\uff09\u6821\u957f\uff0c\u9662\u957f\uff1b<\u65e7>\u8239\u957f\uff1b\uff08\u5df2\u6545\uff09\u8457\u540d\u753b\u5bb6\uff0c\u7ed8\u753b\u5927\u5e08\uff1b\uff08\u4f9b\u590d\u5236\u7684\uff09\u539f\u7248\uff1b\u4e3b\u63a7\u673a\u4ef6\uff1b\u56fd\u4e1a\u516c\u4f1a\u4e3b\u7ba1\uff0c\u5171\u6d4e\u4f1a\u5730\u65b9\u5206\u4f1a\u4f1a\u957f\uff1b\u638c\u7ba1\u730e\u72d7\u7684\u4eba\uff1b\u6700\u9ad8\u6cd5\u9662\u5b98\u5458\uff1b<\u82cf\u683c\u5170>\uff08\u5b50\u7235\u6216\u7537\u7235\u7684\uff09\u957f\u5b50", "pronounce": "[\u02c8m\u0251\u02d0st\u0259(r)]", "sentence_en": "It is clearly the work of a master craftsman.", "sentence_zh": "\u5f88\u660e\u663e\u8fd9\u662f\u5de5\u827a\u5927\u5e08\u7684\u4f5c\u54c1\u3002"}, {"word": "masterpiece", "definition": "n. \u4ee3\u8868\u4f5c\uff0c\u6770\u4f5c\uff1b\u6781\u597d\u7684\u4f8b\u8bc1\uff1b\u624b\u827a\u4eba\u4e3a\u53d6\u5f97\u5927\u5e08\u8d44\u683c\u5e76\u8fdb\u5165\u884c\u4f1a\u800c\u5236\u4f5c\u7684\u4f5c\u54c1", "pronounce": "[\u02c8m\u0251\u02d0st\u0259pi\u02d0s]", "sentence_en": "The work was acclaimed as a masterpiece.", "sentence_zh": "\u8be5\u4f5c\u54c1\u88ab\u8a89\u4e3a\u6770\u4f5c\u3002"}, {"word": "merchant", "definition": "n. \u5546\u4eba\uff0c\uff08\u5c24\u6307\u5916\u8d38\uff09\u6279\u53d1\u5546\uff1b<\u7f8e>\u5546\u5e97\u8001\u677f\uff1b<\u82f1\uff0c\u975e\u6b63\u5f0f>\u5bf9\uff08\u4ee4\u4eba\u8ba8\u538c\u4e4b\u4e8b\uff09\u5165\u8ff7\u7684\u4eba", "pronounce": "[\u02c8m\u025c\u02d0t\u0283\u0259nt]", "sentence_en": "Any knowledgeable wine merchant would be able to advise you.", "sentence_zh": "\u4efb\u4f55\u4e00\u4f4d\u5185\u884c\u7684\u8461\u8404\u9152\u5546\u4eba\u90fd\u80fd\u4e3a\u4f60\u63d0\u51fa\u5efa\u8bae\u3002"}, {"word": "merit", "definition": "n. \u4f18\u79c0\u54c1\u8d28\uff0c\u4ef7\u503c\uff1b\u4f18\u70b9\uff0c\u957f\u5904\uff1b<\u82f1>\uff08\u6210\u7ee9\u7b49\u7ea7\uff09\u826f\u597d\uff1b\u4e8b\u5b9e\u771f\u76f8\uff0c\u662f\u975e\u66f2\u76f4\uff1b\u5584\u884c\uff0c\u5584\u4e8b", "pronounce": "[\u02c8mer\u026at]", "sentence_en": "The plan is entirely without merit.", "sentence_zh": "\u8fd9\u4e2a\u8ba1\u5212\u6beb\u65e0\u4ef7\u503c\u3002"}, {"word": "microphone", "definition": "n. \u6269\u97f3\u5668\uff0c\u9ea6\u514b\u98ce", "pronounce": "[\u02c8ma\u026akr\u0259f\u0259\u028an]", "sentence_en": "The microphone screeched with feedback.", "sentence_zh": "\u9ea6\u514b\u98ce\u53d1\u51fa\u4e86\u5c16\u5389\u7684\u566a\u58f0\u3002"}, {"word": "microscope", "definition": "n. \u663e\u5fae\u955c", "pronounce": "[\u02c8ma\u026akr\u0259sk\u0259\u028ap]", "sentence_en": "If you look at the paper under a microscope you will see the fibres.", "sentence_zh": "\u5982\u679c\u4f60\u5728\u663e\u5fae\u955c\u4e0b\u89c2\u5bdf\u8fd9\u5f20\u7eb8\uff0c\u4f60\u5c31\u4f1a\u770b\u5230\u7ea4\u7ef4\u3002"}, {"word": "milestone", "definition": "n. \u91cd\u8981\u4e8b\u4ef6\uff0c\u8f6c\u6298\u70b9\uff1b\u91cc\u7a0b\u7891\uff0c\u91cc\u7a0b\u6807", "pronounce": "[\u02c8ma\u026alst\u0259\u028an]", "sentence_en": "He said the launch of the party represented a milestone in Zambian history.", "sentence_zh": "\u4ed6\u8bf4\u8be5\u515a\u7684\u6210\u7acb\u4ee3\u8868\u7740\u8d5e\u6bd4\u4e9a\u5386\u53f2\u4e0a\u7684\u4e00\u4e2a\u91cc\u7a0b\u7891\u3002"}, {"word": "mineral", "definition": "n. \u77ff\u7269\u8d28\uff1b\u77ff\u7269\uff1b<\u82f1>\u6c7d\u6c34\uff0c\u82cf\u6253\u6c34\uff1b\u65e0\u673a\u7269\uff1b\u77ff\u6cc9\u6c34", "pronounce": "[\u02c8m\u026an\u0259r\u0259l]", "sentence_en": "The rock is rich in mineral salts.", "sentence_zh": "\u8fd9\u79cd\u5ca9\u77f3\u5bcc\u542b\u77ff\u7269\u76d0\u3002"}, {"word": "minor", "definition": "adj. \u8f83\u5c0f\u7684\uff0c\u6b21\u8981\u7684\uff0c\u8f7b\u5fae\u7684\uff1b\uff08\u75be\u75c5\uff09\u4e0d\u4e25\u91cd\u7684\uff0c\uff08\u624b\u672f\uff09\u5c0f\u7684\uff1b\u5c0f\u8c03\u7684\uff0c\u5c0f\u97f3\u9636\u7684\uff1b\u672a\u6210\u5e74\u7684\uff1b\u6570\u91cf\u5c11\u7684\uff0c\u8303\u56f4\u5c0f\u7684\uff1b\uff08\u903b\uff09\u5c0f\uff08\u9879\uff09\uff1b<\u82f1\uff0c\u65e7>\uff08\u4e24\u5144\u5f1f\u6216\u540c\u59d3\u7537\u751f\u4e2d\uff09\u5e74\u9f84\u66f4\u5c0f\u7684", "pronounce": "[\u02c8ma\u026an\u0259(r)]", "sentence_en": "I can put up with minor inconveniences.", "sentence_zh": "\u6211\u80fd\u5fcd\u53d7\u4e9b\u5c0f\u7684\u4e0d\u4fbf\u3002"}, {"word": "minority", "definition": "n. \u5c11\u6570\uff0c\u5c11\u6570\u6d3e\uff1b\u5c11\u6570\u6c11\u65cf\uff0c\u5c11\u6570\u7fa4\u4f53\uff1b\u672a\u6210\u5e74\u65f6\u671f\uff0c\u672a\u6210\u5e74\u8eab\u4efd\uff1b\u552f\u4e00\u6301\u4e0d\u540c\u610f\u89c1\u8005\uff1b\uff08\u8bae\u4f1a\uff09\u5c11\u6570\u515a\u5f97\uff08\u6216\u6295\uff09\u7684\u7968", "pronounce": "[ma\u026a\u02c8n\u0252r\u0259ti]", "sentence_en": "Only a tiny minority hold such extreme views.", "sentence_zh": "\u53ea\u6709\u6781\u5c11\u6570\u4eba\u6301\u8fd9\u6837\u6781\u7aef\u7684\u89c2\u70b9\u3002"}, {"word": "miserable", "definition": "adj. \u75db\u82e6\u7684\uff0c\u4f7f\u4eba\u96be\u53d7\u7684\uff1b\uff08\u4eba\uff09\u4e56\u623e\u7684\uff0c\u603b\u662f\u62b1\u6028\u7684\uff1b\u5c11\u5f97\u53ef\u601c\u7684\uff0c\u592a\u5c11\u7684\uff1b\u7cdf\u7cd5\u7684\uff0c\u5dee\u52b2\u7684", "pronounce": "[\u02c8m\u026azr\u0259bl]", "sentence_en": "Sheila was looking miserable.", "sentence_zh": "\u5e0c\u62c9\u5f53\u65f6\u663e\u5f97\u75db\u82e6\u3002"}, {"word": "mislead", "definition": "v. \u8bef\u5bfc\uff0c\u5c06\u2026\u2026\u5f15\u5165\u6b67\u9014", "pronounce": "[\u02ccm\u026as\u02c8li\u02d0d]", "sentence_en": "It would be dishonest to mislead people and not to present the data as fairly as possible.", "sentence_zh": "\u8bef\u5bfc\u4eba\u4eec\u3001\u4e0d\u5c3d\u53ef\u80fd\u516c\u6b63\u5730\u63d0\u4f9b\u6570\u636e\u662f\u4e0d\u8bda\u5b9e\u7684\u3002"}, {"word": "mistake", "definition": "n. \u9519\u8bef\uff0c\u8fc7\u5931\uff1b\uff08\u7528\u8bcd\u6216\u6570\u5b57\u4e0a\u7684\uff09\u9519\u8bef\uff0c\u53e3\u8bef\uff0c\u7b14\u8bef\uff1b\uff08\u4ee4\u4eba\u540e\u6094\u7684\uff09\u9519\u8bef", "pronounce": "[m\u026a\u02c8ste\u026ak]", "sentence_en": "One mistake and you're toast.", "sentence_zh": "\u8981\u662f\u51fa\u4e00\u6b21\u9519\uff0c\u4f60\u5c31\u5b8c\u4e86\u3002"}, {"word": "misunderstand", "definition": "v. \u8bef\u89e3\uff0c\u8bef\u4f1a", "pronounce": "[\u02ccm\u026as\u028cnd\u0259\u02c8st\u00e6nd]", "sentence_en": "Don't misunderstand me\u2014I am grateful for all you've done.", "sentence_zh": "\u522b\u8bef\u89e3\u6211\u7684\u610f\u601d\u2014\u6211\u5bf9\u4f60\u6240\u505a\u7684\u4e00\u5207\u90fd\u5f88\u611f\u6fc0\u3002"}, {"word": "mobile", "definition": "adj. \u6d3b\u52a8\u7684\uff0c\u53ef\u79fb\u52a8\u7684\uff1b\u884c\u52a8\u65b9\u4fbf\u7684\uff0c\u884c\u52a8\u81ea\u5982\u7684\uff1b\u6d41\u52a8\u6027\u5f3a\u7684\uff1b\uff08\u9762\u90e8\u8868\u60c5\uff09\u6613\u53d8\u7684\uff0c\u591a\u53d8\u7684\uff1b\u673a\u52a8\u7684\uff0c\u8f66\u8f7d\u7684\uff1b\u4e0e\u79fb\u52a8\u7535\u8bdd\uff08\u6216\u638c\u4e0a\u7535\u8111\u7b49\u6280\u672f\uff09\u6709\u5173\u7684", "pronounce": "[\u02c8m\u0259\u028aba\u026al]", "sentence_en": "What's your mobile number?", "sentence_zh": "\u4f60\u7684\u624b\u673a\u53f7\u7801\u662f\u591a\u5c11\uff1f"}, {"word": "mode", "definition": "n. \u65b9\u5f0f\uff0c\u505a\u6cd5\uff1b\uff08\u673a\u5668\u3001\u8bbe\u5907\u7684\uff09\u8fd0\u884c\u65b9\u5f0f\uff0c\u72b6\u6001\uff1b\uff08\u8863\u7740\u3001\u827a\u672f\u7b49\u7684\uff09\u5f62\u5f0f\uff0c\u98ce\u683c\uff1b<\u975e\u6b63\u5f0f>\uff08\u601d\u60f3\u3001\u60c5\u611f\u6216\u884c\u4e3a\u7684\uff09\u72b6\u6001\uff0c\u72b6\u51b5\uff1b\uff08\u97f3\u4e50\u7684\uff09\u8c03\u5f0f\uff1b\u4f17\u6570\uff08\u4e00\u7ec4\u6570\u5b57\u4e2d\u51fa\u73b0\u6b21\u6570\u6700\u591a\u7684\u6570\uff09\uff1b\uff08\u903b\uff09\uff08\u6a21\u6001\u547d\u9898\u7684\uff09\u5f0f\uff0c\u5f62\u5f0f\uff1b\uff08\u7269\u7406\uff09\u6a21\uff08\u5f0f\uff09\uff0c\u6ce2\u578b\uff1b\uff08\u6a21\u6001\u547d\u9898\u7684\uff09\u5f0f\uff0c\u5f62\u5f0f", "pronounce": "[m\u0259\u028ad]", "sentence_en": "Page Mode shows headers, footers, footnotes and page numbers.", "sentence_zh": "\u9875\u9762\u6a21\u5f0f\u663e\u793a\u9875\u7709\u3001\u9875\u811a\u3001\u811a\u6ce8\u548c\u9875\u7801\u3002"}, {"word": "model", "definition": "n. \u6a21\u578b\uff1b\u6a21\u5f0f\uff1b\uff08\u673a\u5668\u7b49\u7684\uff09\u578b\u53f7\uff1b\u6a21\u8303\uff0c\u5178\u578b\uff1b\u6a21\u7279\u513f\uff1b\u6837\u672c\uff0c\u8303\u4f8b\uff1b\uff08\u5c0f\u8bf4\u4e2d\u4eba\u7269\u6216\u5730\u70b9\u7684\uff09\u539f\u578b\uff1b\uff08\u8457\u540d\u8bbe\u8ba1\u5e08\u8bbe\u8ba1\u7684\uff09\u6b3e\u5f0f", "pronounce": "[\u02c8m\u0252d(\u0259)l]", "sentence_en": "There she began to model in clay.", "sentence_zh": "\u5979\u5f00\u59cb\u5728\u90a3\u513f\u7528\u9ecf\u571f\u505a\u6a21\u578b\u3002"}, {"word": "moderate", "definition": "adj. \u666e\u901a\u7684\uff0c\u4e2d\u7b49\u7684\uff1b\u4e0d\u504f\u6fc0\u7684\uff0c\u6e29\u548c\u7684\uff1b\u6709\u8282\u5236\u7684\uff0c\u4e0d\u8fc7\u5206\u7684\uff1b\uff08\u53d8\u5316\uff09\u4e0d\u5927\u7684\uff0c\u6709\u9650\u7684", "pronounce": "[\u02c8m\u0252d\u0259r\u0259t]", "sentence_en": "He was an easygoing man of very moderate views.", "sentence_zh": "\u4ed6\u662f\u4e00\u4e2a\u6709\u7740\u6e29\u548c\u89c2\u70b9\u6027\u60c5\u968f\u548c\u7684\u4eba\u3002"}, {"word": "modern", "definition": "adj. \u8fd1\u4ee3\u7684\uff0c\u73b0\u4ee3\u7684\uff1b\u5f53\u4ee3\u98ce\u683c\u7684\uff0c\u73b0\u4ee3\u6d3e\u7684\uff1b\u73b0\u4ee3\u5316\u7684\uff0c\u65b0\u5f0f\u7684\uff1b\u6469\u767b\u7684\uff0c\u65f6\u9ae6\u7684", "pronounce": "[\u02c8m\u0252d(\u0259)n]", "sentence_en": "He collects modern sculpture.", "sentence_zh": "\u4ed6\u6536\u85cf\u73b0\u4ee3\u96d5\u5851\u3002"}, {"word": "modest", "definition": "adj. \u4e0d\u592a\u591a\u7684\uff0c\u9002\u4e2d\u7684\uff1b\u8c26\u865a\u7684\uff0c\u8c26\u900a\u7684\uff1b\u4fdd\u5b88\u7684\uff0c\u7aef\u5e84\u7684\uff1b\u4e0d\u9519\u7684\uff1b\uff08\u670d\u88c5\uff09\u4e0d\u663e\u8eab\u6750\u7684\uff1b\u7f9e\u602f\u7684\uff0c\u817c\u8146\u7684", "pronounce": "[\u02c8m\u0252d\u026ast]", "sentence_en": "She's very modest about her success.", "sentence_zh": "\u5979\u5bf9\u81ea\u5df1\u7684\u6210\u529f\u975e\u5e38\u8c26\u865a\u3002"}, {"word": "motion", "definition": "n. \u8fd0\u52a8\uff0c\u79fb\u52a8\uff1b\u624b\u52bf\uff0c\u52a8\u4f5c\uff1b\u63d0\u8bae\uff0c\u8bae\u6848\uff1b<\u82f1>\u6392\u4fbf\uff0c\u5927\u4fbf\uff1b\u8f6c\u52a8\u7684\u673a\u68b0\u88c5\u7f6e\uff1b\uff08\u5f53\u5ead\u63d0\u51fa\u88c1\u51b3\u6216\u547d\u4ee4\u7684\uff09\u8bf7\u6c42\uff0c\u7533\u8bf7", "pronounce": "[\u02c8m\u0259\u028a\u0283n]", "sentence_en": "Some scenes were filmed in slow motion.", "sentence_zh": "\u51e0\u7ec4\u955c\u5934\u88ab\u62cd\u6210\u4e86\u6162\u52a8\u4f5c\u3002"}, {"word": "motivate", "definition": "v. \u6210\u4e3a\u2026\u2026\u7684\u52a8\u673a\uff0c\u662f\u2026\u2026\u7684\u539f\u56e0\uff1b\u6fc0\u52b1\uff0c\u6fc0\u53d1\uff1b<\u5357\u975e>\u7533\u8bf7", "pronounce": "[\u02c8m\u0259\u028at\u026ave\u026at]", "sentence_en": "How do you motivate people to work hard and efficiently?", "sentence_zh": "\u4f60\u662f\u5982\u4f55\u6fc0\u52b1\u4eba\u4eec\u52aa\u529b\u800c\u9ad8\u6548\u5730\u5de5\u4f5c\u7684\uff1f"}, {"word": "motive", "definition": "n. \u52a8\u673a\uff0c\u76ee\u7684\uff0c\u539f\u56e0\uff1b\uff08\u6587\u827a\u4f5c\u54c1\u3001\u97f3\u4e50\u7684\uff09\u827a\u672f\u601d\u60f3\uff0c\u4e3b\u9898", "pronounce": "[\u02c8m\u0259\u028at\u026av]", "sentence_en": "The motive for the killing is unknown.", "sentence_zh": "\u6740\u4eba\u7684\u52a8\u673a\u4e0d\u660e\u3002"}, {"word": "mount", "definition": "v. \u7ec4\u7ec7\uff0c\u5f00\u5c55\uff1b\u722c\u4e0a\uff0c\u767b\u4e0a\uff1b\u9a91\u4e0a\uff1b\u589e\u591a\uff0c\u589e\u52a0\uff0c\u4e0a\u5347\uff1b\u589e\u5f3a\uff0c\u52a0\u5267\uff1b\u9576\u5d4c\uff0c\u88f1\u8d34\uff0c\u5b89\u7f6e\uff1b\u4e0a\u6f14\uff0c\u5c55\u51fa\uff1b\u722c\u4e0a\uff08\u96cc\u6027\u52a8\u7269\u7684\u80cc\uff09\u8fdb\u884c\u4ea4\u914d\uff1b\u8bbe\u7f6e\uff08\u5c97\u54e8\uff09\uff0c\u62c5\u4efb\uff08\u8b66\u536b\uff09\uff1b\u628a\uff08\u89c2\u5bdf\u5bf9\u8c61\uff09\u56fa\u5b9a\u4e8e\u663e\u5fae\u955c\u7684\u8f7d\u73bb\u7247", "pronounce": "[ma\u028ant]", "sentence_en": "How high is Mount Aconcagua?", "sentence_zh": "\u963f\u7a7a\u52a0\u74dc\u5c71\u6709\u591a\u9ad8\uff1f"}, {"word": "movement", "definition": "n. \u79fb\u52a8\uff0c\u8f6c\u79fb\uff1b\uff08\u5177\u6709\u5171\u540c\u601d\u60f3\u6216\u76ee\u6807\u7684\uff09\u8fd0\u52a8\uff1b\u519b\u961f\u6709\u8ba1\u5212\u7684\u79fb\u52a8\uff1b\u884c\u8e2a\uff1b\u4e50\u7ae0\uff1b\u6539\u8fdb\uff0c\u53d1\u5c55\uff1b\u91cf\u7684\u53d8\u5316\uff1b\uff08\u6d3b\u52a8\uff09\u673a\u4ef6\uff1b\u6392\u4fbf\uff1b\uff08\u98de\u673a\uff09\u62b5\u8fbe\uff0c\u8d77\u98de", "pronounce": "[\u02c8mu\u02d0vm\u0259nt]", "sentence_en": "They were watching her every movement.", "sentence_zh": "\u4ed6\u4eec\u6ce8\u89c6\u7740\u5979\u7684\u6bcf\u4e00\u4e2a\u52a8\u4f5c\u3002"}, {"word": "multiple", "definition": "adj. \u591a\u4e2a\u7684\uff0c\u591a\u79cd\u7684\uff1b\u591a\u4eba\u5171\u6709\u7684\uff1b\u5f71\u54cd\u8eab\u4f53\u8bb8\u591a\u90e8\u4f4d\u7684", "pronounce": "[\u02c8m\u028clt\u026ap(\u0259)l]", "sentence_en": "He died of multiple injuries.", "sentence_zh": "\u4ed6\u6b7b\u4e8e\u591a\u5904\u53d7\u4f24\u3002"}, {"word": "multiply", "definition": "v. \u5927\u5927\u589e\u52a0\uff0c\u500d\u589e\uff1b\u4e58\uff0c\u4e58\u4ee5\uff1b\u7e41\u6b96\uff0c\u6ecb\u751f", "pronounce": "[\u02c8m\u028clt\u026apla\u026a]", "sentence_en": "These creatures can multiply quickly.", "sentence_zh": "\u8fd9\u4e9b\u751f\u7269\u80fd\u8fc5\u901f\u5927\u91cf\u7e41\u6b96\u3002"}, {"word": "museum", "definition": "n. \u535a\u7269\u9986", "pronounce": "[mju\u02c8zi\u02d0\u0259m]", "sentence_en": "Is the museum open on Sundays?", "sentence_zh": "\u535a\u7269\u9986\u6bcf\u661f\u671f\u5929\u90fd\u5f00\u653e\u5417\uff1f"}, {"word": "musical", "definition": "adj. \u97f3\u4e50\u7684\uff0c\u914d\u4e50\u7684\uff1b\u559c\u7231\u97f3\u4e50\u7684\uff0c\u7cbe\u901a\u97f3\u4e50\u7684\uff1b\u60a6\u8033\u7684\uff0c\u52a8\u542c\u7684", "pronounce": "[\u02c8mju\u02d0z\u026ak(\u0259)l]", "sentence_en": "I came from a musical family.", "sentence_zh": "\u6211\u6765\u81ea\u4e00\u4e2a\u97f3\u4e50\u5bb6\u5ead\u3002"}, {"word": "musician", "definition": "n. \u97f3\u4e50\u5bb6\uff0c\u4e50\u5e08\uff0c\u4f5c\u66f2\u5bb6", "pronounce": "[mju\u02c8z\u026a\u0283(\u0259)n]", "sentence_en": "He was a brilliant musician.", "sentence_zh": "\u4ed6\u66fe\u662f\u4e00\u4f4d\u51fa\u8272\u7684\u97f3\u4e50\u5bb6\u3002"}, {"word": "noble", "definition": "adj. \u5d07\u9ad8\u7684\uff0c\u9ad8\u5c1a\u7684\uff1b\u5b8f\u4f1f\u7684\uff0c\u5353\u8d8a\u7684\uff1b\u8d35\u65cf\u7684\uff0c\u9ad8\u8d35\u7684\uff1b\u60f0\u6027\u7684", "pronounce": "[\u02c8n\u0259\u028ab(\u0259)l]", "sentence_en": "He died for a noble cause.", "sentence_zh": "\u4ed6\u4e3a\u4e86\u9ad8\u5c1a\u7684\u4e8b\u4e1a\u800c\u727a\u7272\u3002"}, {"word": "nonsense", "definition": "n. \u8352\u8c2c\u7684\u60f3\u6cd5\uff08\u770b\u6cd5\uff09\uff0c\u80e1\u8bf4\uff1b\u611a\u8822\u7684\u884c\u4e3a\uff0c\u80e1\u95f9\uff1b\u65e0\u610f\u4e49\u7684\u8bdd\uff08\u5b57\u53e5\uff09", "pronounce": "[\u02c8n\u0252ns(\u0259)ns]", "sentence_en": "'Nonsense!' he said hotly.", "sentence_zh": "\u201c\u5e9f\u8bdd\uff01\u201d\u4ed6\u6012\u6c14\u51b2\u51b2\u5730\u8bf4\u3002"}, {"word": "noticeable", "definition": "adj. \u663e\u800c\u6613\u89c1\u7684\uff0c\u660e\u663e\u7684\uff1b\u503c\u5f97\u6ce8\u610f\u7684", "pronounce": "[\u02c8n\u0259\u028at\u026as\u0259b(\u0259)l]", "sentence_en": "It is noticeable that women do not have the rivalry that men have.", "sentence_zh": "\u663e\u800c\u6613\u89c1\u7684\u662f\u5973\u6027\u6ca1\u6709\u50cf\u7537\u6027\u90a3\u6837\u7684\u4e89\u5f3a\u597d\u80dc\u3002"}, {"word": "nuisance", "definition": "n. \u9ebb\u70e6\u4e8b\uff0c\u8ba8\u538c\u7684\u4eba\uff08\u6216\u4e8b\u7269\u3001\u60c5\u51b5\uff09\uff1b\u635f\u5bb3\uff0c\u59a8\u5bb3\uff1b\u9a9a\u6270\u884c\u4e3a\uff0c\u59a8\u5bb3\u884c\u4e3a", "pronounce": "[\u02c8nju\u02d0sns]", "sentence_en": "He's a damn nuisance!", "sentence_zh": "\u4ed6\u771f\u662f\u4e2a\u8be5\u6b7b\u7684\u8ba8\u538c\u9b3c\uff01"}, {"word": "numerous", "definition": "adj. \u4f17\u591a\u7684\uff0c\u8bb8\u591a\u7684", "pronounce": "[\u02c8nju\u02d0m\u0259r\u0259s]", "sentence_en": "Numerous marriages now end in divorce.", "sentence_zh": "\u73b0\u5728\u8bb8\u591a\u5a5a\u59fb\u90fd\u4ee5\u79bb\u5a5a\u800c\u544a\u7ec8\u3002"}, {"word": "ownership", "definition": "n. \u6240\u6709\u6743\uff0c\u7269\u4e3b\u8eab\u4efd", "pronounce": "[\u02c8\u0259\u028an\u0259\u0283\u026ap]", "sentence_en": "He was chafing under the company's new ownership.", "sentence_zh": "\u4ed6\u5bf9\u516c\u53f8\u65b0\u7684\u6240\u6709\u5236\u5f88\u662f\u607c\u706b\u3002"}, {"word": "partial", "definition": "adj. \u90e8\u5206\u7684\uff0c\u4e0d\u5b8c\u5168\u7684\uff1b\u504f\u8892\u7684\uff0c\u4e0d\u516c\u5e73\u7684\uff1b\u504f\u7231\u7684", "pronounce": "[\u02c8p\u0251\u02d0\u0283(\u0259)l]", "sentence_en": "I might be accused of being partial.", "sentence_zh": "\u6211\u53ef\u80fd\u4f1a\u88ab\u4eba\u6307\u8d23\u662f\u504f\u8892\u7684\u3002"}, {"word": "partially", "definition": "adv. \u4e0d\u5b8c\u5168\u5730\uff0c\u90e8\u5206\u5730\uff1b<\u53e4>\u504f\u8892\u5730", "pronounce": "[\u02c8p\u0251\u02d0\u0283\u0259li]", "sentence_en": "His mother is partially blind.", "sentence_zh": "\u4ed6\u7684\u6bcd\u4eb2\u5931\u53bb\u4e86\u90e8\u5206\u89c6\u529b\u3002"}, {"word": "participate", "definition": "v. \u53c2\u52a0\uff0c\u53c2\u4e0e\uff1b<\u53e4>\u5206\u62c5\uff0c\u5206\u4eab\uff1b<\u53e4>\u5177\u6709\uff0c\u5e26\u6709\uff08\u7279\u6b8a\u7684\u6027\u8d28\uff09", "pronounce": "[p\u0251\u02d0\u02c8t\u026as\u026ape\u026at]", "sentence_en": "She didn't participate in the discussion.", "sentence_zh": "\u5979\u6ca1\u6709\u53c2\u52a0\u8ba8\u8bba\u3002"}, {"word": "passport", "definition": "n. \u62a4\u7167\uff1b\u9014\u5f84\uff0c\u624b\u6bb5", "pronounce": "[\u02c8p\u0251\u02d0sp\u0254\u02d0t]", "sentence_en": "He's gone off with my passport.", "sentence_zh": "\u4ed6\u62ff\u8d70\u4e86\u6211\u7684\u62a4\u7167\u3002"}, {"word": "patience", "definition": "n. \u8010\u5fc3\uff1b\u8010\u6027\uff1b\u5fcd\u8010\u529b\uff1b\u8003\u9a8c\u67d0\u4eba\u7684\u8010\u5fc3\uff1b<\u82f1>\u5355\u4eba\u7eb8\u724c\u6e38\u620f", "pronounce": "[\u02c8pe\u026a\u0283(\u0259)ns]", "sentence_en": "'Patience' is my middle name!", "sentence_zh": "\u6211\u7684\u6700\u5927\u7279\u70b9\u5c31\u662f\u6709\u8010\u5fc3\uff01"}, {"word": "patient", "definition": "adj. \u80fd\u5fcd\u8010\u7684\uff0c\u6709\u8010\u5fc3\u7684", "pronounce": "[\u02c8pe\u026a\u0283(\u0259)nt]", "sentence_en": "The patient is terminally ill.", "sentence_zh": "\u8fd9\u4e2a\u75c5\u4eba\u75c5\u5165\u818f\u8093\u3002"}, {"word": "payment", "definition": "n. \u652f\u4ed8\u6b3e\u9879\uff0c\u652f\u4ed8\u989d\uff1b\u4ed8\u6b3e\uff0c\u652f\u4ed8\uff1b\u62a5\u7b54\uff0c\u62a5\u590d", "pronounce": "[\u02c8pe\u026am\u0259nt]", "sentence_en": "Payment is due on 1 October.", "sentence_zh": "\u4ed8\u6b3e\u671f\u9650\u4e3a10\u67081\u65e5\u3002"}, {"word": "peak", "definition": "n. \u5dc5\u5cf0\uff0c\u9876\u70b9\uff1b\u5c71\u9876\uff1b\u6709\u5c16\u5cf0\u7684\u5c71\uff1b\u5c16\u7aef\uff0c\u5c16\u9876\uff1b\u5e3d\u6a90\uff0c\u5e3d\u820c\uff1b\u6781\u503c\uff0c\u5cf0\u503c\uff1b\uff08\u824f\u6216\u8249\u7684\uff09\u5c16\u8231\uff1b\u659c\u6841\u5916\u7aef\uff0c\uff08\u5e06\u7684\uff09\u540e\u4e0a\u89d2", "pronounce": "[pi\u02d0k]", "sentence_en": "She's at the peak of her career.", "sentence_zh": "\u5979\u6b63\u5904\u5728\u4e8b\u4e1a\u7684\u5dc5\u5cf0\u3002"}, {"word": "peep", "definition": "v. \u7aa5\u89c6\uff0c\u5077\u770b\uff1b\u9690\u73b0\uff0c\u5fae\u73b0\uff1b\u770b\uff1b\uff08\u4f7f\uff09\u53d1\u51fa\u5587\u53ed\u58f0\uff1b\uff08\u4f7f\uff09\u53d1\u51fa\u5c16\u7ec6\u7684\u58f0\u97f3", "pronounce": "[pi\u02d0p]", "sentence_en": "Children came to peep at him around the doorway.", "sentence_zh": "\u5b69\u5b50\u4eec\u6765\u5230\u95e8\u53e3\u5077\u770b\u4ed6\u3002"}, {"word": "percentage", "definition": "n. \u767e\u5206\u6bd4\uff0c\u767e\u5206\u7387\uff1b\u90e8\u5206\uff0c\u6bd4\u4f8b\uff1b\u5229\u6da6\u5206\u6210\uff0c\u63d0\u6210\uff1b<\u975e\u6b63\u5f0f>\u5229\u76ca\uff0c\u597d\u5904", "pronounce": "[p\u0259\u02c8sent\u026ad\u0292]", "sentence_en": "The figure is expressed as a percentage.", "sentence_zh": "\u6570\u5b57\u662f\u7528\u767e\u5206\u7387\u8868\u793a\u7684\u3002"}, {"word": "permanent", "definition": "adj. \u6c38\u4e45\u7684\uff0c\u6c38\u6052\u7684\uff1b\uff08\u5c24\u6307\u95ee\u9898\u6216\u56f0\u96be\uff09\u4e0d\u65ad\u51fa\u73b0\u7684\uff0c\u4e00\u76f4\u5b58\u5728\u7684\uff1b\uff08\u5458\u5de5\uff09\u7ec8\u751f\u7684\uff0c\u957f\u671f\u7684\uff1b\uff08\u5bb6\u5ead\u4f4f\u5740\uff09\u56fa\u5b9a\u7684", "pronounce": "[\u02c8p\u025c\u02d0m\u0259n\u0259nt]", "sentence_en": "The accident has not done any permanent damage.", "sentence_zh": "\u90a3\u573a\u4e8b\u6545\u6ca1\u6709\u9020\u6210\u4ec0\u4e48\u6c38\u4e45\u6027\u635f\u4f24\u3002"}, {"word": "permanently", "definition": "adv. \u6c38\u4e45\u5730\uff1b\uff08\u95ee\u9898\u6216\u56f0\u96be\uff09\u4e0d\u65ad\u53d1\u751f\u5730\uff0c\u4e00\u76f4\u5b58\u5728\u5730", "pronounce": "[\u02c8p\u025c\u02d0m\u0259n\u0259ntli]", "sentence_en": "She had decided to settle permanently in France.", "sentence_zh": "\u5979\u5df2\u7ecf\u51b3\u5b9a\u6c38\u4e45\u5b9a\u5c45\u6cd5\u56fd\u3002"}, {"word": "permission", "definition": "n. \u540c\u610f\uff0c\u8bb8\u53ef\uff1b\u8bb8\u53ef\u8bc1\uff0c\u4e66\u9762\u8bb8\u53ef", "pronounce": "[p\u0259\u02c8m\u026a\u0283(\u0259)n]", "sentence_en": "She begged permission to leave.", "sentence_zh": "\u5979\u8bf7\u6c42\u5141\u8bb8\u5979\u79bb\u5f00\u3002"}, {"word": "permit", "definition": "v. \u6279\u51c6\uff0c\u8bb8\u53ef\uff1b\uff08\u4f7f\uff09\u6210\u4e3a\u53ef\u80fd\uff1b\u7834\u4f8b\u505a\uff0c\u653e\u7eb5", "pronounce": "[p\u0259\u02c8m\u026at]", "sentence_en": "Is your work permit in order?", "sentence_zh": "\u4f60\u7684\u5de5\u4f5c\u8bb8\u53ef\u8bc1\u6709\u6548\u5417\uff1f"}, {"word": "persist", "definition": "v. \u7ee7\u7eed\u5b58\u5728\uff0c\u6301\u7eed\uff1b\u575a\u6301\uff0c\u6267\u610f\uff1b\u575a\u6301\u8bf4\uff0c\u53cd\u590d\u8bf4", "pronounce": "[p\u0259\u02c8s\u026ast]", "sentence_en": "Existential questions requiring religious answers still persist.", "sentence_zh": "\u9700\u8981\u5b97\u6559\u89e3\u7b54\u7684\u751f\u547d\u95ee\u9898\u6301\u7eed\u5b58\u5728\u7740\u3002"}, {"word": "personal", "definition": "adj. \u4e2a\u4eba\u7684\uff0c\u79c1\u4eba\u7684\uff1b\u79c1\u5bc6\u7684\uff0c\u9690\u79c1\u7684\uff1b\u9488\u5bf9\u4e2a\u4eba\u7684\uff0c\u4eba\u8eab\u653b\u51fb\u7684\uff1b\u4eba\u8eab\u7684\uff0c\u8eab\u4f53\u7684\uff1b\u4eba\u9645\u7684\uff0c\u79c1\u4ea4\u7684\uff1b\u4f9b\u4e2a\u4eba\u4f7f\u7528\u7684\uff1b\u4eb2\u81ea\u7684\uff1b\u6709\u4eba\u6027\u7684\uff1b\uff08\u8bed\u6cd5\uff09\u4eba\u79f0\u7684", "pronounce": "[\u02c8p\u025c\u02d0s\u0259n(\u0259)l]", "sentence_en": "Do you have a personal trainer?", "sentence_zh": "\u4f60\u6709\u79c1\u4eba\u6559\u7ec3\u5417\uff1f"}, {"word": "personnel", "definition": "n. \uff08\u516c\u53f8\u3001\u7ec4\u7ec7\u6216\u519b\u961f\u4e2d\u7684\uff09\u5168\u4f53\u4eba\u5458\uff0c\u5458\u5de5\uff1b\u4eba\u4e8b\u90e8\u95e8", "pronounce": "[\u02ccp\u025c\u02d0s\u0259\u02c8nel]", "sentence_en": "Her first job was in personnel.", "sentence_zh": "\u5979\u7684\u7b2c\u4e00\u4efd\u5de5\u4f5c\u662f\u5728\u4eba\u4e8b\u90e8\u3002"}, {"word": "perspective", "definition": "n. \uff08\u89c2\u5bdf\u95ee\u9898\u7684\uff09\u89c6\u89d2\uff0c\u89c2\u70b9\uff1b\u900f\u89c6\uff08\u753b\uff09\u6cd5\uff1b\uff08\u51e0\u4f55\uff09\u900f\u89c6\u5173\u7cfb\uff0c\u6295\u5f71\u6bd4\u4f8b\uff1b\u6d1e\u5bdf\u529b\uff0c\u5224\u65ad\u529b\uff1b\u666f\u89c2\uff0c\u8fdc\u666f\uff1b\u89d2\u5ea6\uff1b\uff08\u58f0\u97f3\uff09\u7acb\u4f53\u6548\u679c", "pronounce": "[p\u0259\u02c8spekt\u026av]", "sentence_en": "In his art he broke the laws of scientific linear perspective.", "sentence_zh": "\u4ed6\u5728\u81ea\u5df1\u7684\u7ed8\u753b\u827a\u672f\u4e2d\u6253\u7834\u4e86\u79d1\u5b66\u7684\u76f4\u7ebf\u900f\u89c6\u6cd5\u89c4\u5f8b\u3002"}, {"word": "persuade", "definition": "v. \u8bf4\u670d\uff0c\u529d\u670d\uff1b\u4f7f\u76f8\u4fe1\uff0c\u4f7f\u4fe1\u670d\uff1b\uff08\u60c5\u5f62\uff0c\u4e8b\u4ef6\uff09\u9a71\u4f7f\uff0c\u6566\u4fc3", "pronounce": "[p\u0259\u02c8swe\u026ad]", "sentence_en": "I did my damnedest to persuade her.", "sentence_zh": "\u6211\u5df2\u7ecf\u5168\u529b\u4ee5\u8d74\u5730\u53bb\u8bf4\u670d\u5979\u4e86\u3002"}, {"word": "pessimistic", "definition": "adj. \u60b2\u89c2\u7684\uff0c\u60b2\u89c2\u4e3b\u4e49\u7684", "pronounce": "[\u02ccpes\u026a\u02c8m\u026ast\u026ak]", "sentence_en": "I think you're being far too pessimistic.", "sentence_zh": "\u6211\u89c9\u5f97\u4f60\u8fc7\u4e8e\u60b2\u89c2\u4e86\u3002"}, {"word": "pest", "definition": "n. \u5bb3\u866b\uff0c\u6709\u5bb3\u52a8\u7269\uff1b<\u975e\u6b63\u5f0f>\u8ba8\u538c\u7684\u4eba\uff08\u6216\u7269\uff09", "pronounce": "[pest]", "sentence_en": "There is no pest here.", "sentence_zh": "\u8fd9\u91cc\u6ca1\u6709\u5bb3\u866b\u3002"}, {"word": "petrol", "definition": "n. <\u82f1>\u6c7d\u6cb9\uff1b\u6df1\u84dd\u7eff\u8272", "pronounce": "[\u02c8petr\u0259l]", "sentence_en": "Petrol is a volatile substance.", "sentence_zh": "\u6c7d\u6cb9\u662f\u6325\u53d1\u6027\u7269\u8d28\u3002"}, {"word": "petroleum", "definition": "n. \u77f3\u6cb9\uff0c\u539f\u6cb9", "pronounce": "[p\u0259\u02c8tr\u0259\u028ali\u0259m]", "sentence_en": "Petroleum engineers plan and manage the extraction of oil.", "sentence_zh": "\u77f3\u6cb9\u5de5\u7a0b\u5e08\u4eec\u89c4\u5212\u5e76\u7ba1\u7406\u77f3\u6cb9\u7684\u63d0\u70bc\u3002"}, {"word": "phenomenon", "definition": "n. \u73b0\u8c61\uff1b\u6770\u51fa\u7684\u4eba\uff0c\u975e\u51e1\u7684\u4eba\uff08\u6216\u4e8b\u7269\uff09\uff1b\uff08\u54f2\u5b66\uff09\u73b0\u8c61", "pronounce": "[f\u0259\u02c8n\u0252m\u026an\u0259n]", "sentence_en": "This phenomenon piqued Dr. Morris' interest.", "sentence_zh": "\u8be5\u73b0\u8c61\u5f15\u8d77\u83ab\u91cc\u601d\u535a\u58eb\u7684\u5174\u8da3\u3002"}, {"word": "physical", "definition": "adj. \u8eab\u4f53\u7684\uff0c\u8089\u4f53\u7684\uff1b\u7269\u8d28\u7684\uff0c\u6709\u5f62\u7684\uff1b\u5916\u5f62\u7684\uff0c\u5916\u5728\u7684\uff1b\u7269\u7406\u7684\uff0c\u7269\u7406\u5b66\u7684\uff1b\u6839\u636e\u81ea\u7136\u89c4\u5f8b\u7684\uff0c\u7b26\u5408\u81ea\u7136\u6cd5\u5219\u7684\uff1b\u7c97\u66b4\u7684\uff0c\u7c97\u91ce\u7684\uff1b\u6027\u6b32\u7684\uff0c\u8089\u6b32\u7684\uff1b\uff08\u4eba\uff09\u559c\u6b22\u52a8\u624b\u52a8\u811a\u7684\uff1b\u80a2\u4f53\u6d3b\u52a8\u7684", "pronounce": "[\u02c8f\u026az\u026ak(\u0259)l]", "sentence_en": "Bob failed his physical.", "sentence_zh": "\u9c8d\u52c3\u6ca1\u6709\u901a\u8fc7\u4f53\u683c\u68c0\u67e5\u3002"}, {"word": "physician", "definition": "n. \u533b\u751f\uff0c\uff08\u5c24\u6307\uff09\u5185\u79d1\u533b\u751f\uff1b\u629a\u6170\u8005", "pronounce": "[f\u026a\u02c8z\u026a\u0283(\u0259)n]", "sentence_en": "The physician may prescribe but not administer the drug.", "sentence_zh": "\u5185\u79d1\u533b\u5e08\u53ef\u4ee5\u5f00\u5904\u65b9\u4f46\u4e0d\u53ef\u53d1\u836f\u3002"}, {"word": "physicist", "definition": "n. \u7269\u7406\u5b66\u5bb6", "pronounce": "[\u02c8f\u026az\u026as\u026ast]", "sentence_en": "He's known to be an outstanding physicist.", "sentence_zh": "\u4ed6\u88ab\u516c\u8ba4\u4e3a\u6770\u51fa\u7684\u7269\u7406\u5b66\u5bb6\u3002"}, {"word": "physics", "definition": "n. \u7269\u7406\u5b66\uff1b\u7269\u7406\u7279\u6027\uff0c\u7269\u7406\u73b0\u8c61", "pronounce": "[\u02c8f\u026az\u026aks]", "sentence_en": "Have you read this month's 'Physics World'?", "sentence_zh": "\u4f60\u770b\u8fc7\u8fd9\u4e2a\u6708\u7684\u300a\u7269\u7406\u4e16\u754c\u300b\u5417\uff1f"}, {"word": "pipeline", "definition": "n. \uff08\u5e38\u6307\u5730\u4e0b\u7684\uff09\u8f93\u9001\u7ba1\u9053\uff1b\uff08\u4f9b\u5e94\u8d27\u7269\u3001\u4fe1\u606f\u7b49\u7684\uff09\u6e20\u9053\uff0c\u9014\u5f84\uff1b\u7814\u53d1\u751f\u4ea7\u7cfb\u7edf\uff08the pipeline\uff09\uff1b\uff08\u8ba1\u7b97\u673a\uff09\u6d41\u6c34\u7ebf\uff1b\uff08\u51b2\u6d6a\u7528\u8bed\uff09\u5927\u6d6a\u7684\u7a7a\u5fc3\u90e8\u5206", "pronounce": "[\u02c8pa\u026apla\u026an]", "sentence_en": "The main pipeline supplying water was sabotaged by rebels.", "sentence_zh": "\u4e3b\u4f9b\u6c34\u7ba1\u9053\u88ab\u53db\u4e71\u5206\u5b50\u6545\u610f\u7834\u574f\u4e86\u3002"}, {"word": "polite", "definition": "adj. \u6709\u793c\u8c8c\u7684\uff0c\u5ba2\u6c14\u7684\uff1b\u793c\u8282\u6027\u7684\uff0c\u5ba2\u5957\u7684\uff1b\u4e0a\u6d41\u7684\uff0c\u6709\u6559\u517b\u7684", "pronounce": "[p\u0259\u02c8la\u026at]", "sentence_en": "We were all too polite to object.", "sentence_zh": "\u6211\u4eec\u90fd\u592a\u5ba2\u6c14\u4e86\uff0c\u6ca1\u6709\u53cd\u5bf9\u3002"}, {"word": "political", "definition": "adj. \u653f\u6cbb\uff08\u4e0a\uff09\u7684\uff0c\u653f\u5e9c\u7684\uff1b\u653f\u515a\u7684\uff0c\u515a\u6d3e\u7684\uff1b\u5bf9\u653f\u6cbb\u611f\u5174\u8da3\u7684\uff0c\u53c2\u4e0e\u653f\u6cbb\u7684\uff1b\u53cd\u653f\u5e9c\u7684\uff1b\uff08\u7ec4\u7ec7\u5185\u90e8\u4eba\u9645\u95f4\uff09\u7275\u6d89\u6743\u529b\u5173\u7cfb\u7684\uff0c\u4e89\u6743\u593a\u5229\u7684", "pronounce": "[p\u0259\u02c8l\u026at\u026ak(\u0259)l]", "sentence_en": "What is his political creed?", "sentence_zh": "\u4ed6\u7684\u653f\u6cbb\u4fe1\u4ef0\u662f\u4ec0\u4e48\uff1f"}, {"word": "politician", "definition": "n. \u4ece\u653f\u8005\uff0c\u653f\u6cbb\u5bb6\uff1b\u653f\u5ba2\uff0c\u5584\u4e8e\u73a9\u5f04\u6743\u672f\u8005", "pronounce": "[\u02ccp\u0252l\u0259\u02c8t\u026a\u0283(\u0259)n]", "sentence_en": "This is a wily politician.", "sentence_zh": "\u8fd9\u662f\u4e00\u4e2a\u72e1\u733e\u7684\u653f\u5ba2\u3002"}, {"word": "port", "definition": "n. \u6e2f\u53e3\uff0c\u907f\u98ce\u6e2f\uff1b\u53e3\u5cb8\uff0c\u6e2f\u53e3\u57ce\u5e02\uff1b\uff08\u8ba1\u7b97\u673a\uff09\u7aef\u53e3\uff0c\u63a5\u53e3\uff1b\u6ce2\u5c14\u56fe\u8461\u8404\u9152\uff08\u4ea7\u81ea\u8461\u8404\u7259\uff09\uff08=port wine\uff09\uff1b\uff08\u8239\u3001\u98de\u673a\u7b49\u7684\uff09\u8237\u95e8\uff0c\u8237\u7a97\uff1b\u5c04\u51fb\u5b54\uff0c\u67aa\u773c\uff08=gun port\uff09\uff1b\u901a\u9053\uff0c\u6392\u6c14\u53e3\uff1b<\u82cf\u683c\u5170>\u57ce\u95e8\uff0c\u57ce\u95e8\u6d1e\uff1b\uff08\u8ba1\u7b97\u673a\uff09\u79fb\u690d\uff08\u8f6f\u4ef6\uff09\uff1b<\u6587>\u59ff\u52bf\uff0c\u59ff\u6001\uff1b\uff08\u519b\uff09\u659c\u6301\u67aa\u4f4d\u7f6e\uff1b<\u6fb3\u5927\u5229\u4e9a\uff0c\u975e\u6b63\u5f0f>\u65c5\u884c\u7bb1\uff0c\u65c5\u884c\u5305", "pronounce": "[p\u0254\u02d0t]", "sentence_en": "The port is quiet and unspoiled.", "sentence_zh": "\u8fd9\u4e2a\u6e2f\u53e3\u5f88\u5b89\u9759\uff0c\u6709\u672a\u53d7\u7834\u574f\u7684\u81ea\u7136\u7f8e\u3002"}, {"word": "poise", "definition": "n. \u6c89\u7740\uff0c\u9547\u5b9a\uff1b\uff08\u4f18\u96c5\u7684\uff09\u4f53\u6001\uff0c\u59ff\u6001\uff1b<\u53e4>\u5e73\u8861\uff1b\uff08\u7269\u7406\uff09\u6cca", "pronounce": "[p\u0254\u026az]", "sentence_en": "What amazed him even more than her appearance was her poise.", "sentence_zh": "\u6bd4\u5979\u7684\u957f\u76f8\u66f4\u8ba9\u4ed6\u60ca\u8bb6\u7684\u662f\u5979\u7684\u6c89\u7740\u9547\u5b9a\u3002"}, {"word": "pour", "definition": "v. \u503e\u5012\uff0c\u5012\u51fa\uff1b\uff08\u7ed9\u2026\u2026\uff09\u659f\uff0c\u5012\uff08\u996e\u6599\u7b49\uff09\uff1b\u503e\u6cfb\uff0c\u6d8c\u6d41\uff1b\uff08\u4eba\uff0c\u7269\uff09\u63a5\u8e35\u800c\u81f3\uff0c\u7eb7\u81f3\u6c93\u6765\uff1b\uff08\u96e8\uff09\u503e\u76c6\u800c\u4e0b\uff1b\u5927\u91cf\u6ce8\u5165\uff08\u8d44\u91d1\uff09\uff0c\u6350\u732e\uff08pour sth. into\uff09\uff1b\u503e\u8bc9\uff0c\u503e\u5410\uff08pour sth. out\uff09\uff1b\u7a7f\u4e0a\uff08\u7d27\u8eab\u8863\uff09\uff08pour oneself into\uff09", "pronounce": "[p\u0254\u02d0(r)]", "sentence_en": "Will you pour the coffee?", "sentence_zh": "\u4f60\u6765\u5012\u5496\u5561\u597d\u5417\uff1f"}, {"word": "positive", "definition": "adj. \u4e50\u89c2\u7684\uff0c\u6709\u4fe1\u5fc3\u7684\uff1b\u79ef\u6781\u7684\uff0c\u5efa\u8bbe\u6027\u7684\uff1b\u8d5e\u6210\u7684\uff0c\u652f\u6301\u7684\uff1b\u786e\u4fe1\u7684\uff0c\u80af\u5b9a\u7684\uff1b<\u975e\u6b63\u5f0f>\u5b8c\u5168\u7684\uff0c\u7edd\u5bf9\u7684\uff1b\u8bc1\u636e\u786e\u51ff\u7684\uff0c\u660e\u786e\u7684\uff1b\u9633\u6027\u7684\uff1b\u826f\u597d\u7684\uff0c\u6709\u52a9\u76ca\u7684\uff1b\u6b63\u6570\u7684\uff0c\u5927\u4e8e\u96f6\u7684\uff1b\u6b63\u7535\u7684\uff0c\u6b63\u6781\u7684\uff1b\uff08\u6444\u5f71\uff09\u6b63\u7247\u7684\uff0c\u6b63\u50cf\u7684\uff1b\u8d62\u5229\u7684\uff1b\uff08\u8bed\u6cd5\uff09\uff08\u5f62\u5bb9\u8bcd\uff0c\u526f\u8bcd\uff09\u539f\u7ea7\u7684\uff1b\uff08\u4e3b\u54f2\uff09\u5b9e\u8bc1\u7684\uff0c\u5b9e\u5728\u7684\uff1b\uff08\u5360\u661f\uff09\uff08\u98ce\u5bab\uff0c\u706b\u5bab\uff09\u79ef\u6781\u7684", "pronounce": "[\u02c8p\u0252z\u0259t\u026av]", "sentence_en": "I adopted a positive outlook on life.", "sentence_zh": "\u6211\u9009\u62e9\u4e86\u4e00\u79cd\u79ef\u6781\u7684\u4eba\u751f\u89c2\u3002"}, {"word": "postpone", "definition": "v. \u63a8\u8fdf\uff0c\u5ef6\u7f13\uff1b\u628a\u2026\u2026\u653e\u5728\u6b21\u8981\u5730\u4f4d\uff1b\u628a\u2026\u2026\u653e\u5728\u540e\u9762", "pronounce": "[p\u0259\u02c8sp\u0259\u028an]", "sentence_en": "I, for one, would prefer to postpone the meeting.", "sentence_zh": "\u4e3b\u5f20\u63a8\u8fdf\u4f1a\u671f\u7684\uff0c\u6211\u5c31\u662f\u4e00\u4e2a\u3002"}, {"word": "practical", "definition": "adj. \u771f\u5b9e\u7684\uff0c\u5b9e\u9645\u7684\uff1b\uff08\u8ba1\u5212\u3001\u65b9\u6cd5\u7b49\uff09\u5207\u5b9e\u6709\u6548\u7684\uff0c\u5207\u5b9e\u53ef\u884c\u7684\uff1b\uff08\u4eba\uff09\u660e\u667a\u7684\uff0c\u52a1\u5b9e\u7684\uff1b\u5408\u9002\u7684\uff0c\u9002\u7528\u7684\uff1b\u5fc3\u7075\u624b\u5de7\u7684\uff0c\u5584\u4e8e\u5236\u4f5c\uff08\u6216\u4fee\u8865\uff09\u7684\uff1b\u51e0\u4e4e\u5b8c\u5168\u7684\uff0c\u5b9e\u9645\u4e0a\u7684", "pronounce": "[\u02c8pr\u00e6kt\u026akl]", "sentence_en": "He had a practical outlook on life.", "sentence_zh": "\u4ed6\u7684\u4eba\u751f\u89c2\u5f88\u5b9e\u9645\u3002"}, {"word": "precaution", "definition": "n. \u9884\u9632\u63aa\u65bd\uff0c\u9632\u5907\uff1b\u907f\u5b55\u63aa\u65bd\uff08precautions\uff09", "pronounce": "[pr\u026a\u02c8k\u0254\u02d0\u0283(\u0259)n]", "sentence_en": "Could he not, just as a precaution, move to a place of safety?", "sentence_zh": "\u96be\u9053\u4ed6\u4e0d\u80fd\u5c31\u5f53\u662f\u4e00\u79cd\u9632\u8303\u642c\u5230\u4e00\u4e2a\u5b89\u5168\u7684\u5730\u65b9\u53bb\u5417\uff1f"}, {"word": "precious", "definition": "adj. \u5b9d\u8d35\u7684\uff0c\u73cd\u8d35\u7684\uff1b\u73cd\u89c6\u7684\uff0c\u91cd\u8981\u7684\uff1b\u73cd\u7a00\u7684\uff0c\u73cd\u5947\u7684\uff1b<\u975e\u6b63\u5f0f>\uff08\u8868\u793a\u6c14\u6124\uff09\u5b9d\u8d1d\u4f3c\u7684\uff1b\uff08\u8a00\u884c\uff09\u77eb\u63c9\u9020\u4f5c\u7684\uff0c\u8fc7\u5206\u8bb2\u7a76\u7684\uff1b<\u7f8e\uff0c\u975e\u6b63\u5f0f>\u53ef\u7231\u7684\uff0c\u8ba8\u4eba\u559c\u6b22\u7684", "pronounce": "[\u02c8pre\u0283\u0259s]", "sentence_en": "You're wasting precious time!", "sentence_zh": "\u4f60\u5728\u6d6a\u8d39\u5b9d\u8d35\u7684\u65f6\u95f4\uff01"}, {"word": "predict", "definition": "v. \u9884\u8a00\uff0c\u9884\u8ba1\uff0c\u9884\u535c", "pronounce": "[pr\u026a\u02c8d\u026akt]", "sentence_en": "It is impossible to predict what will happen.", "sentence_zh": "\u9884\u77e5\u672a\u6765\u7684\u4e8b\u662f\u4e0d\u53ef\u80fd\u7684\u3002"}, {"word": "preface", "definition": "n. \uff08\u4e66\u7684\uff09\u524d\u8a00\uff0c\uff08\u6f14\u8bb2\u7684\uff09\u5f00\u573a\u767d\uff1b\u5f00\u7aef\uff0c\u5e8f\u5e55\uff1b\uff08\u57fa\u7763\u6559\uff09\u5e8f\u7977\uff0c\u5e8f\u8bf5", "pronounce": "[\u02c8pref\u0259s]", "sentence_en": "The preface of the book includes an account of the author's life.", "sentence_zh": "\u8be5\u4e66\u524d\u8a00\u8bb0\u8ff0\u4e86\u4f5c\u8005\u751f\u5e73\u3002"}, {"word": "preferable", "definition": "adj. \u66f4\u597d\u7684\uff0c\u66f4\u5408\u9002\u7684", "pronounce": "[\u02c8prefr\u0259b(\u0259)l]", "sentence_en": "Prevention of a problem is always preferable to trying to cure it.", "sentence_zh": "\u9632\u6b62\u51fa\u73b0\u95ee\u9898\u603b\u662f\u6bd4\u8bd5\u56fe\u89e3\u51b3\u95ee\u9898\u66f4\u53ef\u53d6\u3002"}, {"word": "preference", "definition": "n. \u504f\u7231\uff0c\u504f\u597d\uff1b\u66f4\u559c\u6b22\u7684\u4eba\uff08\u6216\u7269\uff09\uff1b\u4f18\u5f85\uff0c\u4f18\u5148\uff08\u6743\uff09\uff1b<\u6cd5\u5f8b>\uff08\u5c24\u6307\u503a\u52a1\u507f\u4ed8\uff09\u4f18\u5148\u507f\u8fd8\u6743", "pronounce": "[\u02c8prefr\u0259ns]", "sentence_en": "I can't say that I have any particular preference.", "sentence_zh": "\u6211\u8bf4\u4e0d\u51fa\u81ea\u5df1\u6709\u4ec0\u4e48\u7279\u522b\u504f\u597d\u3002"}, {"word": "prejudice", "definition": "n. \u504f\u89c1\uff0c\u6210\u89c1\uff0c\u6b67\u89c6\uff1b<\u6cd5\u5f8b>\u635f\u5bb3\uff0c\u4fb5\u5bb3", "pronounce": "[\u02c8pred\u0292\u0259d\u026as]", "sentence_en": "I try to rise above prejudice.", "sentence_zh": "\u6211\u5c3d\u529b\u6446\u8131\u504f\u89c1\u3002"}, {"word": "prescribe", "definition": "v.  \u7ed9\u2026\u2026\u5f00\uff08\u836f\uff09\uff0c\u8ba9\u2026\u2026\u91c7\u7528\uff08\u7597\u6cd5\uff09\uff1b\u5f00\u5904\u65b9\uff1b\u89c4\u5b9a\uff0c\u547d\u4ee4\uff1b\u5236\u5b9a\u89c4\u5b9a\uff1b\u63a8\u8350\uff0c\u63a8\u4e3e", "pronounce": "[pr\u026a\u02c8skra\u026ab]", "sentence_en": "The physician may prescribe but not administer the drug.", "sentence_zh": "\u5185\u79d1\u533b\u5e08\u53ef\u4ee5\u5f00\u5904\u65b9\u4f46\u4e0d\u53ef\u53d1\u836f\u3002"}, {"word": "preserve", "definition": "v. \u4fdd\u62a4\uff0c\u7ef4\u62a4\uff1b\u4fdd\u6301\uff0c\u7ef4\u6301\uff1b\u814c\u5236\uff0c\u4fdd\u5b58\uff08\u98df\u7269\uff09\uff1b\u7981\u6b62\u4ed6\u4eba\u6355\u730e", "pronounce": "[pr\u026a\u02c8z\u025c\u02d0v]", "sentence_en": "We need to preserve the forest.", "sentence_zh": "\u6211\u4eec\u9700\u8981\u4fdd\u62a4\u68ee\u6797\u3002"}, {"word": "prevent", "definition": "v. \u963b\u6b62\uff0c\u963b\u788d\uff1b\u9632\u6b62\uff0c\u9884\u9632\uff1b\u8bbe\u7f6e\u969c\u788d", "pronounce": "[pr\u026a\u02c8vent]", "sentence_en": "These methods prevent pregnancy.", "sentence_zh": "\u8fd9\u4e9b\u65b9\u6cd5\u9884\u9632\u6000\u5b55\u3002"}, {"word": "previous", "definition": "adj. \u4ee5\u524d\u7684\uff0c\u5148\u524d\u7684\uff1b\uff08\u65f6\u95f4\u6216\u987a\u5e8f\u4e0a\uff09\u7a0d\u524d\u7684\uff1b<\u975e\u6b63\u5f0f>\u8fc7\u65e9\u7684\uff0c\u8fc7\u6025\u7684", "pronounce": "[\u02c8pri\u02d0vi\u0259s]", "sentence_en": "Her previous calm gave way to terror.", "sentence_zh": "\u5979\u5148\u524d\u7684\u6cf0\u7136\u81ea\u82e5\u5df2\u53d8\u4e3a\u60ca\u6050\u3002"}, {"word": "previously", "definition": "adv. \u4ee5\u524d\u5730\uff0c\u5148\u524d\u5730", "pronounce": "[\u02c8pri\u02d0vi\u0259sli]", "sentence_en": "His statement ran athwart what was previously said.", "sentence_zh": "\u4ed6\u8bb2\u7684\u8bdd\u4e0e\u5148\u524d\u6240\u8bf4\u7684\u76f8\u62b5\u89e6\u3002"}, {"word": "primarily", "definition": "adv. \u4e3b\u8981\u5730\uff0c\u9996\u8981\u5730\uff0c\u6839\u672c\u5730", "pronounce": "[pra\u026a\u02c8mer\u0259li]", "sentence_en": "As ever, the meals are primarily fish-based.", "sentence_zh": "\u50cf\u5f80\u5e38\u90a3\u6837\uff0c\u9910\u9910\u4ee5\u9c7c\u7c7b\u4e3a\u4e3b\u3002"}, {"word": "primary", "definition": "adj. \u4e3b\u8981\u7684\uff0c\u9996\u8981\u7684\uff1b<\u82f1>\u5c0f\u5b66\u6559\u80b2\u7684\uff0c\u521d\u7ea7\u6559\u80b2\u7684\uff1b\u521d\u7ea7\u7684\uff0c\u539f\u53d1\u6027\u7684\uff1b\u6700\u57fa\u672c\u7684\uff0c\u6700\u6839\u672c\u7684\uff1b\u7b2c\u4e00\u624b\u7684\uff0c\u76f4\u63a5\u7684\uff1b\uff08\u6709\u673a\u5316\u5408\u7269\uff09\u8fde\u4e0a\u4e00\u4e2a\u78b3\u539f\u5b50\u7684\uff1b\uff08\u591a\u6307\u80fa\uff09\uff08\u6c28\u57fa\u9178\u987a\u5e8f\uff09\u4e00\u7ea7\u7684", "pronounce": "[\u02c8pra\u026am\u0259ri]", "sentence_en": "We turn now to our primary question.", "sentence_zh": "\u6211\u4eec\u73b0\u5728\u8f6c\u5230\u6211\u4eec\u7684\u4e3b\u8981\u95ee\u9898\u4e0a\u3002"}, {"word": "prime", "definition": "adj. \u4e3b\u8981\u7684\uff0c\u9996\u8981\u7684\uff1b\u4f18\u8d28\u7684\uff0c\u7b2c\u4e00\u6d41\u7684\uff1b\u6700\u53ef\u80fd\u7684\uff0c\u6700\u9002\u5408\u7684\uff1b\u6700\u7406\u60f3\u7684\uff0c\u6700\u5178\u578b\u7684\uff1b\u6700\u521d\u7684\uff0c\u539f\u59cb\u7684\uff1b\u7d20\uff08\u6216\u8d28\uff09\u6570\u7684\uff08\u59822\uff0c3\uff0c5\uff0c7\uff0c11\uff09\uff1b\u4e92\u4e3a\u7d20\u6216\u8d28\u6570\u7684", "pronounce": "[pra\u026am]", "sentence_en": "The Prime Minister was in ebullient mood.", "sentence_zh": "\u9996\u76f8\u5174\u81f4\u52c3\u52c3\u3002"}, {"word": "primitive", "definition": "adj. \u539f\u59cb\u7684\uff0c\u8fdc\u53e4\u7684\uff1b\uff08\u5668\u7269\u7b49\uff09\u7c97\u7cd9\u7684\uff0c\u7b80\u964b\u7684\uff1b\uff08\u4eba\u3001\u52a8\u7269\u6216\u690d\u7269\u53d1\u5c55\uff09\u65e9\u671f\u7684\uff1b\uff08\u884c\u4e3a\uff0c\u601d\u60f3\uff0c\u60c5\u611f\uff09\u672c\u80fd\u7684\uff0c\u81ea\u7136\u7684\uff1b\uff08\u827a\u672f\u98ce\u683c\uff09\u6734\u5b9e\u65e0\u534e\u7684\uff1b\u539f\u6765\u7684\uff0c\u539f\u6709\u7684\uff1b\uff08\u8bed\u8a00\u5b66\uff09\u6839\u8bcd\u7684\uff0c\u975e\u6d3e\u751f\u7684\uff1b\uff08\u6570\uff09\uff08\u4ee3\u6570\u6216\u51e0\u4f55\u8868\u8fbe\u5f0f\uff09\u672c\u539f\u7684\uff1b\uff08\u751f\uff09\u539f\u751f\u7684", "pronounce": "[\u02c8pr\u026am\u0259t\u026av]", "sentence_en": "Duffy's primitive guitar playing is well below par.", "sentence_zh": "\u8fbe\u83f2\u7b80\u5355\u7684\u5409\u4ed6\u6f14\u594f\u8fdc\u8fdc\u4f4e\u4e8e\u9884\u671f\u7684\u6807\u51c6\u3002"}, {"word": "profession", "definition": "n. \uff08\u5c24\u6307\u9700\u8981\u957f\u671f\u8bad\u7ec3\u548c\u6b63\u89c4\u8d44\u683c\u7684\uff09\u804c\u4e1a\uff1b\uff08\u67d0\uff09\u804c\u4e1a\u754c\u540c\u884c\uff0c\u540c\u4e1a\uff1b\uff08\u7edf\u79f0\uff0c\u6307\u9700\u8981\u8f83\u9ad8\u6559\u80b2\u6c34\u5e73\u7684\uff09\u804c\u4e1a\uff08the professions\uff09\uff1b\uff08\u4fe1\u5ff5\u3001\u89c2\u70b9\u6216\u611f\u60c5\u7684\uff09\u516c\u5f00\u8868\u793a\uff0c\u8868\u767d\uff1b\u5165\u6559\u8a93\u8a00\uff0c\u4fee\u9053\u8a93\u7ea6\uff1b\u5165\u6559\u4eea\u5f0f\uff0c\u5165\u6559", "pronounce": "[pr\u0259\u02c8fe\u0283n]", "sentence_en": "They're both doctors by profession.", "sentence_zh": "\u4ed6\u4eec\u4e24\u4eba\u7684\u804c\u4e1a\u90fd\u662f\u533b\u751f\u3002"}, {"word": "professional", "definition": "adj. \u804c\u4e1a\u7684\uff0c\u4e13\u4e1a\u7684\uff1b\u975e\u5e38\u5185\u884c\u7684\uff0c\u6781\u4e3a\u79f0\u804c\u7684\uff1b\uff08\u4eba\uff09\u804c\u4e1a\u6027\u7684\uff0c\u975e\u4e1a\u4f59\u7684\uff1b\u7531\u804c\u4e1a\u4eba\u5458\u53c2\u52a0\u7684\uff1b<\u975e\u6b63\u5f0f\uff0c\u8d2c>\uff08\u4eba\uff09\u575a\u6301\u67d0\u79cd\u6d3b\u52a8\u7279\u5f81\uff08\u6216\u7279\u70b9\uff09\u7684", "pronounce": "[pr\u0259\u02c8fe\u0283\u0259n(\u0259)l]", "sentence_en": "He decided to turn professional.", "sentence_zh": "\u4ed6\u51b3\u5b9a\u8f6c\u4e3a\u804c\u4e1a\u4eba\u5458\u3002"}, {"word": "professor", "definition": "n. \u6559\u6388\uff1b<\u7f8e>\uff08\u5927\u5b66\u7684\uff09\u8bb2\u5e08\uff0c\u6559\u5458\uff1b\u4fe1\u4ef0\u8868\u793a\u8005\uff0c\u5ba3\u79f0\u4fe1\u4ef0\u8005", "pronounce": "[pr\u0259\u02c8fes\u0259(r)]", "sentence_en": "His grandfather was a professor.", "sentence_zh": "\u4ed6\u7237\u7237\u66fe\u662f\u4f4d\u6559\u6388\u3002"}, {"word": "progress", "definition": "n. \u8fdb\u6b65\uff0c\u8fdb\u5c55\uff1b\u524d\u8fdb\uff0c\u884c\u8fdb\uff1b\uff08\u793e\u4f1a\u7684\uff09\u8fdb\u6b65", "pronounce": "[\u02c8pr\u0259\u028a\u0261res]", "sentence_en": "Progress is maddeningly slow.", "sentence_zh": "\u8fdb\u5c55\u6162\u5f97\u4ee4\u4eba\u5fc3\u70e6\u3002"}, {"word": "progressive", "definition": "adj. \u8fdb\u6b65\u7684\uff0c\u5148\u8fdb\u7684\uff1b\u9010\u6b65\u53d1\u751f\u7684\uff0c\u9010\u6b65\u53d1\u5c55\u7684\uff1b\u5411\u524d\u79fb\u52a8\u7684\uff1b\uff08\u97f3\u4e50\uff09\u73b0\u4ee3\u7684\uff0c\u65b0\u6f6e\u7684\uff1b\uff08\u7a0e\u5236\uff0c\u7a0e\u79cd\uff09\u7d2f\u8fdb\u7684\uff1b\uff08\u52a8\u8bcd\uff09\u8fdb\u884c\u5f0f\u7684\uff1b\uff08\u7eb8\u724c\u6e38\u620f\uff0c\u821e\u8e48\uff09\u642d\u6863\u8f6e\u6362\u7684", "pronounce": "[pr\u0259\u02c8\u0261res\u026av]", "sentence_en": "One prominent symptom of the disease is progressive loss of memory.", "sentence_zh": "\u8fd9\u79cd\u75c5\u7684\u4e00\u4e2a\u7a81\u51fa\u75c7\u72b6\u662f\u8bb0\u5fc6\u7684\u9010\u6b65\u4e27\u5931\u3002"}, {"word": "prominent", "definition": "adj. \u91cd\u8981\u7684\uff0c\u8457\u540d\u7684\uff1b\u663e\u773c\u7684\uff0c\u7a81\u51fa\u7684\uff1b\u7a81\u8d77\u7684\uff0c\u9ad8\u8038\u7684", "pronounce": "[\u02c8pr\u0252m\u026an\u0259nt]", "sentence_en": "He had an angular face with prominent cheekbones.", "sentence_zh": "\u4ed6\u6709\u4e00\u5f20\u98a7\u9aa8\u7a81\u51fa\u3001\u68f1\u89d2\u5206\u660e\u7684\u8138\u3002"}, {"word": "promise", "definition": "v. \u627f\u8bfa\uff0c\u4fdd\u8bc1\uff1b\u4f7f\u5f88\u53ef\u80fd\uff0c\u9884\u793a\uff1b\u6307\u671b\uff0c\u671f\u5f85\uff08promoise oneself\uff09\uff1b<\u53e4>\u628a\uff08\u67d0\u4eba\uff0c\u5c24\u6307\u5973\u4eba\uff09\u8bb8\u914d\u7ed9\uff1b\u6709\u6307\u671b\uff0c\u6709\u524d\u9014", "pronounce": "[\u02c8pr\u0252m\u026as]", "sentence_en": "I'll call you back, I promise.", "sentence_zh": "\u6211\u4f1a\u7ed9\u4f60\u56de\u7535\u8bdd\u7684\uff0c\u6211\u4fdd\u8bc1\u3002"}, {"word": "promising", "definition": "adj. \u6709\u5e0c\u671b\u7684\uff0c\u6709\u524d\u9014\u7684", "pronounce": "[\u02c8pr\u0252m\u026as\u026a\u014b]", "sentence_en": "He was voted most promising new director.", "sentence_zh": "\u4ed6\u5f53\u9009\u4e3a\u6700\u6709\u524d\u9014\u7684\u65b0\u5bfc\u6f14\u3002"}]